Workbook

Sheet 대시보드
A1: 통합 이커머스 매출 및 재고 관리 시스템 (Mini-ERP)
A3: 📊 주요 KPI | F3: 📊 채널별 성과
A5: 지표 | B5: 금액/값 | C5: 목표 | D5: 상태 | F5: 채널 | G5: 매출액 | H5: 비중
A6: 총 매출액 (VAT제외) | B6: =SUM(손익분석!J:J) -> 1.269106e+08 | C6: 50000000 | D6: =IF(B6>=C6,"✅ 달성","🔺 미달") -> ✅ 달성 | F6: SK스토아 | G6: =SUMIF(손익분석!A:A,"SK스토아",손익분석!J:J) -> 94332145 | H6: =IF($G$10=0,0,G6/$G$10) -> 0.98856483
A7: 공헌이익 | B7: =SUM(손익분석!M:M) -> 50148218 | F7: 네이버 | G7: =SUMIF(손익분석!A:A,"네이버",손익분석!J:J) -> 94000 | H7: =IF($G$10=0,0,G7/$G$10) -> 0.00098508407
A8: 공헌이익률 | B8: =IF(B6=0,0,B7/B6) -> 0.39514602 | C8: 0.1 | D8: =IF(B8>=C8,"✅ 달성","🔺 미달") -> ✅ 달성 | F8: 쿠팡 | G8: =SUMIF(손익분석!A:A,"쿠팡",손익분석!J:J) -> 705727.27 | H8: =IF($G$10=0,0,G8/$G$10) -> 0.0073957521
A9: 재고 알람 건수 | B9: =COUNTIF(재고현황!G:G,"*발주필요*") -> 0 | C9: 0건 | D9: =IF(B9=0,"✅ 정상","⚠️ 확인필요") -> ✅ 정상 | F9: 카카오+리씨크 | G9: =SUMIF(손익분석!A:A,"카카오",손익분석!J:J)+SUMIF(손익분석!A:A,"리씨크",손익분석!J:J) -> 291454.55 | H9: =IF($G$10=0,0,G9/$G$10) -> 0.0030543322
A10: 총 판매건수 | B10: =COUNTA(정규화데이터!A:A)-1 -> 1544 | C10: - | F10: 합계 | G10: =SUM(G6:G9) -> 95423327 | H10: =SUM(H6:H9) -> 1
A11: 데이터 기간 | B11: 2026-02-04 ~ 2026-02-05 | F11: 데이터 흐름 | G11: 금액
A13: 📅 기간별 매출 조회 | F13: 1단계: 매출(VAT제외) | G13: =SUM(손익분석!J:J) -> 1.269106e+08
F14: 2단계: 변동비(총원가) | G14: =SUM(손익분석!L:L) -> 76762382
A15: 조회 기간 선택 | B15: 일별 | F15: 3단계: 공헌이익 | G15: =SUM(손익분석!M:M) -> 50148218 | H15: 매출 - 변동비
A16: 조회할 날짜 입력 | B16: 20260210 | C16: (예: 20260204) | F16: 공헌이익률 | G16: =IF(G13=0,0,G15/G13) -> 0.39514602
A18: 일별 매출 | B18: 금액 | C18: 건수 | D18: 공헌이익
A19: 46057 | B19: =SUMIFS(손익분석!J:J,손익분석!B:B,">="&B16&"000000",손익분석!B:B,"<="&B16&"999999") -> 41454636 | C19: =COUNTIFS(손익분석!B:B,">="&B16&"000000",손익분석!B:B,"<="&B16&"999999") -> 388 | D19: =SUMIFS(손익분석!M:M,손익분석!B:B,">="&B16&"000000",손익분석!B:B,"<="&B16&"999999") -> 17532692
A21: 조회 기간 선택 | B21: 월별
A22: 조회할 월 입력 | B22: 202602 | C22: (예: 202602)
A23: 월별 매출 | B23: 금액 | C23: 건수 | D23: 공헌이익
A24: 2026-02 | B24: =SUMIFS(손익분석!J:J,손익분석!B:B,">="&B22&"00000000",손익분석!B:B,"<="&B22&"99999999") -> 94332145 | C24: =COUNTIFS(손익분석!B:B,">="&B22&"00000000",손익분석!B:B,"<="&B22&"99999999") -> 880 | D24: =SUMIFS(손익분석!M:M,손익분석!B:B,">="&B22&"00000000",손익분석!B:B,"<="&B22&"99999999") -> 39692949
A52: Layer | B52: Component | C52: Description
A53: 1. 입력층 | B53: Raw_SK | C53: 채널 원본 데이터 (CSV/Excel 직접 입력)
B54: Product_Master | C54: 자사 SKU, 원가, 재고 마스터
B55: Channel_Mapping | C55: 채널코드 ↔ 자사SKU 매핑 테이블
A56: 2. 처리층 | B56: Normalized_Data | C56: 표준 스키마로 정규화 (VLOOKUP 자동 매핑)
B57: Inventory_Status | C57: 재고 차감 엔진 (SUMIF 기반)
B58: PnL_Analysis | C58: 손익 계산 엔진 (공헌이익/영업이익)
A59: 3. 출력층 | B59: Dashboard | C59: KPI 시각화 및 알람
B60: Reports | C60: 채널별/SKU별 분석 리포트
A62: 🚀 확장 가이드
A64: 확장 항목 | B64: 구현 방법 | C64: 난이도
A65: 네이버/쿠팡 추가 | B65: 1) Raw_Naver, Raw_Coupang 시트 생성 | C65: ⭐ 쉬움
B66: 2) Channel_Mapping에 해당 채널 코드 추가
B67: 3) Normalized_Data 수식에서 해당 시트 참조 추가
A68: Power Query 자동화 | B68: 폴더 감시 → 자동 데이터 로드 구현 | C68: ⭐⭐ 중간
A69: VBA 버튼 추가 | B69: "데이터 새로고침" 버튼으로 전체 갱신 | C69: ⭐⭐ 중간
A70: 차트/피벗 추가 | B70: PnL_Analysis 데이터로 차트/피벗테이블 생성 | C70: ⭐ 쉬움
A72: ✅ 시스템 구축 완료
A74: 구축된 기능 | B74: 상태 | C74: 비고
A75: ✓ 제품 마스터 데이터 | B75: ✅ 완료 | C75: 10개 샘플 SKU 등록됨
A76: ✓ 채널 매핑 시스템 | B76: ✅ 완료 | C76: SK스토아 5개 상품 매핑됨
A77: ✓ 데이터 정규화 엔진 | B77: ✅ 완료 | C77: VLOOKUP 기반 자동 변환
A78: ✓ 재고 관리 시스템 | B78: ✅ 완료 | C78: 실시간 차감 및 알람 기능
A79: ✓ P&L 분석 엔진 | B79: ✅ 완료 | C79: 공헌이익/영업이익 자동계산
A80: ✓ KPI 대시보드 | B80: ✅ 완료 | C80: 매출, 이익률, 재고알람 표시
A81: ✓ 사용 가이드 문서 | B81: ✅ 완료 | C81: 단계별 가이드 및 수식 설명
A83: 📊 현재 시스템 상태 (샘플 데이터 기준)
A85: 항목 | B85: 수량/금액 | C85: 설명 | F85: 🔍 빠른 참조
A86: 등록된 SKU | B86: 10개 | C86: 제품마스터에 등록 | F86: 클릭하면 해당 시트로 이동:
A87: 매핑된 상품 | B87: 5개 | C87: SK스토아 → 자사SKU 매핑 | F87: → 제품마스터 | G87: SKU 관리
A88: 처리된 주문 | B88: =COUNTA(원본데이터_SK!A:A)-1 -> 880 | C88: 실제 SK스토아 데이터 | F88: → 원본데이터_SK | G88: 데이터 입력
A89: 총 매출액 | B89: =손익분석!B596 -> 20260210361070 | C89: 실정산금액 기준 | F89: → 재고현황 | G89: 재고 확인
A90: 총 공헌이익 | B90: =손익분석!B598 -> 20260210361990 | C90: 매출 - 원가 | F90: → 손익분석 | G90: 손익 분석
A91: 공헌이익률 | B91: =손익분석!C598 -> [워커힐]워커힐 고메 시그니처 양념 본갈비 8팩 | C91: 이익 / 매출
A92: 🎉 시스템이 한국어로 완전히 변환되었습니다! 현재 실제 SK스토아 데이터 599건이 처리 중입니다.

Sheet 제품마스터
A1: 자사 SKU | B1: 제품명 | C1: 카테고리 | D1: 매입원가 | E1: 기초재고 | F1: 안전재고 | G1: 물류사 | H1: 브랜드 | I1: 출시일 | J1: 중량 | K1: 보관온도 | L1: 소비기한 | M1: 식품유형 | N1: 면/과세 | O1: 품목바코드 | P1: 제조원가 | Q1: 로얄티 | R1: 상품원가 | S1: 유통전문판매원 | T1: 제조사 | U1: 물류지 | V1: 발주리드타임 | W1: 입수 | X1: 적재수/1PLT | Y1: 제품규격_가로 | Z1: 제품규격_세로 | AA1: 제품규격_높이 | AB1: MOQ
A2: SKU001 | B2: [워커힐] 시그니처 양념갈비 300G | C2: 양념육 | D2: 7687 | E2: 25000 | F2: 5000 | G2: 주식회사 정인 | H2: 워커힐 | I2: 01월 30일 | J2: 300g | K2: 냉동 | L2: 제조일로부터 1년 | M2: 양념육(비살균제품) | N2: 과세 | O2: 8800286500186 | P2: 7300 | Q2: 387 | R2: 7687 | S2: SK네트웍스ⓚSC워커힐 | T2: 주식회사 미더스 | U2: 주식회사 정인 | V2: 4주 | W2: 30 | X2: 42 | Y2: 164 | Z2: 214 | AA2: 30

Sheet 채널매핑
A1: 채널명 | B1: 채널상품코드 | C1: 채널상품명 | D1: 자사SKU | E1: 세트수량 (1세트당 SKU 개수) | F1: 매핑일자 | G1: 📝 세트 수량 설명
A2: SK스토아 | B2: 58999583 | C2: [워커힐]워커힐 고메 시그니처 양념 본갈비 8팩 | D2: SKU001 | E2: 8 | F2: 45306 | G2: 예시: | H2: SK스토아에서 1세트 판매 = 자샊SKU 8개 소비
A3: SK스토아 | B3: 58481090 | C3: [워커힐]워커힐 고메 시그니처 양념 본갈비 8팩 | D3: SKU001 | E3: 8 | F3: 45306 | G3: 설정: | H3: E열에 8 입력
A4: SK스토아 | B4: 59163204 | C4: [워커힐]워커힐 시그니처 양념 본갈비 4팩 | D4: SKU001 | E4: 4 | G4: 결과: | H4: 채널에서 2세트 판매 → 재고 16개 차감
A5: 쿠팡 | B5: 쿠팡_미지정 | C5: 워커힐 시그니처 양념 본갈비 300g | D5: SKU001 | E5: 1
A6: 네이버 | B6: A1 | C6: 워커힐 시그니처 양념 본갈비 300g, 1개 | D6: SKU001 | E6: 1 | G6: 채널별 판매 수수료율 입력 | H6: 1 (단품 판매)
A7: 네이버 | B7: A2 | C7: 워커힐 시그니처 양념 본갈비 300g, 2개 | D7: SKU001 | E7: 2 | G7: 파란색 = 사용자 입력 필수 | H7: 1세트당 포함된 SKU 개수 입력
A8: 카카오 | B8: A1 | C8: 워커힐 시그니처 양념 본갈비 300g, 1개 | D8: SKU001 | E8: 1 | G8: ⚠️ 주의: | H8: 파란색 = 수동 입력 필수
A9: 리씽크 | B9: 143790 | C9: 워커힐 본갈비 3+1 최초❤️5만원대! 총1.2kg | D9: SKU001 | E9: 4
A10: 리씽크 | B10: 143812 | C10: 워커힐 본갈비 추가구매 | D10: SKU001 | E10: 2
A11: 쿠팡(기본) | B11: DEFAULT | C11: 워커힐 시그니처 양념 본갈비 300g (기본) | D11: SKU001 | E11: 1

Sheet 원본데이터_SK
A1: No | B1: 업체코드 | C1: 업체명 | D1: 주문번호 | E1: 고객명 | F1: 상품코드 | G1: 소싱매체 | H1: 상품명 | I1: 단품코드 | J1: 단품명 | K1: 결제방법 | L1: 과세여부 | M1: 완료일 | N1: 배송상태 | O1: 판매가 | P1: 매입가 | Q1: 배송수량 | R1: 할인프로모션(업체) | S1: 쿠폰할인(업체) | T1: ARS할인(업체) | U1: 일시불할인(업체) | V1: 등급할인(업체) | W1: 수수료율 | X1: 할인프로모션(당사) | Y1: 쿠폰할인(당사) | Z1: ARS할인(당사) | AA1: 일시불할인(당사) | AB1: 등급할인(당사) | AC1: 판매가 기준 주문금액 | AD1: 매입가 기준 주문금액 | AE1: 업체프로모션 | AF1: 당사프로모션 | AG1: 고객결제금액 | AH1: 벤더사지급대금 | AI1: 위수탁수수료(공급가) | AJ1: 위수탁수수료(세액) | AK1: 위수탁수수료(합계)
A2: 1 | B2: 133329 | C2: 주식회사 로가온 | D2: 20260204818446 | E2: 이*진 | F2: 58481090 | G2: 방송 | H2: [워커힐]워커힐 고메 시그니처 양념 본갈비 8팩 | I2: 001 | J2: 없음 | K2: 신용카드 | L2: 과세 | M2: 2026-02-06 | N2: 배송완료 | O2: 119000 | P2: 82110 | Q2: 1 | R2: 0 | S2: 0 | T2: 0 | U2: 0 | V2: 0 | W2: 31 | X2: 0 | Y2: 10000 | Z2: 0 | AA2: 0 | AB2: 0 | AC2: 119000 | AD2: 82110 | AE2: 0 | AF2: 10000 | AG2: 109000 | AH2: 82110 | AI2: 24445 | AJ2: 2445 | AK2: 26890
A3: 2 | B3: 133329 | C3: 주식회사 로가온 | D3: 20260204842609 | E3: 이*희 | F3: 58481090 | G3: 방송 | H3: [워커힐]워커힐 고메 시그니처 양념 본갈비 8팩 | I3: 001 | J3: 없음 | K3: 신용카드 | L3: 과세 | M3: 2026-02-06 | N3: 배송완료 | O3: 119000 | P3: 82110 | Q3: 1 | R3: 0 | S3: 0 | T3: 0 | U3: 0 | V3: 0 | W3: 31 | X3: 0 | Y3: 15000 | Z3: 0 | AA3: 0 | AB3: 5200 | AC3: 119000 | AD3: 82110 | AE3: 0 | AF3: 20200 | AG3: 98800 | AH3: 82110 | AI3: 15173 | AJ3: 1517 | AK3: 16690
A4: 3 | B4: 133329 | C4: 주식회사 로가온 | D4: 20260205994554 | E4: 유*진 | F4: 58481090 | G4: 방송 | H4: [워커힐]워커힐 고메 시그니처 양념 본갈비 8팩 | I4: 001 | J4: 없음 | K4: 신용카드 | L4: 과세 | M4: 2026-02-06 | N4: 회수확정 | O4: 119000 | P4: 82110 | Q4: -1 | R4: 0 | S4: 0 | T4: 0 | U4: 0 | V4: 0 | W4: 31 | X4: 0 | Y4: 0 | Z4: 0 | AA4: 0 | AB4: -5950 | AC4: -119000 | AD4: -82110 | AE4: 0 | AF4: -5950 | AG4: -113050 | AH4: -82110 | AI4: -28127 | AJ4: -2813 | AK4: -30940
A5: 4 | B5: 133329 | C5: 주식회사 로가온 | D5: 20260205994554 | E5: 유*진 | F5: 58481090 | G5: 방송 | H5: [워커힐]워커힐 고메 시그니처 양념 본갈비 8팩 | I5: 001 | J5: 없음 | K5: 신용카드 | L5: 과세 | M5: 2026-02-06 | N5: 배송완료 | O5: 119000 | P5: 82110 | Q5: 1 | R5: 0 | S5: 0 | T5: 0 | U5: 0 | V5: 0 | W5: 31 | X5: 0 | Y5: 0 | Z5: 0 | AA5: 0 | AB5: 5950 | AC5: 119000 | AD5: 82110 | AE5: 0 | AF5: 5950 | AG5: 113050 | AH5: 82110 | AI5: 28127 | AJ5: 2813 | AK5: 30940
A6: 5 | B6: 133329 | C6: 주식회사 로가온 | D6: 20260205974443 | E6: 최*민 | F6: 58999583 | G6: 방송 | H6: [워커힐]워커힐 고메 시그니처 양념 본갈비 8팩 | I6: 001 | J6: 없음 | L6: 과세 | M6: 2026-02-06 | N6: 배송완료 | O6: 119000 | P6: 82110 | Q6: 1 | R6: 0 | S6: 0 | T6: 0 | U6: 0 | V6: 0 | W6: 31 | X6: 0 | Y6: 0 | Z6: 0 | AA6: 0 | AB6: 0 | AC6: 119000 | AD6: 82110 | AE6: 0 | AF6: 0 | AG6: 119000 | AH6: 82110 | AI6: 33536 | AJ6: 3354 | AK6: 36890
A7: 6 | B7: 133329 | C7: 주식회사 로가온 | D7: 20260204816757 | E7: 최*수 | F7: 58999583 | G7: 방송 | H7: [워커힐]워커힐 고메 시그니처 양념 본갈비 8팩 | I7: 001 | J7: 없음 | L7: 과세 | M7: 2026-02-06 | N7: 배송완료 | O7: 119000 | P7: 82110 | Q7: 1 | R7: 0 | S7: 0 | T7: 0 | U7: 0 | V7: 0 | W7: 31 | X7: 0 | Y7: 0 | Z7: 0 | AA7: 0 | AB7: 0 | AC7: 119000 | AD7: 82110 | AE7: 0 | AF7: 0 | AG7: 119000 | AH7: 82110 | AI7: 33536 | AJ7: 3354 | AK7: 36890
A8: 7 | B8: 133329 | C8: 주식회사 로가온 | D8: 20260204838783 | E8: 주* | F8: 58999583 | G8: 방송 | H8: [워커힐]워커힐 고메 시그니처 양념 본갈비 8팩 | I8: 001 | J8: 없음 | K8: 신용카드 | L8: 과세 | M8: 2026-02-06 | N8: 배송완료 | O8: 119000 | P8: 82110 | Q8: 1 | R8: 0 | S8: 0 | T8: 0 | U8: 0 | V8: 0 | W8: 31 | X8: 17850 | Y8: 0 | Z8: 0 | AA8: 0 | AB8: 0 | AC8: 119000 | AD8: 82110 | AE8: 0 | AF8: 17850 | AG8: 101150 | AH8: 82110 | AI8: 17309 | AJ8: 1731 | AK8: 19040
A9: 8 | B9: 133329 | C9: 주식회사 로가온 | D9: 20260205993814 | E9: 김*원 | F9: 58481090 | G9: 방송 | H9: [워커힐]워커힐 고메 시그니처 양념 본갈비 8팩 | I9: 001 | J9: 없음 | K9: 신용카드 | L9: 과세 | M9: 2026-02-07 | N9: 배송완료 | O9: 119000 | P9: 82110 | Q9: 2 | R9: 0 | S9: 0 | T9: 0 | U9: 0 | V9: 0 | W9: 31 | X9: 0 | Y9: 0 | Z9: 0 | AA9: 0 | AB9: 0 | AC9: 238000 | AD9: 164220 | AE9: 0 | AF9: 0 | AG9: 238000 | AH9: 164220 | AI9: 67073 | AJ9: 6707 | AK9: 73780
A10: 9 | B10: 133329 | C10: 주식회사 로가온 | D10: 20260205994105 | E10: 유*정 | F10: 58481090 | G10: 방송 | H10: [워커힐]워커힐 고메 시그니처 양념 본갈비 8팩 | I10: 001 | J10: 없음 | K10: 신용카드 | L10: 과세 | M10: 2026-02-07 | N10: 배송완료 | O10: 119000 | P10: 82110 | Q10: 1 | R10: 0 | S10: 0 | T10: 0 | U10: 0 | V10: 0 | W10: 31 | X10: 0 | Y10: 0 | Z10: 0 | AA10: 0 | AB10: 0 | AC10: 119000 | AD10: 82110 | AE10: 0 | AF10: 0 | AG10: 119000 | AH10: 82110 | AI10: 33536 | AJ10: 3354 | AK10: 36890
A11: 10 | B11: 133329 | C11: 주식회사 로가온 | D11: 20260205995257 | E11: 박*옥 | F11: 58481090 | G11: 방송 | H11: [워커힐]워커힐 고메 시그니처 양념 본갈비 8팩 | I11: 001 | J11: 없음 | K11: 신용카드 | L11: 과세 | M11: 2026-02-07 | N11: 배송완료 | O11: 119000 | P11: 82110 | Q11: 1 | R11: 0 | S11: 0 | T11: 0 | U11: 0 | V11: 0 | W11: 31 | X11: 0 | Y11: 0 | Z11: 0 | AA11: 0 | AB11: 0 | AC11: 119000 | AD11: 82110 | AE11: 0 | AF11: 0 | AG11: 119000 | AH11: 82110 | AI11: 33536 | AJ11: 3354 | AK11: 36890
A12: 11 | B12: 133329 | C12: 주식회사 로가온 | D12: 20260205993931 | E12: 정*석 | F12: 58481090 | G12: 방송 | H12: [워커힐]워커힐 고메 시그니처 양념 본갈비 8팩 | I12: 001 | J12: 없음 | K12: 신용카드 | L12: 과세 | M12: 2026-02-07 | N12: 배송완료 | O12: 119000 | P12: 82110 | Q12: 1 | R12: 0 | S12: 0 | T12: 0 | U12: 0 | V12: 0 | W12: 31 | X12: 0 | Y12: 0 | Z12: 0 | AA12: 0 | AB12: 0 | AC12: 119000 | AD12: 82110 | AE12: 0 | AF12: 0 | AG12: 119000 | AH12: 82110 | AI12: 33536 | AJ12: 3354 | AK12: 36890
A13: 12 | B13: 133329 | C13: 주식회사 로가온 | D13: 20260205992438 | E13: 김*자 | F13: 58481090 | G13: 방송 | H13: [워커힐]워커힐 고메 시그니처 양념 본갈비 8팩 | I13: 001 | J13: 없음 | K13: 신용카드 | L13: 과세 | M13: 2026-02-07 | N13: 배송완료 | O13: 119000 | P13: 82110 | Q13: 1 | R13: 0 | S13: 0 | T13: 0 | U13: 0 | V13: 0 | W13: 31 | X13: 0 | Y13: 0 | Z13: 0 | AA13: 0 | AB13: 0 | AC13: 119000 | AD13: 82110 | AE13: 0 | AF13: 0 | AG13: 119000 | AH13: 82110 | AI13: 33536 | AJ13: 3354 | AK13: 36890
A14: 13 | B14: 133329 | C14: 주식회사 로가온 | D14: 20260205992964 | E14: 송*영 | F14: 58481090 | G14: 방송 | H14: [워커힐]워커힐 고메 시그니처 양념 본갈비 8팩 | I14: 001 | J14: 없음 | K14: 신용카드 | L14: 과세 | M14: 2026-02-07 | N14: 배송완료 | O14: 119000 | P14: 82110 | Q14: 1 | R14: 0 | S14: 0 | T14: 0 | U14: 0 | V14: 0 | W14: 31 | X14: 0 | Y14: 0 | Z14: 0 | AA14: 0 | AB14: 5950 | AC14: 119000 | AD14: 82110 | AE14: 0 | AF14: 5950 | AG14: 113050 | AH14: 82110 | AI14: 28127 | AJ14: 2813 | AK14: 30940
A15: 14 | B15: 133329 | C15: 주식회사 로가온 | D15: 20260205995526 | E15: 임*희 | F15: 58481090 | G15: 방송 | H15: [워커힐]워커힐 고메 시그니처 양념 본갈비 8팩 | I15: 001 | J15: 없음 | K15: 신용카드 | L15: 과세 | M15: 2026-02-07 | N15: 배송완료 | O15: 119000 | P15: 82110 | Q15: 1 | R15: 0 | S15: 0 | T15: 0 | U15: 0 | V15: 0 | W15: 31 | X15: 0 | Y15: 0 | Z15: 0 | AA15: 0 | AB15: 0 | AC15: 119000 | AD15: 82110 | AE15: 0 | AF15: 0 | AG15: 119000 | AH15: 82110 | AI15: 33536 | AJ15: 3354 | AK15: 36890
A16: 15 | B16: 133329 | C16: 주식회사 로가온 | D16: 20260205995622 | E16: 김*재 | F16: 58481090 | G16: 방송 | H16: [워커힐]워커힐 고메 시그니처 양념 본갈비 8팩 | I16: 001 | J16: 없음 | K16: 신용카드 | L16: 과세 | M16: 2026-02-07 | N16: 배송완료 | O16: 119000 | P16: 82110 | Q16: 1 | R16: 0 | S16: 0 | T16: 0 | U16: 0 | V16: 0 | W16: 31 | X16: 0 | Y16: 0 | Z16: 0 | AA16: 0 | AB16: 0 | AC16: 119000 | AD16: 82110 | AE16: 0 | AF16: 0 | AG16: 119000 | AH16: 82110 | AI16: 33536 | AJ16: 3354 | AK16: 36890
A17: 16 | B17: 133329 | C17: 주식회사 로가온 | D17: 20260205997344 | E17: 최*숙 | F17: 58481090 | G17: 방송 | H17: [워커힐]워커힐 고메 시그니처 양념 본갈비 8팩 | I17: 001 | J17: 없음 | K17: 신용카드 | L17: 과세 | M17: 2026-02-07 | N17: 배송완료 | O17: 119000 | P17: 82110 | Q17: 1 | R17: 0 | S17: 0 | T17: 0 | U17: 0 | V17: 0 | W17: 31 | X17: 0 | Y17: 0 | Z17: 0 | AA17: 0 | AB17: 5950 | AC17: 119000 | AD17: 82110 | AE17: 0 | AF17: 5950 | AG17: 113050 | AH17: 82110 | AI17: 28127 | AJ17: 2813 | AK17: 30940
A18: 17 | B18: 133329 | C18: 주식회사 로가온 | D18: 20260205995265 | E18: 임*아 | F18: 58481090 | G18: 방송 | H18: [워커힐]워커힐 고메 시그니처 양념 본갈비 8팩 | I18: 001 | J18: 없음 | K18: 신용카드 | L18: 과세 | M18: 2026-02-07 | N18: 배송완료 | O18: 119000 | P18: 82110 | Q18: 1 | R18: 0 | S18: 0 | T18: 0 | U18: 0 | V18: 0 | W18: 31 | X18: 0 | Y18: 0 | Z18: 0 | AA18: 0 | AB18: 0 | AC18: 119000 | AD18: 82110 | AE18: 0 | AF18: 0 | AG18: 119000 | AH18: 82110 | AI18: 33536 | AJ18: 3354 | AK18: 36890
A19: 18 | B19: 133329 | C19: 주식회사 로가온 | D19: 20260205994047 | E19: 이*연 | F19: 58481090 | G19: 방송 | H19: [워커힐]워커힐 고메 시그니처 양념 본갈비 8팩 | I19: 001 | J19: 없음 | K19: 신용카드 | L19: 과세 | M19: 2026-02-07 | N19: 배송완료 | O19: 119000 | P19: 82110 | Q19: 1 | R19: 0 | S19: 0 | T19: 0 | U19: 0 | V19: 0 | W19: 31 | X19: 0 | Y19: 5000 | Z19: 0 | AA19: 0 | AB19: 0 | AC19: 119000 | AD19: 82110 | AE19: 0 | AF19: 5000 | AG19: 114000 | AH19: 82110 | AI19: 28991 | AJ19: 2899 | AK19: 31890
... A94: 93 | B94: 133329 | C94: 주식회사 로가온 | D94: 20260205993036 | E94: 김* | F94: 58481090 | G94: 방송 | H94: [워커힐]워커힐 고메 시그니처 양념 본갈비 8팩 | I94: 001 | J94: 없음 | K94: 신용카드 | L94: 과세 | M94: 2026-02-07 | N94: 배송완료 | O94: 119000 | P94: 82110 | Q94: 1 | R94: 0 | S94: 0 | T94: 0 | U94: 0 | V94: 0 | W94: 31 | X94: 19040 | Y94: 0 | Z94: 0 | AA94: 0 | AB94: 0 | AC94: 119000 | AD94: 82110 | AE94: 0 | AF94: 19040 | AG94: 99960 | AH94: 82110 | AI94: 16227 | AJ94: 1623 | AK94: 17850
A95: 94 | B95: 133329 | C95: 주식회사 로가온 | D95: 20260205995472 | E95: 심*경 | F95: 58481090 | G95: 방송 | H95: [워커힐]워커힐 고메 시그니처 양념 본갈비 8팩 | I95: 001 | J95: 없음 | L95: 과세 | M95: 2026-02-07 | N95: 배송완료 | O95: 119000 | P95: 82110 | Q95: 1 | R95: 0 | S95: 0 | T95: 0 | U95: 0 | V95: 0 | W95: 31 | X95: 0 | Y95: 5950 | Z95: 0 | AA95: 0 | AB95: 0 | AC95: 119000 | AD95: 82110 | AE95: 0 | AF95: 5950 | AG95: 113050 | AH95: 82110 | AI95: 28127 | AJ95: 2813 | AK95: 30940
A96: 95 | B96: 133329 | C96: 주식회사 로가온 | D96: 20260205992483 | E96: 김*지 | F96: 58481090 | G96: 방송 | H96: [워커힐]워커힐 고메 시그니처 양념 본갈비 8팩 | I96: 001 | J96: 없음 | K96: 신용카드 | L96: 과세 | M96: 2026-02-07 | N96: 배송완료 | O96: 119000 | P96: 82110 | Q96: 1 | R96: 0 | S96: 0 | T96: 0 | U96: 0 | V96: 0 | W96: 31 | X96: 0 | Y96: 10000 | Z96: 0 | AA96: 0 | AB96: 0 | AC96: 119000 | AD96: 82110 | AE96: 0 | AF96: 10000 | AG96: 109000 | AH96: 82110 | AI96: 24445 | AJ96: 2445 | AK96: 26890
A97: 96 | B97: 133329 | C97: 주식회사 로가온 | D97: 20260205995325 | E97: 한*윤 | F97: 58481090 | G97: 방송 | H97: [워커힐]워커힐 고메 시그니처 양념 본갈비 8팩 | I97: 001 | J97: 없음 | K97: 신용카드 | L97: 과세 | M97: 2026-02-07 | N97: 배송완료 | O97: 119000 | P97: 82110 | Q97: 1 | R97: 0 | S97: 0 | T97: 0 | U97: 0 | V97: 0 | W97: 31 | X97: 0 | Y97: 0 | Z97: 0 | AA97: 0 | AB97: 0 | AC97: 119000 | AD97: 82110 | AE97: 0 | AF97: 0 | AG97: 119000 | AH97: 82110 | AI97: 33536 | AJ97: 3354 | AK97: 36890
A98: 97 | B98: 133329 | C98: 주식회사 로가온 | D98: 20260205992634 | E98: 한*례 | F98: 58481090 | G98: 방송 | H98: [워커힐]워커힐 고메 시그니처 양념 본갈비 8팩 | I98: 001 | J98: 없음 | K98: 무통장입금 | L98: 과세 | M98: 2026-02-07 | N98: 배송완료 | O98: 119000 | P98: 82110 | Q98: 1 | R98: 0 | S98: 0 | T98: 0 | U98: 0 | V98: 0 | W98: 31 | X98: 0 | Y98: 0 | Z98: 0 | AA98: 0 | AB98: 0 | AC98: 119000 | AD98: 82110 | AE98: 0 | AF98: 0 | AG98: 119000 | AH98: 82110 | AI98: 33536 | AJ98: 3354 | AK98: 36890
A99: 98 | B99: 133329 | C99: 주식회사 로가온 | D99: 20260205994152 | E99: 김*자 | F99: 58481090 | G99: 방송 | H99: [워커힐]워커힐 고메 시그니처 양념 본갈비 8팩 | I99: 001 | J99: 없음 | K99: 신용카드 | L99: 과세 | M99: 2026-02-07 | N99: 배송완료 | O99: 119000 | P99: 82110 | Q99: 1 | R99: 0 | S99: 0 | T99: 0 | U99: 0 | V99: 0 | W99: 31 | X99: 0 | Y99: 0 | Z99: 0 | AA99: 0 | AB99: 0 | AC99: 119000 | AD99: 82110 | AE99: 0 | AF99: 0 | AG99: 119000 | AH99: 82110 | AI99: 33536 | AJ99: 3354 | AK99: 36890
A100: 99 | B100: 133329 | C100: 주식회사 로가온 | D100: 20260205995109 | E100: 김*주 | F100: 58481090 | G100: 방송 | H100: [워커힐]워커힐 고메 시그니처 양념 본갈비 8팩 | I100: 001 | J100: 없음 | K100: 신용카드 | L100: 과세 | M100: 2026-02-07 | N100: 배송완료 | O100: 119000 | P100: 82110 | Q100: 1 | R100: 0 | S100: 0 | T100: 0 | U100: 0 | V100: 0 | W100: 31 | X100: 0 | Y100: 0 | Z100: 0 | AA100: 0 | AB100: 0 | AC100: 119000 | AD100: 82110 | AE100: 0 | AF100: 0 | AG100: 119000 | AH100: 82110 | AI100: 33536 | AJ100: 3354 | AK100: 36890
A101: 100 | B101: 133329 | C101: 주식회사 로가온 | D101: 20260205994273 | E101: 장*주 | F101: 58481090 | G101: 방송 | H101: [워커힐]워커힐 고메 시그니처 양념 본갈비 8팩 | I101: 001 | J101: 없음 | K101: 신용카드 | L101: 과세 | M101: 2026-02-07 | N101: 배송완료 | O101: 119000 | P101: 82110 | Q101: 1 | R101: 0 | S101: 0 | T101: 0 | U101: 0 | V101: 0 | W101: 31 | X101: 0 | Y101: 0 | Z101: 0 | AA101: 0 | AB101: 0 | AC101: 119000 | AD101: 82110 | AE101: 0 | AF101: 0 | AG101: 119000 | AH101: 82110 | AI101: 33536 | AJ101: 3354 | AK101: 36890
A102: 101 | B102: 133329 | C102: 주식회사 로가온 | D102: 20260205995097 | E102: 차*의 | F102: 58481090 | G102: 방송 | H102: [워커힐]워커힐 고메 시그니처 양념 본갈비 8팩 | I102: 001 | J102: 없음 | K102: 신용카드 | L102: 과세 | M102: 2026-02-07 | N102: 배송완료 | O102: 119000 | P102: 82110 | Q102: 1 | R102: 0 | S102: 0 | T102: 0 | U102: 0 | V102: 0 | W102: 31 | X102: 0 | Y102: 0 | Z102: 0 | AA102: 0 | AB102: 0 | AC102: 119000 | AD102: 82110 | AE102: 0 | AF102: 0 | AG102: 119000 | AH102: 82110 | AI102: 33536 | AJ102: 3354 | AK102: 36890
A103: 102 | B103: 133329 | C103: 주식회사 로가온 | D103: 20260205995180 | E103: 노*희 | F103: 58481090 | G103: 방송 | H103: [워커힐]워커힐 고메 시그니처 양념 본갈비 8팩 | I103: 001 | J103: 없음 | K103: 신용카드 | L103: 과세 | M103: 2026-02-07 | N103: 배송완료 | O103: 119000 | P103: 82110 | Q103: 1 | R103: 0 | S103: 0 | T103: 0 | U103: 0 | V103: 0 | W103: 31 | X103: 22610 | Y103: 0 | Z103: 0 | AA103: 0 | AB103: 0 | AC103: 119000 | AD103: 82110 | AE103: 0 | AF103: 22610 | AG103: 96390 | AH103: 82110 | AI103: 12982 | AJ103: 1298 | AK103: 14280
A104: 103 | B104: 133329 | C104: 주식회사 로가온 | D104: 20260205992870 | E104: 회*애 | F104: 58481090 | G104: 방송 | H104: [워커힐]워커힐 고메 시그니처 양념 본갈비 8팩 | I104: 001 | J104: 없음 | K104: 신용카드 | L104: 과세 | M104: 2026-02-07 | N104: 배송완료 | O104: 119000 | P104: 82110 | Q104: 1 | R104: 0 | S104: 0 | T104: 0 | U104: 0 | V104: 0 | W104: 31 | X104: 0 | Y104: 0 | Z104: 0 | AA104: 0 | AB104: 0 | AC104: 119000 | AD104: 82110 | AE104: 0 | AF104: 0 | AG104: 119000 | AH104: 82110 | AI104: 33536 | AJ104: 3354 | AK104: 36890
A105: 104 | B105: 133329 | C105: 주식회사 로가온 | D105: 20260205992940 | E105: 백*진 | F105: 58481090 | G105: 방송 | H105: [워커힐]워커힐 고메 시그니처 양념 본갈비 8팩 | I105: 001 | J105: 없음 | K105: 신용카드 | L105: 과세 | M105: 2026-02-07 | N105: 배송완료 | O105: 119000 | P105: 82110 | Q105: 1 | R105: 0 | S105: 0 | T105: 0 | U105: 0 | V105: 0 | W105: 31 | X105: 0 | Y105: 0 | Z105: 0 | AA105: 0 | AB105: 0 | AC105: 119000 | AD105: 82110 | AE105: 0 | AF105: 0 | AG105: 119000 | AH105: 82110 | AI105: 33536 | AJ105: 3354 | AK105: 36890
A106: 105 | B106: 133329 | C106: 주식회사 로가온 | D106: 20260205993059 | E106: 김*화 | F106: 58481090 | G106: 방송 | H106: [워커힐]워커힐 고메 시그니처 양념 본갈비 8팩 | I106: 001 | J106: 없음 | K106: 신용카드 | L106: 과세 | M106: 2026-02-07 | N106: 배송완료 | O106: 119000 | P106: 82110 | Q106: 1 | R106: 0 | S106: 0 | T106: 0 | U106: 0 | V106: 0 | W106: 31 | X106: 0 | Y106: 0 | Z106: 0 | AA106: 0 | AB106: 0 | AC106: 119000 | AD106: 82110 | AE106: 0 | AF106: 0 | AG106: 119000 | AH106: 82110 | AI106: 33536 | AJ106: 3354 | AK106: 36890
A107: 106 | B107: 133329 | C107: 주식회사 로가온 | D107: 20260205993112 | E107: 안*옥 | F107: 58481090 | G107: 방송 | H107: [워커힐]워커힐 고메 시그니처 양념 본갈비 8팩 | I107: 001 | J107: 없음 | K107: 신용카드 | L107: 과세 | M107: 2026-02-07 | N107: 배송완료 | O107: 119000 | P107: 82110 | Q107: 1 | R107: 0 | S107: 0 | T107: 0 | U107: 0 | V107: 0 | W107: 31 | X107: 0 | Y107: 0 | Z107: 0 | AA107: 0 | AB107: 0 | AC107: 119000 | AD107: 82110 | AE107: 0 | AF107: 0 | AG107: 119000 | AH107: 82110 | AI107: 33536 | AJ107: 3354 | AK107: 36890
... A123: 122 | B123: 133329 | C123: 주식회사 로가온 | D123: 20260205995613 | E123: 최*희 | F123: 58481090 | G123: 방송 | H123: [워커힐]워커힐 고메 시그니처 양념 본갈비 8팩 | I123: 001 | J123: 없음 | K123: 신용카드 | L123: 과세 | M123: 2026-02-07 | N123: 배송완료 | O123: 119000 | P123: 82110 | Q123: 1 | R123: 0 | S123: 0 | T123: 0 | U123: 0 | V123: 0 | W123: 31 | X123: 0 | Y123: 0 | Z123: 0 | AA123: 0 | AB123: 0 | AC123: 119000 | AD123: 82110 | AE123: 0 | AF123: 0 | AG123: 119000 | AH123: 82110 | AI123: 33536 | AJ123: 3354 | AK123: 36890
A124: 123 | B124: 133329 | C124: 주식회사 로가온 | D124: 20260205002375 | E124: 정*순 | F124: 58481090 | G124: 방송 | H124: [워커힐]워커힐 고메 시그니처 양념 본갈비 8팩 | I124: 001 | J124: 없음 | L124: 과세 | M124: 2026-02-07 | N124: 배송완료 | O124: 119000 | P124: 82110 | Q124: 1 | R124: 0 | S124: 0 | T124: 0 | U124: 0 | V124: 0 | W124: 31 | X124: 0 | Y124: 0 | Z124: 0 | AA124: 0 | AB124: 0 | AC124: 119000 | AD124: 82110 | AE124: 0 | AF124: 0 | AG124: 119000 | AH124: 82110 | AI124: 33536 | AJ124: 3354 | AK124: 36890
A125: 124 | B125: 133329 | C125: 주식회사 로가온 | D125: 20260205994008 | E125: 옥*화 | F125: 58481090 | G125: 방송 | H125: [워커힐]워커힐 고메 시그니처 양념 본갈비 8팩 | I125: 001 | J125: 없음 | K125: 신용카드 | L125: 과세 | M125: 2026-02-07 | N125: 배송완료 | O125: 119000 | P125: 82110 | Q125: 1 | R125: 0 | S125: 0 | T125: 0 | U125: 0 | V125: 0 | W125: 31 | X125: 0 | Y125: 10000 | Z125: 0 | AA125: 0 | AB125: 0 | AC125: 119000 | AD125: 82110 | AE125: 0 | AF125: 10000 | AG125: 109000 | AH125: 82110 | AI125: 24445 | AJ125: 2445 | AK125: 26890
A126: 125 | B126: 133329 | C126: 주식회사 로가온 | D126: 20260205993800 | E126: 박*옥 | F126: 58481090 | G126: 방송 | H126: [워커힐]워커힐 고메 시그니처 양념 본갈비 8팩 | I126: 001 | J126: 없음 | K126: 신용카드 | L126: 과세 | M126: 2026-02-07 | N126: 배송완료 | O126: 119000 | P126: 82110 | Q126: 1 | R126: 0 | S126: 0 | T126: 0 | U126: 0 | V126: 0 | W126: 31 | X126: 0 | Y126: 0 | Z126: 0 | AA126: 0 | AB126: 0 | AC126: 119000 | AD126: 82110 | AE126: 0 | AF126: 0 | AG126: 119000 | AH126: 82110 | AI126: 33536 | AJ126: 3354 | AK126: 36890
A127: 126 | B127: 133329 | C127: 주식회사 로가온 | D127: 20260206644091 | E127: 유*진 | F127: 58481090 | G127: 방송 | H127: [워커힐]워커힐 고메 시그니처 양념 본갈비 8팩 | I127: 001 | J127: 없음 | K127: 신용카드 | L127: 과세 | M127: 2026-02-07 | N127: 배송완료 | O127: 119000 | P127: 82110 | Q127: 1 | R127: 0 | S127: 0 | T127: 0 | U127: 0 | V127: 0 | W127: 31 | X127: 0 | Y127: 0 | Z127: 0 | AA127: 0 | AB127: 5950 | AC127: 119000 | AD127: 82110 | AE127: 0 | AF127: 5950 | AG127: 113050 | AH127: 82110 | AI127: 28127 | AJ127: 2813 | AK127: 30940
A128: 127 | B128: 133329 | C128: 주식회사 로가온 | D128: 20260205995701 | E128: 김*현 | F128: 58481090 | G128: 방송 | H128: [워커힐]워커힐 고메 시그니처 양념 본갈비 8팩 | I128: 001 | J128: 없음 | K128: 신용카드 | L128: 과세 | M128: 2026-02-07 | N128: 배송완료 | O128: 119000 | P128: 82110 | Q128: 1 | R128: 0 | S128: 0 | T128: 0 | U128: 0 | V128: 0 | W128: 31 | X128: 0 | Y128: 0 | Z128: 0 | AA128: 0 | AB128: 0 | AC128: 119000 | AD128: 82110 | AE128: 0 | AF128: 0 | AG128: 119000 | AH128: 82110 | AI128: 33536 | AJ128: 3354 | AK128: 36890
A129: 128 | B129: 133329 | C129: 주식회사 로가온 | D129: 20260205995459 | E129: 문*완 | F129: 58481090 | G129: 방송 | H129: [워커힐]워커힐 고메 시그니처 양념 본갈비 8팩 | I129: 001 | J129: 없음 | K129: 신용카드 | L129: 과세 | M129: 2026-02-07 | N129: 배송완료 | O129: 119000 | P129: 82110 | Q129: 1 | R129: 0 | S129: 0 | T129: 0 | U129: 0 | V129: 0 | W129: 31 | X129: 19040 | Y129: 0 | Z129: 0 | AA129: 0 | AB129: 0 | AC129: 119000 | AD129: 82110 | AE129: 0 | AF129: 19040 | AG129: 99960 | AH129: 82110 | AI129: 16227 | AJ129: 1623 | AK129: 17850
A130: 129 | B130: 133329 | C130: 주식회사 로가온 | D130: 20260205993710 | E130: 홍*숙 | F130: 58481090 | G130: 방송 | H130: [워커힐]워커힐 고메 시그니처 양념 본갈비 8팩 | I130: 001 | J130: 없음 | K130: 신용카드 | L130: 과세 | M130: 2026-02-07 | N130: 배송완료 | O130: 119000 | P130: 82110 | Q130: 1 | R130: 0 | S130: 0 | T130: 0 | U130: 0 | V130: 0 | W130: 31 | X130: 0 | Y130: 0 | Z130: 0 | AA130: 0 | AB130: 0 | AC130: 119000 | AD130: 82110 | AE130: 0 | AF130: 0 | AG130: 119000 | AH130: 82110 | AI130: 33536 | AJ130: 3354 | AK130: 36890
A131: 130 | B131: 133329 | C131: 주식회사 로가온 | D131: 20260205005766 | E131: 김*경 | F131: 58481090 | G131: 방송 | H131: [워커힐]워커힐 고메 시그니처 양념 본갈비 8팩 | I131: 001 | J131: 없음 | K131: 신용카드 | L131: 과세 | M131: 2026-02-07 | N131: 배송완료 | O131: 119000 | P131: 82110 | Q131: 1 | R131: 0 | S131: 0 | T131: 0 | U131: 0 | V131: 0 | W131: 31 | X131: 0 | Y131: 0 | Z131: 0 | AA131: 0 | AB131: 0 | AC131: 119000 | AD131: 82110 | AE131: 0 | AF131: 0 | AG131: 119000 | AH131: 82110 | AI131: 33536 | AJ131: 3354 | AK131: 36890
A132: 131 | B132: 133329 | C132: 주식회사 로가온 | D132: 20260205995598 | E132: 김*미 | F132: 58481090 | G132: 방송 | H132: [워커힐]워커힐 고메 시그니처 양념 본갈비 8팩 | I132: 001 | J132: 없음 | K132: 신용카드 | L132: 과세 | M132: 2026-02-07 | N132: 배송완료 | O132: 119000 | P132: 82110 | Q132: 1 | R132: 0 | S132: 0 | T132: 0 | U132: 0 | V132: 0 | W132: 31 | X132: 0 | Y132: 0 | Z132: 0 | AA132: 0 | AB132: 0 | AC132: 119000 | AD132: 82110 | AE132: 0 | AF132: 0 | AG132: 119000 | AH132: 82110 | AI132: 33536 | AJ132: 3354 | AK132: 36890
A133: 132 | B133: 133329 | C133: 주식회사 로가온 | D133: 20260205994093 | E133: 고*두 | F133: 58481090 | G133: 방송 | H133: [워커힐]워커힐 고메 시그니처 양념 본갈비 8팩 | I133: 001 | J133: 없음 | K133: 신용카드 | L133: 과세 | M133: 2026-02-07 | N133: 배송완료 | O133: 119000 | P133: 82110 | Q133: 1 | R133: 0 | S133: 0 | T133: 0 | U133: 0 | V133: 0 | W133: 31 | X133: 0 | Y133: 0 | Z133: 0 | AA133: 0 | AB133: 0 | AC133: 119000 | AD133: 82110 | AE133: 0 | AF133: 0 | AG133: 119000 | AH133: 82110 | AI133: 33536 | AJ133: 3354 | AK133: 36890
A134: 133 | B134: 133329 | C134: 주식회사 로가온 | D134: 20260205994741 | E134: 김*옥 | F134: 58481090 | G134: 방송 | H134: [워커힐]워커힐 고메 시그니처 양념 본갈비 8팩 | I134: 001 | J134: 없음 | K134: 신용카드 | L134: 과세 | M134: 2026-02-07 | N134: 배송완료 | O134: 119000 | P134: 82110 | Q134: 1 | R134: 0 | S134: 0 | T134: 0 | U134: 0 | V134: 0 | W134: 31 | X134: 0 | Y134: 10000 | Z134: 0 | AA134: 0 | AB134: 0 | AC134: 119000 | AD134: 82110 | AE134: 0 | AF134: 10000 | AG134: 109000 | AH134: 82110 | AI134: 24445 | AJ134: 2445 | AK134: 26890
A135: 134 | B135: 133329 | C135: 주식회사 로가온 | D135: 20260205993823 | E135: 김*미 | F135: 58481090 | G135: 방송 | H135: [워커힐]워커힐 고메 시그니처 양념 본갈비 8팩 | I135: 001 | J135: 없음 | K135: 신용카드 | L135: 과세 | M135: 2026-02-07 | N135: 배송완료 | O135: 119000 | P135: 82110 | Q135: 1 | R135: 0 | S135: 0 | T135: 0 | U135: 0 | V135: 0 | W135: 31 | X135: 0 | Y135: 0 | Z135: 0 | AA135: 0 | AB135: 0 | AC135: 119000 | AD135: 82110 | AE135: 0 | AF135: 0 | AG135: 119000 | AH135: 82110 | AI135: 33536 | AJ135: 3354 | AK135: 36890
A136: 135 | B136: 133329 | C136: 주식회사 로가온 | D136: 20260205993746 | E136: 최*교 | F136: 58481090 | G136: 방송 | H136: [워커힐]워커힐 고메 시그니처 양념 본갈비 8팩 | I136: 001 | J136: 없음 | K136: 신용카드 | L136: 과세 | M136: 2026-02-07 | N136: 배송완료 | O136: 119000 | P136: 82110 | Q136: 2 | R136: 0 | S136: 0 | T136: 0 | U136: 0 | V136: 0 | W136: 31 | X136: 0 | Y136: 0 | Z136: 0 | AA136: 0 | AB136: 0 | AC136: 238000 | AD136: 164220 | AE136: 0 | AF136: 0 | AG136: 238000 | AH136: 164220 | AI136: 67073 | AJ136: 6707 | AK136: 73780
... A184: 183 | B184: 133329 | C184: 주식회사 로가온 | D184: 20260205994658 | E184: 송*경 | F184: 58481090 | G184: 방송 | H184: [워커힐]워커힐 고메 시그니처 양념 본갈비 8팩 | I184: 001 | J184: 없음 | K184: 신용카드 | L184: 과세 | M184: 2026-02-07 | N184: 배송완료 | O184: 119000 | P184: 82110 | Q184: 1 | R184: 0 | S184: 0 | T184: 0 | U184: 0 | V184: 0 | W184: 31 | X184: 0 | Y184: 0 | Z184: 0 | AA184: 0 | AB184: 0 | AC184: 119000 | AD184: 82110 | AE184: 0 | AF184: 0 | AG184: 119000 | AH184: 82110 | AI184: 33536 | AJ184: 3354 | AK184: 36890
A185: 184 | B185: 133329 | C185: 주식회사 로가온 | D185: 20260205994878 | E185: 김*미 | F185: 58481090 | G185: 방송 | H185: [워커힐]워커힐 고메 시그니처 양념 본갈비 8팩 | I185: 001 | J185: 없음 | L185: 과세 | M185: 2026-02-07 | N185: 배송완료 | O185: 119000 | P185: 82110 | Q185: 1 | R185: 0 | S185: 0 | T185: 0 | U185: 0 | V185: 0 | W185: 31 | X185: 0 | Y185: 5950 | Z185: 0 | AA185: 0 | AB185: 0 | AC185: 119000 | AD185: 82110 | AE185: 0 | AF185: 5950 | AG185: 113050 | AH185: 82110 | AI185: 28127 | AJ185: 2813 | AK185: 30940
A186: 185 | B186: 133329 | C186: 주식회사 로가온 | D186: 20260205996662 | E186: 손*정 | F186: 58481090 | G186: 방송 | H186: [워커힐]워커힐 고메 시그니처 양념 본갈비 8팩 | I186: 001 | J186: 없음 | K186: 신용카드 | L186: 과세 | M186: 2026-02-07 | N186: 배송완료 | O186: 119000 | P186: 82110 | Q186: 1 | R186: 0 | S186: 0 | T186: 0 | U186: 0 | V186: 0 | W186: 31 | X186: 0 | Y186: 10000 | Z186: 0 | AA186: 0 | AB186: 0 | AC186: 119000 | AD186: 82110 | AE186: 0 | AF186: 10000 | AG186: 109000 | AH186: 82110 | AI186: 24445 | AJ186: 2445 | AK186: 26890
A187: 186 | B187: 133329 | C187: 주식회사 로가온 | D187: 20260205994173 | E187: 채*옥 | F187: 58481090 | G187: 방송 | H187: [워커힐]워커힐 고메 시그니처 양념 본갈비 8팩 | I187: 001 | J187: 없음 | K187: 신용카드 | L187: 과세 | M187: 2026-02-07 | N187: 배송완료 | O187: 119000 | P187: 82110 | Q187: 1 | R187: 0 | S187: 0 | T187: 0 | U187: 0 | V187: 0 | W187: 31 | X187: 13090 | Y187: 0 | Z187: 0 | AA187: 0 | AB187: 0 | AC187: 119000 | AD187: 82110 | AE187: 0 | AF187: 13090 | AG187: 105910 | AH187: 82110 | AI187: 21636 | AJ187: 2164 | AK187: 23800
A188: 187 | B188: 133329 | C188: 주식회사 로가온 | D188: 20260205992741 | E188: 이*숙 | F188: 58481090 | G188: 방송 | H188: [워커힐]워커힐 고메 시그니처 양념 본갈비 8팩 | I188: 001 | J188: 없음 | K188: 신용카드 | L188: 과세 | M188: 2026-02-07 | N188: 배송완료 | O188: 119000 | P188: 82110 | Q188: 1 | R188: 0 | S188: 0 | T188: 0 | U188: 0 | V188: 0 | W188: 31 | X188: 0 | Y188: 0 | Z188: 0 | AA188: 0 | AB188: 0 | AC188: 119000 | AD188: 82110 | AE188: 0 | AF188: 0 | AG188: 119000 | AH188: 82110 | AI188: 33536 | AJ188: 3354 | AK188: 36890
A189: 188 | B189: 133329 | C189: 주식회사 로가온 | D189: 20260205992734 | E189: 정*숙 | F189: 58481090 | G189: 방송 | H189: [워커힐]워커힐 고메 시그니처 양념 본갈비 8팩 | I189: 001 | J189: 없음 | K189: 신용카드 | L189: 과세 | M189: 2026-02-07 | N189: 배송완료 | O189: 119000 | P189: 82110 | Q189: 1 | R189: 0 | S189: 0 | T189: 0 | U189: 0 | V189: 0 | W189: 31 | X189: 0 | Y189: 0 | Z189: 0 | AA189: 0 | AB189: 0 | AC189: 119000 | AD189: 82110 | AE189: 0 | AF189: 0 | AG189: 119000 | AH189: 82110 | AI189: 33536 | AJ189: 3354 | AK189: 36890
A190: 189 | B190: 133329 | C190: 주식회사 로가온 | D190: 20260205992797 | E190: 정*현 | F190: 58481090 | G190: 방송 | H190: [워커힐]워커힐 고메 시그니처 양념 본갈비 8팩 | I190: 001 | J190: 없음 | K190: 신용카드 | L190: 과세 | M190: 2026-02-07 | N190: 배송완료 | O190: 119000 | P190: 82110 | Q190: 1 | R190: 0 | S190: 0 | T190: 0 | U190: 0 | V190: 0 | W190: 31 | X190: 13090 | Y190: 0 | Z190: 0 | AA190: 0 | AB190: 0 | AC190: 119000 | AD190: 82110 | AE190: 0 | AF190: 13090 | AG190: 105910 | AH190: 82110 | AI190: 21636 | AJ190: 2164 | AK190: 23800
A191: 190 | B191: 133329 | C191: 주식회사 로가온 | D191: 20260205994648 | E191: 주*옥 | F191: 58481090 | G191: 방송 | H191: [워커힐]워커힐 고메 시그니처 양념 본갈비 8팩 | I191: 001 | J191: 없음 | K191: 신용카드 | L191: 과세 | M191: 2026-02-07 | N191: 배송완료 | O191: 119000 | P191: 82110 | Q191: 1 | R191: 0 | S191: 0 | T191: 0 | U191: 0 | V191: 0 | W191: 31 | X191: 0 | Y191: 0 | Z191: 0 | AA191: 0 | AB191: 0 | AC191: 119000 | AD191: 82110 | AE191: 0 | AF191: 0 | AG191: 119000 | AH191: 82110 | AI191: 33536 | AJ191: 3354 | AK191: 36890
A192: 191 | B192: 133329 | C192: 주식회사 로가온 | D192: 20260205995119 | E192: 김*영 | F192: 58481090 | G192: 방송 | H192: [워커힐]워커힐 고메 시그니처 양념 본갈비 8팩 | I192: 001 | J192: 없음 | K192: 신용카드 | L192: 과세 | M192: 2026-02-07 | N192: 배송완료 | O192: 119000 | P192: 82110 | Q192: 1 | R192: 0 | S192: 0 | T192: 0 | U192: 0 | V192: 0 | W192: 31 | X192: 0 | Y192: 10000 | Z192: 0 | AA192: 0 | AB192: 0 | AC192: 119000 | AD192: 82110 | AE192: 0 | AF192: 10000 | AG192: 109000 | AH192: 82110 | AI192: 24445 | AJ192: 2445 | AK192: 26890
A193: 192 | B193: 133329 | C193: 주식회사 로가온 | D193: 20260205994118 | E193: 정*련 | F193: 58481090 | G193: 방송 | H193: [워커힐]워커힐 고메 시그니처 양념 본갈비 8팩 | I193: 001 | J193: 없음 | K193: 신용카드 | L193: 과세 | M193: 2026-02-07 | N193: 배송완료 | O193: 119000 | P193: 82110 | Q193: 1 | R193: 0 | S193: 0 | T193: 0 | U193: 0 | V193: 0 | W193: 31 | X193: 0 | Y193: 0 | Z193: 0 | AA193: 0 | AB193: 0 | AC193: 119000 | AD193: 82110 | AE193: 0 | AF193: 0 | AG193: 119000 | AH193: 82110 | AI193: 33536 | AJ193: 3354 | AK193: 36890
A194: 193 | B194: 133329 | C194: 주식회사 로가온 | D194: 20260205993710 | E194: 홍*숙 | F194: 58481090 | G194: 방송 | H194: [워커힐]워커힐 고메 시그니처 양념 본갈비 8팩 | I194: 001 | J194: 없음 | K194: 신용카드 | L194: 과세 | M194: 2026-02-07 | N194: 배송완료 | O194: 119000 | P194: 82110 | Q194: 1 | R194: 0 | S194: 0 | T194: 0 | U194: 0 | V194: 0 | W194: 31 | X194: 0 | Y194: 0 | Z194: 0 | AA194: 0 | AB194: 0 | AC194: 119000 | AD194: 82110 | AE194: 0 | AF194: 0 | AG194: 119000 | AH194: 82110 | AI194: 33536 | AJ194: 3354 | AK194: 36890
A195: 194 | B195: 133329 | C195: 주식회사 로가온 | D195: 20260205993710 | E195: 홍*숙 | F195: 58481090 | G195: 방송 | H195: [워커힐]워커힐 고메 시그니처 양념 본갈비 8팩 | I195: 001 | J195: 없음 | K195: 신용카드 | L195: 과세 | M195: 2026-02-07 | N195: 배송완료 | O195: 119000 | P195: 82110 | Q195: 1 | R195: 0 | S195: 0 | T195: 0 | U195: 0 | V195: 0 | W195: 31 | X195: 0 | Y195: 0 | Z195: 0 | AA195: 0 | AB195: 0 | AC195: 119000 | AD195: 82110 | AE195: 0 | AF195: 0 | AG195: 119000 | AH195: 82110 | AI195: 33536 | AJ195: 3354 | AK195: 36890
A196: 195 | B196: 133329 | C196: 주식회사 로가온 | D196: 20260205994226 | E196: 송*자 | F196: 58481090 | G196: 방송 | H196: [워커힐]워커힐 고메 시그니처 양념 본갈비 8팩 | I196: 001 | J196: 없음 | K196: 신용카드 | L196: 과세 | M196: 2026-02-07 | N196: 배송완료 | O196: 119000 | P196: 82110 | Q196: 1 | R196: 0 | S196: 0 | T196: 0 | U196: 0 | V196: 0 | W196: 31 | X196: 0 | Y196: 0 | Z196: 0 | AA196: 0 | AB196: 0 | AC196: 119000 | AD196: 82110 | AE196: 0 | AF196: 0 | AG196: 119000 | AH196: 82110 | AI196: 33536 | AJ196: 3354 | AK196: 36890
A197: 196 | B197: 133329 | C197: 주식회사 로가온 | D197: 20260205995392 | E197: 박*순 | F197: 58481090 | G197: 방송 | H197: [워커힐]워커힐 고메 시그니처 양념 본갈비 8팩 | I197: 001 | J197: 없음 | K197: 신용카드 | L197: 과세 | M197: 2026-02-07 | N197: 배송완료 | O197: 119000 | P197: 82110 | Q197: 1 | R197: 0 | S197: 0 | T197: 0 | U197: 0 | V197: 0 | W197: 31 | X197: 0 | Y197: 0 | Z197: 0 | AA197: 0 | AB197: 0 | AC197: 119000 | AD197: 82110 | AE197: 0 | AF197: 0 | AG197: 119000 | AH197: 82110 | AI197: 33536 | AJ197: 3354 | AK197: 36890
... A302: 301 | B302: 133329 | C302: 주식회사 로가온 | D302: 20260205994734 | E302: 봉*종 | F302: 58481090 | G302: 방송 | H302: [워커힐]워커힐 고메 시그니처 양념 본갈비 8팩 | I302: 001 | J302: 없음 | K302: 신용카드 | L302: 과세 | M302: 2026-02-07 | N302: 배송완료 | O302: 119000 | P302: 82110 | Q302: 1 | R302: 0 | S302: 0 | T302: 0 | U302: 0 | V302: 0 | W302: 31 | X302: 0 | Y302: 0 | Z302: 0 | AA302: 0 | AB302: 0 | AC302: 119000 | AD302: 82110 | AE302: 0 | AF302: 0 | AG302: 119000 | AH302: 82110 | AI302: 33536 | AJ302: 3354 | AK302: 36890
A303: 302 | B303: 133329 | C303: 주식회사 로가온 | D303: 20260205005878 | E303: 장*영 | F303: 58481090 | G303: 방송 | H303: [워커힐]워커힐 고메 시그니처 양념 본갈비 8팩 | I303: 001 | J303: 없음 | L303: 과세 | M303: 2026-02-07 | N303: 배송완료 | O303: 119000 | P303: 82110 | Q303: 1 | R303: 0 | S303: 0 | T303: 0 | U303: 0 | V303: 0 | W303: 31 | X303: 0 | Y303: 5950 | Z303: 0 | AA303: 0 | AB303: 0 | AC303: 119000 | AD303: 82110 | AE303: 0 | AF303: 5950 | AG303: 113050 | AH303: 82110 | AI303: 28127 | AJ303: 2813 | AK303: 30940
A304: 303 | B304: 133329 | C304: 주식회사 로가온 | D304: 20260205002209 | E304: 정*순 | F304: 58481090 | G304: 방송 | H304: [워커힐]워커힐 고메 시그니처 양념 본갈비 8팩 | I304: 001 | J304: 없음 | L304: 과세 | M304: 2026-02-07 | N304: 배송완료 | O304: 119000 | P304: 82110 | Q304: 1 | R304: 0 | S304: 0 | T304: 0 | U304: 0 | V304: 0 | W304: 31 | X304: 0 | Y304: 0 | Z304: 0 | AA304: 0 | AB304: 0 | AC304: 119000 | AD304: 82110 | AE304: 0 | AF304: 0 | AG304: 119000 | AH304: 82110 | AI304: 33536 | AJ304: 3354 | AK304: 36890
A305: 304 | B305: 133329 | C305: 주식회사 로가온 | D305: 20260205994403 | E305: 조*춘 | F305: 58481090 | G305: 방송 | H305: [워커힐]워커힐 고메 시그니처 양념 본갈비 8팩 | I305: 001 | J305: 없음 | K305: 무통장입금 | L305: 과세 | M305: 2026-02-07 | N305: 배송완료 | O305: 119000 | P305: 82110 | Q305: 1 | R305: 0 | S305: 0 | T305: 0 | U305: 0 | V305: 0 | W305: 31 | X305: 0 | Y305: 0 | Z305: 0 | AA305: 0 | AB305: 0 | AC305: 119000 | AD305: 82110 | AE305: 0 | AF305: 0 | AG305: 119000 | AH305: 82110 | AI305: 33536 | AJ305: 3354 | AK305: 36890
A306: 305 | B306: 133329 | C306: 주식회사 로가온 | D306: 20260205993716 | E306: 김*생 | F306: 58481090 | G306: 방송 | H306: [워커힐]워커힐 고메 시그니처 양념 본갈비 8팩 | I306: 001 | J306: 없음 | K306: 신용카드 | L306: 과세 | M306: 2026-02-07 | N306: 배송완료 | O306: 119000 | P306: 82110 | Q306: 1 | R306: 0 | S306: 0 | T306: 0 | U306: 0 | V306: 0 | W306: 31 | X306: 0 | Y306: 0 | Z306: 0 | AA306: 0 | AB306: 0 | AC306: 119000 | AD306: 82110 | AE306: 0 | AF306: 0 | AG306: 119000 | AH306: 82110 | AI306: 33536 | AJ306: 3354 | AK306: 36890
A307: 306 | B307: 133329 | C307: 주식회사 로가온 | D307: 20260205994897 | E307: 손*선 | F307: 58481090 | G307: 방송 | H307: [워커힐]워커힐 고메 시그니처 양념 본갈비 8팩 | I307: 001 | J307: 없음 | K307: 신용카드 | L307: 과세 | M307: 2026-02-07 | N307: 배송완료 | O307: 119000 | P307: 82110 | Q307: 1 | R307: 0 | S307: 0 | T307: 0 | U307: 0 | V307: 0 | W307: 31 | X307: 0 | Y307: 0 | Z307: 0 | AA307: 0 | AB307: 0 | AC307: 119000 | AD307: 82110 | AE307: 0 | AF307: 0 | AG307: 119000 | AH307: 82110 | AI307: 33536 | AJ307: 3354 | AK307: 36890
A308: 307 | B308: 133329 | C308: 주식회사 로가온 | D308: 20260205995346 | E308: 김*수 | F308: 58481090 | G308: 방송 | H308: [워커힐]워커힐 고메 시그니처 양념 본갈비 8팩 | I308: 001 | J308: 없음 | K308: 무통장입금 | L308: 과세 | M308: 2026-02-07 | N308: 배송완료 | O308: 119000 | P308: 82110 | Q308: 1 | R308: 0 | S308: 0 | T308: 0 | U308: 0 | V308: 0 | W308: 31 | X308: 0 | Y308: 0 | Z308: 0 | AA308: 0 | AB308: 0 | AC308: 119000 | AD308: 82110 | AE308: 0 | AF308: 0 | AG308: 119000 | AH308: 82110 | AI308: 33536 | AJ308: 3354 | AK308: 36890
A309: 308 | B309: 133329 | C309: 주식회사 로가온 | D309: 20260205994059 | E309: 김** | F309: 58481090 | G309: 방송 | H309: [워커힐]워커힐 고메 시그니처 양념 본갈비 8팩 | I309: 001 | J309: 없음 | K309: 신용카드 | L309: 과세 | M309: 2026-02-07 | N309: 배송완료 | O309: 119000 | P309: 82110 | Q309: 1 | R309: 0 | S309: 0 | T309: 0 | U309: 0 | V309: 0 | W309: 31 | X309: 0 | Y309: 10000 | Z309: 0 | AA309: 0 | AB309: 0 | AC309: 119000 | AD309: 82110 | AE309: 0 | AF309: 10000 | AG309: 109000 | AH309: 82110 | AI309: 24445 | AJ309: 2445 | AK309: 26890
A310: 309 | B310: 133329 | C310: 주식회사 로가온 | D310: 20260205994147 | E310: 나*양 | F310: 58481090 | G310: 방송 | H310: [워커힐]워커힐 고메 시그니처 양념 본갈비 8팩 | I310: 001 | J310: 없음 | K310: 신용카드 | L310: 과세 | M310: 2026-02-07 | N310: 배송완료 | O310: 119000 | P310: 82110 | Q310: 1 | R310: 0 | S310: 0 | T310: 0 | U310: 0 | V310: 0 | W310: 31 | X310: 0 | Y310: 0 | Z310: 0 | AA310: 0 | AB310: 0 | AC310: 119000 | AD310: 82110 | AE310: 0 | AF310: 0 | AG310: 119000 | AH310: 82110 | AI310: 33536 | AJ310: 3354 | AK310: 36890
A311: 310 | B311: 133329 | C311: 주식회사 로가온 | D311: 20260205993758 | E311: 박*상 | F311: 58481090 | G311: 방송 | H311: [워커힐]워커힐 고메 시그니처 양념 본갈비 8팩 | I311: 001 | J311: 없음 | K311: 신용카드 | L311: 과세 | M311: 2026-02-07 | N311: 배송완료 | O311: 119000 | P311: 82110 | Q311: 1 | R311: 0 | S311: 0 | T311: 0 | U311: 0 | V311: 0 | W311: 31 | X311: 0 | Y311: 0 | Z311: 0 | AA311: 0 | AB311: 0 | AC311: 119000 | AD311: 82110 | AE311: 0 | AF311: 0 | AG311: 119000 | AH311: 82110 | AI311: 33536 | AJ311: 3354 | AK311: 36890
A312: 311 | B312: 133329 | C312: 주식회사 로가온 | D312: 20260205994158 | E312: 김*옥 | F312: 58481090 | G312: 방송 | H312: [워커힐]워커힐 고메 시그니처 양념 본갈비 8팩 | I312: 001 | J312: 없음 | K312: 신용카드 | L312: 과세 | M312: 2026-02-07 | N312: 배송완료 | O312: 119000 | P312: 82110 | Q312: 1 | R312: 0 | S312: 0 | T312: 0 | U312: 0 | V312: 0 | W312: 31 | X312: 0 | Y312: 0 | Z312: 0 | AA312: 0 | AB312: 0 | AC312: 119000 | AD312: 82110 | AE312: 0 | AF312: 0 | AG312: 119000 | AH312: 82110 | AI312: 33536 | AJ312: 3354 | AK312: 36890
A313: 312 | B313: 133329 | C313: 주식회사 로가온 | D313: 20260205994158 | E313: 김*옥 | F313: 58481090 | G313: 방송 | H313: [워커힐]워커힐 고메 시그니처 양념 본갈비 8팩 | I313: 001 | J313: 없음 | K313: 신용카드 | L313: 과세 | M313: 2026-02-07 | N313: 배송완료 | O313: 119000 | P313: 82110 | Q313: 1 | R313: 0 | S313: 0 | T313: 0 | U313: 0 | V313: 0 | W313: 31 | X313: 0 | Y313: 0 | Z313: 0 | AA313: 0 | AB313: 0 | AC313: 119000 | AD313: 82110 | AE313: 0 | AF313: 0 | AG313: 119000 | AH313: 82110 | AI313: 33536 | AJ313: 3354 | AK313: 36890
A314: 313 | B314: 133329 | C314: 주식회사 로가온 | D314: 20260205993463 | E314: 김*민 | F314: 58481090 | G314: 방송 | H314: [워커힐]워커힐 고메 시그니처 양념 본갈비 8팩 | I314: 001 | J314: 없음 | K314: 신용카드 | L314: 과세 | M314: 2026-02-07 | N314: 배송완료 | O314: 119000 | P314: 82110 | Q314: 1 | R314: 0 | S314: 0 | T314: 0 | U314: 0 | V314: 0 | W314: 31 | X314: 0 | Y314: 0 | Z314: 0 | AA314: 0 | AB314: 0 | AC314: 119000 | AD314: 82110 | AE314: 0 | AF314: 0 | AG314: 119000 | AH314: 82110 | AI314: 33536 | AJ314: 3354 | AK314: 36890
A315: 314 | B315: 133329 | C315: 주식회사 로가온 | D315: 20260205994122 | E315: 김*경 | F315: 58481090 | G315: 방송 | H315: [워커힐]워커힐 고메 시그니처 양념 본갈비 8팩 | I315: 001 | J315: 없음 | K315: 신용카드 | L315: 과세 | M315: 2026-02-07 | N315: 배송완료 | O315: 119000 | P315: 82110 | Q315: 1 | R315: 0 | S315: 0 | T315: 0 | U315: 0 | V315: 0 | W315: 31 | X315: 0 | Y315: 0 | Z315: 0 | AA315: 0 | AB315: 0 | AC315: 119000 | AD315: 82110 | AE315: 0 | AF315: 0 | AG315: 119000 | AH315: 82110 | AI315: 33536 | AJ315: 3354 | AK315: 36890
A316: 315 | B316: 133329 | C316: 주식회사 로가온 | D316: 20260205995057 | E316: 하*연 | F316: 58481090 | G316: 방송 | H316: [워커힐]워커힐 고메 시그니처 양념 본갈비 8팩 | I316: 001 | J316: 없음 | K316: 신용카드 | L316: 과세 | M316: 2026-02-07 | N316: 배송완료 | O316: 119000 | P316: 82110 | Q316: 1 | R316: 0 | S316: 0 | T316: 0 | U316: 0 | V316: 0 | W316: 31 | X316: 0 | Y316: 10000 | Z316: 0 | AA316: 0 | AB316: 0 | AC316: 119000 | AD316: 82110 | AE316: 0 | AF316: 10000 | AG316: 109000 | AH316: 82110 | AI316: 24445 | AJ316: 2445 | AK316: 26890
... A318: 317 | B318: 133329 | C318: 주식회사 로가온 | D318: 20260205993913 | E318: 김*은 | F318: 58481090 | G318: 방송 | H318: [워커힐]워커힐 고메 시그니처 양념 본갈비 8팩 | I318: 001 | J318: 없음 | K318: 신용카드 | L318: 과세 | M318: 2026-02-07 | N318: 배송완료 | O318: 119000 | P318: 82110 | Q318: 1 | R318: 0 | S318: 0 | T318: 0 | U318: 0 | V318: 0 | W318: 31 | X318: 0 | Y318: 10000 | Z318: 0 | AA318: 0 | AB318: 0 | AC318: 119000 | AD318: 82110 | AE318: 0 | AF318: 10000 | AG318: 109000 | AH318: 82110 | AI318: 24445 | AJ318: 2445 | AK318: 26890
A319: 318 | B319: 133329 | C319: 주식회사 로가온 | D319: 20260205994535 | E319: 박*현 | F319: 58481090 | G319: 방송 | H319: [워커힐]워커힐 고메 시그니처 양념 본갈비 8팩 | I319: 001 | J319: 없음 | L319: 과세 | M319: 2026-02-07 | N319: 배송완료 | O319: 119000 | P319: 82110 | Q319: 2 | R319: 0 | S319: 0 | T319: 0 | U319: 0 | V319: 0 | W319: 31 | X319: 0 | Y319: 0 | Z319: 0 | AA319: 0 | AB319: 0 | AC319: 238000 | AD319: 164220 | AE319: 0 | AF319: 0 | AG319: 238000 | AH319: 164220 | AI319: 67073 | AJ319: 6707 | AK319: 73780
A320: 319 | B320: 133329 | C320: 주식회사 로가온 | D320: 20260205994836 | E320: 박*자 | F320: 58481090 | G320: 방송 | H320: [워커힐]워커힐 고메 시그니처 양념 본갈비 8팩 | I320: 001 | J320: 없음 | K320: 신용카드 | L320: 과세 | M320: 2026-02-07 | N320: 배송완료 | O320: 119000 | P320: 82110 | Q320: 1 | R320: 0 | S320: 0 | T320: 0 | U320: 0 | V320: 0 | W320: 31 | X320: 0 | Y320: 0 | Z320: 0 | AA320: 0 | AB320: 0 | AC320: 119000 | AD320: 82110 | AE320: 0 | AF320: 0 | AG320: 119000 | AH320: 82110 | AI320: 33536 | AJ320: 3354 | AK320: 36890
A321: 320 | B321: 133329 | C321: 주식회사 로가온 | D321: 20260205994447 | E321: 김*영 | F321: 58481090 | G321: 방송 | H321: [워커힐]워커힐 고메 시그니처 양념 본갈비 8팩 | I321: 001 | J321: 없음 | K321: 신용카드 | L321: 과세 | M321: 2026-02-07 | N321: 배송완료 | O321: 119000 | P321: 82110 | Q321: 1 | R321: 0 | S321: 0 | T321: 0 | U321: 0 | V321: 0 | W321: 31 | X321: 0 | Y321: 0 | Z321: 0 | AA321: 0 | AB321: 0 | AC321: 119000 | AD321: 82110 | AE321: 0 | AF321: 0 | AG321: 119000 | AH321: 82110 | AI321: 33536 | AJ321: 3354 | AK321: 36890
A322: 321 | B322: 133329 | C322: 주식회사 로가온 | D322: 20260205995071 | E322: 최*용 | F322: 58481090 | G322: 방송 | H322: [워커힐]워커힐 고메 시그니처 양념 본갈비 8팩 | I322: 001 | J322: 없음 | K322: 신용카드 | L322: 과세 | M322: 2026-02-07 | N322: 배송완료 | O322: 119000 | P322: 82110 | Q322: 1 | R322: 0 | S322: 0 | T322: 0 | U322: 0 | V322: 0 | W322: 31 | X322: 0 | Y322: 0 | Z322: 0 | AA322: 0 | AB322: 0 | AC322: 119000 | AD322: 82110 | AE322: 0 | AF322: 0 | AG322: 119000 | AH322: 82110 | AI322: 33536 | AJ322: 3354 | AK322: 36890
A323: 322 | B323: 133329 | C323: 주식회사 로가온 | D323: 20260205994350 | E323: 이*용 | F323: 58481090 | G323: 방송 | H323: [워커힐]워커힐 고메 시그니처 양념 본갈비 8팩 | I323: 001 | J323: 없음 | K323: 신용카드 | L323: 과세 | M323: 2026-02-07 | N323: 배송완료 | O323: 119000 | P323: 82110 | Q323: 1 | R323: 0 | S323: 0 | T323: 0 | U323: 0 | V323: 0 | W323: 31 | X323: 0 | Y323: 0 | Z323: 0 | AA323: 0 | AB323: 0 | AC323: 119000 | AD323: 82110 | AE323: 0 | AF323: 0 | AG323: 119000 | AH323: 82110 | AI323: 33536 | AJ323: 3354 | AK323: 36890
A324: 323 | B324: 133329 | C324: 주식회사 로가온 | D324: 20260205992509 | E324: 문*현 | F324: 58481090 | G324: 방송 | H324: [워커힐]워커힐 고메 시그니처 양념 본갈비 8팩 | I324: 001 | J324: 없음 | K324: 신용카드 | L324: 과세 | M324: 2026-02-07 | N324: 배송완료 | O324: 119000 | P324: 82110 | Q324: 1 | R324: 0 | S324: 0 | T324: 0 | U324: 0 | V324: 0 | W324: 31 | X324: 0 | Y324: 0 | Z324: 0 | AA324: 0 | AB324: 0 | AC324: 119000 | AD324: 82110 | AE324: 0 | AF324: 0 | AG324: 119000 | AH324: 82110 | AI324: 33536 | AJ324: 3354 | AK324: 36890
A325: 324 | B325: 133329 | C325: 주식회사 로가온 | D325: 20260205995352 | E325: 이*옥 | F325: 58481090 | G325: 방송 | H325: [워커힐]워커힐 고메 시그니처 양념 본갈비 8팩 | I325: 001 | J325: 없음 | K325: 신용카드 | L325: 과세 | M325: 2026-02-07 | N325: 배송완료 | O325: 119000 | P325: 82110 | Q325: 1 | R325: 0 | S325: 0 | T325: 0 | U325: 0 | V325: 0 | W325: 31 | X325: 0 | Y325: 0 | Z325: 0 | AA325: 0 | AB325: 0 | AC325: 119000 | AD325: 82110 | AE325: 0 | AF325: 0 | AG325: 119000 | AH325: 82110 | AI325: 33536 | AJ325: 3354 | AK325: 36890
A326: 325 | B326: 133329 | C326: 주식회사 로가온 | D326: 20260205995384 | E326: 이*자 | F326: 58481090 | G326: 방송 | H326: [워커힐]워커힐 고메 시그니처 양념 본갈비 8팩 | I326: 001 | J326: 없음 | K326: 신용카드 | L326: 과세 | M326: 2026-02-07 | N326: 배송완료 | O326: 119000 | P326: 82110 | Q326: 1 | R326: 0 | S326: 0 | T326: 0 | U326: 0 | V326: 0 | W326: 31 | X326: 0 | Y326: 0 | Z326: 0 | AA326: 0 | AB326: 0 | AC326: 119000 | AD326: 82110 | AE326: 0 | AF326: 0 | AG326: 119000 | AH326: 82110 | AI326: 33536 | AJ326: 3354 | AK326: 36890
A327: 326 | B327: 133329 | C327: 주식회사 로가온 | D327: 20260205994156 | E327: 이*희 | F327: 58481090 | G327: 방송 | H327: [워커힐]워커힐 고메 시그니처 양념 본갈비 8팩 | I327: 001 | J327: 없음 | K327: 무통장입금 | L327: 과세 | M327: 2026-02-07 | N327: 배송완료 | O327: 119000 | P327: 82110 | Q327: 1 | R327: 0 | S327: 0 | T327: 0 | U327: 0 | V327: 0 | W327: 31 | X327: 0 | Y327: 0 | Z327: 0 | AA327: 0 | AB327: 0 | AC327: 119000 | AD327: 82110 | AE327: 0 | AF327: 0 | AG327: 119000 | AH327: 82110 | AI327: 33536 | AJ327: 3354 | AK327: 36890
A328: 327 | B328: 133329 | C328: 주식회사 로가온 | D328: 20260205995064 | E328: 최*자 | F328: 58481090 | G328: 방송 | H328: [워커힐]워커힐 고메 시그니처 양념 본갈비 8팩 | I328: 001 | J328: 없음 | K328: 신용카드 | L328: 과세 | M328: 2026-02-07 | N328: 배송완료 | O328: 119000 | P328: 82110 | Q328: 1 | R328: 0 | S328: 0 | T328: 0 | U328: 0 | V328: 0 | W328: 31 | X328: 0 | Y328: 0 | Z328: 0 | AA328: 0 | AB328: 0 | AC328: 119000 | AD328: 82110 | AE328: 0 | AF328: 0 | AG328: 119000 | AH328: 82110 | AI328: 33536 | AJ328: 3354 | AK328: 36890
A329: 328 | B329: 133329 | C329: 주식회사 로가온 | D329: 20260205995094 | E329: 이*숙 | F329: 58481090 | G329: 방송 | H329: [워커힐]워커힐 고메 시그니처 양념 본갈비 8팩 | I329: 001 | J329: 없음 | K329: 신용카드 | L329: 과세 | M329: 2026-02-07 | N329: 배송완료 | O329: 119000 | P329: 82110 | Q329: 1 | R329: 0 | S329: 0 | T329: 0 | U329: 0 | V329: 0 | W329: 31 | X329: 0 | Y329: 0 | Z329: 0 | AA329: 0 | AB329: 0 | AC329: 119000 | AD329: 82110 | AE329: 0 | AF329: 0 | AG329: 119000 | AH329: 82110 | AI329: 33536 | AJ329: 3354 | AK329: 36890
A330: 329 | B330: 133329 | C330: 주식회사 로가온 | D330: 20260205995405 | E330: 김*래 | F330: 58481090 | G330: 방송 | H330: [워커힐]워커힐 고메 시그니처 양념 본갈비 8팩 | I330: 001 | J330: 없음 | K330: 신용카드 | L330: 과세 | M330: 2026-02-07 | N330: 배송완료 | O330: 119000 | P330: 82110 | Q330: 1 | R330: 0 | S330: 0 | T330: 0 | U330: 0 | V330: 0 | W330: 31 | X330: 0 | Y330: 0 | Z330: 0 | AA330: 0 | AB330: 0 | AC330: 119000 | AD330: 82110 | AE330: 0 | AF330: 0 | AG330: 119000 | AH330: 82110 | AI330: 33536 | AJ330: 3354 | AK330: 36890
A331: 330 | B331: 133329 | C331: 주식회사 로가온 | D331: 20260205995039 | E331: 심*정 | F331: 58481090 | G331: 방송 | H331: [워커힐]워커힐 고메 시그니처 양념 본갈비 8팩 | I331: 001 | J331: 없음 | K331: 신용카드 | L331: 과세 | M331: 2026-02-07 | N331: 배송완료 | O331: 119000 | P331: 82110 | Q331: 1 | R331: 0 | S331: 0 | T331: 0 | U331: 0 | V331: 0 | W331: 31 | X331: 0 | Y331: 0 | Z331: 0 | AA331: 0 | AB331: 0 | AC331: 119000 | AD331: 82110 | AE331: 0 | AF331: 0 | AG331: 119000 | AH331: 82110 | AI331: 33536 | AJ331: 3354 | AK331: 36890
... A372: 371 | B372: 133329 | C372: 주식회사 로가온 | D372: 20260205994440 | E372: 박*연 | F372: 58481090 | G372: 방송 | H372: [워커힐]워커힐 고메 시그니처 양념 본갈비 8팩 | I372: 001 | J372: 없음 | K372: 신용카드 | L372: 과세 | M372: 2026-02-07 | N372: 배송완료 | O372: 119000 | P372: 82110 | Q372: 1 | R372: 0 | S372: 0 | T372: 0 | U372: 0 | V372: 0 | W372: 31 | X372: 0 | Y372: 10000 | Z372: 0 | AA372: 0 | AB372: 0 | AC372: 119000 | AD372: 82110 | AE372: 0 | AF372: 10000 | AG372: 109000 | AH372: 82110 | AI372: 24445 | AJ372: 2445 | AK372: 26890
A373: 372 | B373: 133329 | C373: 주식회사 로가온 | D373: 20260205002208 | E373: 정*순 | F373: 58481090 | G373: 방송 | H373: [워커힐]워커힐 고메 시그니처 양념 본갈비 8팩 | I373: 001 | J373: 없음 | L373: 과세 | M373: 2026-02-07 | N373: 배송완료 | O373: 119000 | P373: 82110 | Q373: 1 | R373: 0 | S373: 0 | T373: 0 | U373: 0 | V373: 0 | W373: 31 | X373: 0 | Y373: 0 | Z373: 0 | AA373: 0 | AB373: 0 | AC373: 119000 | AD373: 82110 | AE373: 0 | AF373: 0 | AG373: 119000 | AH373: 82110 | AI373: 33536 | AJ373: 3354 | AK373: 36890
A374: 373 | B374: 133329 | C374: 주식회사 로가온 | D374: 20260205995362 | E374: 이*옥 | F374: 58481090 | G374: 방송 | H374: [워커힐]워커힐 고메 시그니처 양념 본갈비 8팩 | I374: 001 | J374: 없음 | K374: 신용카드 | L374: 과세 | M374: 2026-02-07 | N374: 배송완료 | O374: 119000 | P374: 82110 | Q374: 1 | R374: 0 | S374: 0 | T374: 0 | U374: 0 | V374: 0 | W374: 31 | X374: 0 | Y374: 0 | Z374: 0 | AA374: 0 | AB374: 0 | AC374: 119000 | AD374: 82110 | AE374: 0 | AF374: 0 | AG374: 119000 | AH374: 82110 | AI374: 33536 | AJ374: 3354 | AK374: 36890
A375: 374 | B375: 133329 | C375: 주식회사 로가온 | D375: 20260205993973 | E375: 김*자 | F375: 58481090 | G375: 방송 | H375: [워커힐]워커힐 고메 시그니처 양념 본갈비 8팩 | I375: 001 | J375: 없음 | K375: 신용카드 | L375: 과세 | M375: 2026-02-07 | N375: 배송완료 | O375: 119000 | P375: 82110 | Q375: 1 | R375: 0 | S375: 0 | T375: 0 | U375: 0 | V375: 0 | W375: 31 | X375: 0 | Y375: 0 | Z375: 0 | AA375: 0 | AB375: 0 | AC375: 119000 | AD375: 82110 | AE375: 0 | AF375: 0 | AG375: 119000 | AH375: 82110 | AI375: 33536 | AJ375: 3354 | AK375: 36890
A376: 375 | B376: 133329 | C376: 주식회사 로가온 | D376: 20260205994109 | E376: 하*숙 | F376: 58481090 | G376: 방송 | H376: [워커힐]워커힐 고메 시그니처 양념 본갈비 8팩 | I376: 001 | J376: 없음 | K376: 신용카드 | L376: 과세 | M376: 2026-02-07 | N376: 배송완료 | O376: 119000 | P376: 82110 | Q376: 1 | R376: 0 | S376: 0 | T376: 0 | U376: 0 | V376: 0 | W376: 31 | X376: 0 | Y376: 0 | Z376: 0 | AA376: 0 | AB376: 0 | AC376: 119000 | AD376: 82110 | AE376: 0 | AF376: 0 | AG376: 119000 | AH376: 82110 | AI376: 33536 | AJ376: 3354 | AK376: 36890
A377: 376 | B377: 133329 | C377: 주식회사 로가온 | D377: 20260205995200 | E377: 하*숙 | F377: 58481090 | G377: 방송 | H377: [워커힐]워커힐 고메 시그니처 양념 본갈비 8팩 | I377: 001 | J377: 없음 | K377: 신용카드 | L377: 과세 | M377: 2026-02-07 | N377: 배송완료 | O377: 119000 | P377: 82110 | Q377: 1 | R377: 0 | S377: 0 | T377: 0 | U377: 0 | V377: 0 | W377: 31 | X377: 0 | Y377: 0 | Z377: 0 | AA377: 0 | AB377: 0 | AC377: 119000 | AD377: 82110 | AE377: 0 | AF377: 0 | AG377: 119000 | AH377: 82110 | AI377: 33536 | AJ377: 3354 | AK377: 36890
A378: 377 | B378: 133329 | C378: 주식회사 로가온 | D378: 20260205994357 | E378: 심*견 | F378: 58481090 | G378: 방송 | H378: [워커힐]워커힐 고메 시그니처 양념 본갈비 8팩 | I378: 001 | J378: 없음 | K378: 신용카드 | L378: 과세 | M378: 2026-02-07 | N378: 배송완료 | O378: 119000 | P378: 82110 | Q378: 1 | R378: 0 | S378: 0 | T378: 0 | U378: 0 | V378: 0 | W378: 31 | X378: 0 | Y378: 0 | Z378: 0 | AA378: 0 | AB378: 0 | AC378: 119000 | AD378: 82110 | AE378: 0 | AF378: 0 | AG378: 119000 | AH378: 82110 | AI378: 33536 | AJ378: 3354 | AK378: 36890
A379: 378 | B379: 133329 | C379: 주식회사 로가온 | D379: 20260205994598 | E379: 조*남 | F379: 58481090 | G379: 방송 | H379: [워커힐]워커힐 고메 시그니처 양념 본갈비 8팩 | I379: 001 | J379: 없음 | L379: 과세 | M379: 2026-02-07 | N379: 배송완료 | O379: 119000 | P379: 82110 | Q379: 1 | R379: 0 | S379: 0 | T379: 0 | U379: 0 | V379: 0 | W379: 31 | X379: 0 | Y379: 0 | Z379: 0 | AA379: 0 | AB379: 0 | AC379: 119000 | AD379: 82110 | AE379: 0 | AF379: 0 | AG379: 119000 | AH379: 82110 | AI379: 33536 | AJ379: 3354 | AK379: 36890
A380: 379 | B380: 133329 | C380: 주식회사 로가온 | D380: 20260205993542 | E380: 고*자 | F380: 58481090 | G380: 방송 | H380: [워커힐]워커힐 고메 시그니처 양념 본갈비 8팩 | I380: 001 | J380: 없음 | K380: 무통장입금 | L380: 과세 | M380: 2026-02-07 | N380: 배송완료 | O380: 119000 | P380: 82110 | Q380: 1 | R380: 0 | S380: 0 | T380: 0 | U380: 0 | V380: 0 | W380: 31 | X380: 0 | Y380: 0 | Z380: 0 | AA380: 0 | AB380: 0 | AC380: 119000 | AD380: 82110 | AE380: 0 | AF380: 0 | AG380: 119000 | AH380: 82110 | AI380: 33536 | AJ380: 3354 | AK380: 36890
A381: 380 | B381: 133329 | C381: 주식회사 로가온 | D381: 20260205994528 | E381: 박*숙 | F381: 58481090 | G381: 방송 | H381: [워커힐]워커힐 고메 시그니처 양념 본갈비 8팩 | I381: 001 | J381: 없음 | K381: 신용카드 | L381: 과세 | M381: 2026-02-07 | N381: 배송완료 | O381: 119000 | P381: 82110 | Q381: 1 | R381: 0 | S381: 0 | T381: 0 | U381: 0 | V381: 0 | W381: 31 | X381: 0 | Y381: 0 | Z381: 0 | AA381: 0 | AB381: 0 | AC381: 119000 | AD381: 82110 | AE381: 0 | AF381: 0 | AG381: 119000 | AH381: 82110 | AI381: 33536 | AJ381: 3354 | AK381: 36890
...

Sheet 정규화데이터
A1: 판매채널 | B1: 주문번호 | C1: 상품명 | D1: 상품코드 | E1: 자사SKU | F1: 판매수량 | G1: 판매가 | H1: 총판매가 | I1: 실정산금액 | J1: VAT제외금액 | K1: 원가 | L1: 총원가
A2: SK스토아 | B2: 20260204818446 | C2: [워커힐]워커힐 고메 시그니처 양념 본갈비 8팩 | D2: 58481090 | E2: SKU001 | F2: 1 | G2: 119000 | H2: 109000 | I2: 82110 | J2: 99090.909 | K2: 61496 | L2: 61496 | M2: Raw_SK 시트에 데이터 입력 완료 후
A3: SK스토아 | B3: 20260204842609 | C3: [워커힐]워커힐 고메 시그니처 양념 본갈비 8팩 | D3: 58481090 | E3: SKU001 | F3: 1 | G3: 119000 | H3: 98800 | I3: 82110 | J3: 89818.182 | K3: 61496 | L3: 61496 | M3: A2:H2 수식을 아래로 복사
A4: SK스토아 | B4: 20260205994554 | C4: [워커힐]워커힐 고메 시그니처 양념 본갈비 8팩 | D4: 58481090 | E4: SKU001 | F4: -1 | G4: 119000 | H4: -113050 | I4: -82110 | J4: -102772.73 | K4: 61496 | L4: -61496 | M4: 자동으로 표준 포맷 변환
A5: SK스토아 | B5: 20260205994554 | C5: [워커힐]워커힐 고메 시그니처 양념 본갈비 8팩 | D5: 58481090 | E5: SKU001 | F5: 1 | G5: 119000 | H5: 113050 | I5: 82110 | J5: 102772.73 | K5: 61496 | L5: 61496
A6: SK스토아 | B6: 20260205974443 | C6: [워커힐]워커힐 고메 시그니처 양념 본갈비 8팩 | D6: 58999583 | E6: SKU001 | F6: 1 | G6: 119000 | H6: 119000 | I6: 82110 | J6: 108181.82 | K6: 61496 | L6: 61496 | M6: Channel_Mapping 테이블에
A7: SK스토아 | B7: 20260204816757 | C7: [워커힐]워커힐 고메 시그니처 양념 본갈비 8팩 | D7: 58999583 | E7: SKU001 | F7: 1 | G7: 119000 | H7: 119000 | I7: 82110 | J7: 108181.82 | K7: 61496 | L7: 61496 | M7: 채널코드가 반드시 등록되어 있어야
A8: SK스토아 | B8: 20260204838783 | C8: [워커힐]워커힐 고메 시그니처 양념 본갈비 8팩 | D8: 58999583 | E8: SKU001 | F8: 1 | G8: 119000 | H8: 101150 | I8: 82110 | J8: 91954.545 | K8: 61496 | L8: 61496 | M8: 자사SKU 매핑이 정상 작동합니다.
A9: SK스토아 | B9: 20260205993814 | C9: [워커힐]워커힐 고메 시그니처 양념 본갈비 8팩 | D9: 58481090 | E9: SKU001 | F9: 2 | G9: 119000 | H9: 238000 | I9: 164220 | J9: 216363.64 | K9: 61496 | L9: 122992
A10: SK스토아 | B10: 20260205994105 | C10: [워커힐]워커힐 고메 시그니처 양념 본갈비 8팩 | D10: 58481090 | E10: SKU001 | F10: 1 | G10: 119000 | H10: 119000 | I10: 82110 | J10: 108181.82 | K10: 61496 | L10: 61496 | M10: 회색 = 자동계산 수식
A11: SK스토아 | B11: 20260205995257 | C11: [워커힐]워커힐 고메 시그니처 양념 본갈비 8팩 | D11: 58481090 | E11: SKU001 | F11: 1 | G11: 119000 | H11: 119000 | I11: 82110 | J11: 108181.82 | K11: 61496 | L11: 61496
A12: SK스토아 | B12: 20260205993931 | C12: [워커힐]워커힐 고메 시그니처 양념 본갈비 8팩 | D12: 58481090 | E12: SKU001 | F12: 1 | G12: 119000 | H12: 119000 | I12: 82110 | J12: 108181.82 | K12: 61496 | L12: 61496
A13: SK스토아 | B13: 20260205992438 | C13: [워커힐]워커힐 고메 시그니처 양념 본갈비 8팩 | D13: 58481090 | E13: SKU001 | F13: 1 | G13: 119000 | H13: 119000 | I13: 82110 | J13: 108181.82 | K13: 61496 | L13: 61496
A14: SK스토아 | B14: 20260205992964 | C14: [워커힐]워커힐 고메 시그니처 양념 본갈비 8팩 | D14: 58481090 | E14: SKU001 | F14: 1 | G14: 119000 | H14: 113050 | I14: 82110 | J14: 102772.73 | K14: 61496 | L14: 61496
A15: SK스토아 | B15: 20260205995526 | C15: [워커힐]워커힐 고메 시그니처 양념 본갈비 8팩 | D15: 58481090 | E15: SKU001 | F15: 1 | G15: 119000 | H15: 119000 | I15: 82110 | J15: 108181.82 | K15: 61496 | L15: 61496
A16: SK스토아 | B16: 20260205995622 | C16: [워커힐]워커힐 고메 시그니처 양념 본갈비 8팩 | D16: 58481090 | E16: SKU001 | F16: 1 | G16: 119000 | H16: 119000 | I16: 82110 | J16: 108181.82 | K16: 61496 | L16: 61496
A17: SK스토아 | B17: 20260205997344 | C17: [워커힐]워커힐 고메 시그니처 양념 본갈비 8팩 | D17: 58481090 | E17: SKU001 | F17: 1 | G17: 119000 | H17: 113050 | I17: 82110 | J17: 102772.73 | K17: 61496 | L17: 61496
A18: SK스토아 | B18: 20260205995265 | C18: [워커힐]워커힐 고메 시그니처 양념 본갈비 8팩 | D18: 58481090 | E18: SKU001 | F18: 1 | G18: 119000 | H18: 119000 | I18: 82110 | J18: 108181.82 | K18: 61496 | L18: 61496
A19: SK스토아 | B19: 20260205994047 | C19: [워커힐]워커힐 고메 시그니처 양념 본갈비 8팩 | D19: 58481090 | E19: SKU001 | F19: 1 | G19: 119000 | H19: 114000 | I19: 82110 | J19: 103636.36 | K19: 61496 | L19: 61496
A20: SK스토아 | B20: 20260205995035 | C20: [워커힐]워커힐 고메 시그니처 양념 본갈비 8팩 | D20: 58481090 | E20: SKU001 | F20: 1 | G20: 119000 | H20: 119000 | I20: 82110 | J20: 108181.82 | K20: 61496 | L20: 61496
A21: SK스토아 | B21: 20260205994804 | C21: [워커힐]워커힐 고메 시그니처 양념 본갈비 8팩 | D21: 58481090 | E21: SKU001 | F21: 1 | G21: 119000 | H21: 119000 | I21: 82110 | J21: 108181.82 | K21: 61496 | L21: 61496
A22: SK스토아 | B22: 20260205993699 | C22: [워커힐]워커힐 고메 시그니처 양념 본갈비 8팩 | D22: 58481090 | E22: SKU001 | F22: 1 | G22: 119000 | H22: 105910 | I22: 82110 | J22: 96281.818 | K22: 61496 | L22: 61496
... A590: SK스토아 | B590: 20260210361447 | C590: [워커힐]워커힐 고메 시그니처 양념 본갈비 8팩 | D590: 58481090 | E590: SKU001 | F590: 1 | G590: 119000 | H590: 119000 | I590: 80920 | J590: 108181.82 | K590: 61496 | L590: 61496
A591: SK스토아 | B591: 20260210361487 | C591: [워커힐]워커힐 고메 시그니처 양념 본갈비 8팩 | D591: 58481090 | E591: SKU001 | F591: 1 | G591: 119000 | H591: 119000 | I591: 80920 | J591: 108181.82 | K591: 61496 | L591: 61496 | M591: Raw_SK 시트에 데이터 입력 완료 후
A592: SK스토아 | B592: 20260210361437 | C592: [워커힐]워커힐 고메 시그니처 양념 본갈비 8팩 | D592: 58481090 | E592: SKU001 | F592: 1 | G592: 119000 | H592: 119000 | I592: 80920 | J592: 108181.82 | K592: 61496 | L592: 61496 | M592: Raw_SK 시트에 데이터 입력 완료 후
A593: SK스토아 | B593: 20260210361980 | C593: [워커힐]워커힐 고메 시그니처 양념 본갈비 8팩 | D593: 58481090 | E593: SKU001 | F593: 1 | G593: 119000 | H593: 119000 | I593: 80920 | J593: 108181.82 | K593: 61496 | L593: 61496 | M593: Raw_SK 시트에 데이터 입력 완료 후
A594: SK스토아 | B594: 20260210361671 | C594: [워커힐]워커힐 고메 시그니처 양념 본갈비 8팩 | D594: 58481090 | E594: SKU001 | F594: 1 | G594: 119000 | H594: 119000 | I594: 80920 | J594: 108181.82 | K594: 61496 | L594: 61496 | M594: Raw_SK 시트에 데이터 입력 완료 후
A595: SK스토아 | B595: 20260210361805 | C595: [워커힐]워커힐 고메 시그니처 양념 본갈비 8팩 | D595: 58481090 | E595: SKU001 | F595: 1 | G595: 119000 | H595: 119000 | I595: 80920 | J595: 108181.82 | K595: 61496 | L595: 61496 | M595: Raw_SK 시트에 데이터 입력 완료 후
A596: SK스토아 | B596: 20260210361070 | C596: [워커힐]워커힐 고메 시그니처 양념 본갈비 8팩 | D596: 58481090 | E596: SKU001 | F596: 1 | G596: 119000 | H596: 119000 | I596: 80920 | J596: 108181.82 | K596: 61496 | L596: 61496 | M596: Raw_SK 시트에 데이터 입력 완료 후
A597: SK스토아 | B597: 20260210361609 | C597: [워커힐]워커힐 고메 시그니처 양념 본갈비 8팩 | D597: 58481090 | E597: SKU001 | F597: 1 | G597: 119000 | H597: 109000 | I597: 80920 | J597: 99090.909 | K597: 61496 | L597: 61496 | M597: Raw_SK 시트에 데이터 입력 완료 후
A598: SK스토아 | B598: 20260210361990 | C598: [워커힐]워커힐 고메 시그니처 양념 본갈비 8팩 | D598: 58481090 | E598: SKU001 | F598: 1 | G598: 119000 | H598: 113050 | I598: 80920 | J598: 102772.73 | K598: 61496 | L598: 61496 | M598: Raw_SK 시트에 데이터 입력 완료 후
A599: SK스토아 | B599: 20260210361401 | C599: [워커힐]워커힐 고메 시그니처 양념 본갈비 8팩 | D599: 58481090 | E599: SKU001 | F599: 1 | G599: 119000 | H599: 119000 | I599: 80920 | J599: 108181.82 | K599: 61496 | L599: 61496 | M599: Raw_SK 시트에 데이터 입력 완료 후
A600: SK스토아 | B600: 20260210360406 | C600: [워커힐]워커힐 고메 시그니처 양념 본갈비 8팩 | D600: 58481090 | E600: SKU001 | F600: 1 | G600: 119000 | H600: 119000 | I600: 80920 | J600: 108181.82 | K600: 61496 | L600: 61496 | M600: Raw_SK 시트에 데이터 입력 완료 후
A601: SK스토아 | B601: 20260210361356 | C601: [워커힐]워커힐 고메 시그니처 양념 본갈비 8팩 | D601: 58481090 | E601: SKU001 | F601: 1 | G601: 119000 | H601: 119000 | I601: 80920 | J601: 108181.82 | K601: 61496 | L601: 61496 | M601: Raw_SK 시트에 데이터 입력 완료 후
A602: SK스토아 | B602: 20260210360454 | C602: [워커힐]워커힐 고메 시그니처 양념 본갈비 8팩 | D602: 58481090 | E602: SKU001 | F602: 1 | G602: 119000 | H602: 119000 | I602: 80920 | J602: 108181.82 | K602: 61496 | L602: 61496 | M602: Raw_SK 시트에 데이터 입력 완료 후
... A880: SK스토아 | B880: 20260210360908 | C880: [워커힐]워커힐 고메 시그니처 양념 본갈비 8팩 | D880: 58481090 | E880: SKU001 | F880: 1 | G880: 119000 | H880: 113050 | I880: 80920 | J880: 102772.73 | K880: 61496 | L880: 61496 | M880: Raw_SK 시트에 데이터 입력 완료 후
A881: SK스토아 | B881: 20260210342835 | C881: [워커힐]워커힐 고메 시그니처 양념 본갈비 8팩 | D881: 58481090 | E881: SKU001 | F881: 1 | G881: 119000 | H881: 119000 | I881: 80920 | J881: 108181.82 | K881: 61496 | L881: 61496
A882: 쿠팡 | B882: 12100169248866 | C882: 워커힐 시그니처 양념 본갈비 300g | D882: 쿠팡_미지정 | E882: SKU001 | F882: 1 | G882: 20900 | H882: 20900 | I882: 18183 | J882: 19000 | K882: 7687 | L882: 7687
A883: 쿠팡 | B883: 28100169339326 | C883: 워커힐 시그니처 양념 본갈비 300g | D883: 쿠팡_미지정 | E883: SKU001 | F883: 1 | G883: 20900 | H883: 20900 | I883: 18183 | J883: 19000 | K883: 7687 | L883: 7687
A884: 쿠팡 | B884: 30100169868577 | C884: 워커힐 시그니처 양념 본갈비 300g | D884: 쿠팡_미지정 | E884: SKU001 | F884: 3 | G884: 20900 | H884: 62700 | I884: 54549 | J884: 57000 | K884: 7687 | L884: 23061
A885: 쿠팡 | B885: 19100169693948 | C885: 워커힐 시그니처 양념 본갈비 300g | D885: 쿠팡_미지정 | E885: SKU001 | F885: 1 | G885: 20900 | H885: 20900 | I885: 18183 | J885: 19000 | K885: 7687 | L885: 7687
A886: 쿠팡 | B886: 26100169614931 | C886: 워커힐 시그니처 양념 본갈비 300g | D886: 쿠팡_미지정 | E886: SKU001 | F886: 1 | G886: 40000 | H886: 40000 | I886: 34800 | J886: 36363.636 | K886: 7687 | L886: 7687
A887: 쿠팡 | B887: 7100170513612 | C887: 워커힐 시그니처 양념 본갈비 300g | D887: 쿠팡_미지정 | E887: SKU001 | F887: 1 | G887: 78000 | H887: 78000 | I887: 67860 | J887: 70909.091 | K887: 7687 | L887: 7687
A888: 쿠팡 | B888: 32100170207333 | C888: 워커힐 시그니처 양념 본갈비 300g | D888: 쿠팡_미지정 | E888: SKU001 | F888: 1 | G888: 78000 | H888: 78000 | I888: 67860 | J888: 70909.091 | K888: 7687 | L888: 7687
A889: 쿠팡 | B889: 18100170248996 | C889: 워커힐 시그니처 양념 본갈비 300g | D889: 쿠팡_미지정 | E889: SKU001 | F889: 1 | G889: 40000 | H889: 40000 | I889: 34800 | J889: 36363.636 | K889: 7687 | L889: 7687
A890: 쿠팡 | B890: 9100170443201 | C890: 워커힐 시그니처 양념 본갈비 300g | D890: 쿠팡_미지정 | E890: SKU001 | F890: 1 | G890: 78000 | H890: 78000 | I890: 67860 | J890: 70909.091 | K890: 7687 | L890: 7687
A891: 쿠팡 | B891: 9100170453124 | C891: 워커힐 시그니처 양념 본갈비 300g | D891: 쿠팡_미지정 | E891: SKU001 | F891: 1 | G891: 78000 | H891: 78000 | I891: 67860 | J891: 70909.091 | K891: 7687 | L891: 7687
A892: 쿠팡 | B892: 16100171241527 | C892: 워커힐 시그니처 양념 본갈비 300g | D892: 쿠팡_미지정 | E892: SKU001 | F892: 1 | G892: 40000 | H892: 40000 | I892: 34800 | J892: 36363.636 | K892: 7687 | L892: 7687
A893: 쿠팡 | B893: 32100170791524 | C893: 워커힐 시그니처 양념 본갈비 300g | D893: 쿠팡_미지정 | E893: SKU001 | F893: 1 | G893: 78000 | H893: 78000 | I893: 67860 | J893: 70909.091 | K893: 7687 | L893: 7687
... A905: 카카오 | B905: 3242973875 | C905: 워커힐 시그니처 양념 본갈비 300g, 1개 | D905: A1 | E905: SKU001 | F905: 2 | G905: 45800 | H905: 91600 | I905: 85188 | J905: 83272.727 | K905: 7687 | L905: 15374
A906: 리씽크 | B906: 2.0260205e+18 | C906: 워커힐 본갈비 3+1 최초❤️5만원대! 총1.2kg✨호텔특제 양념갈비 8인분 (✨1인분 7,375원꼴! / [300g,2인분] x 총 4팩 / ✨초이스등급 본갈비 / ❣️워커힐 | D906: 143790 | E906: SKU001 | F906: 1 | G906: 41363.636 | H906: 45500 | I906: 45500 | J906: 41363.636 | K906: 30748 | L906: 30748
A907: 리씽크 | B907: 2.0260205e+18 | C907: 워커힐 본갈비 3+1 최초❤️5만원대! 총1.2kg✨호텔특제 양념갈비 8인분 (✨1인분 7,375원꼴! / [300g,2인분] x 총 4팩 / ✨초이스등급 본갈비 / ❣️워커힐 | D907: 143790 | E907: SKU001 | F907: 1 | G907: 41363.636 | H907: 45500 | I907: 45500 | J907: 41363.636 | K907: 30748 | L907: 30748
A908: 리씽크 | B908: 2.0260205e+18 | C908: 워커힐 본갈비 3+1 최초❤️5만원대! 총1.2kg✨호텔특제 양념갈비 8인분 (✨1인분 7,375원꼴! / [300g,2인분] x 총 4팩 / ✨초이스등급 본갈비 / ❣️워커힐 | D908: 143790 | E908: SKU001 | F908: 1 | G908: 41363.636 | H908: 45500 | I908: 45500 | J908: 41363.636 | K908: 30748 | L908: 30748
A909: 리씽크 | B909: 2.0260205e+18 | C909: 워커힐 본갈비 3+1 최초❤️5만원대! 총1.2kg✨호텔특제 양념갈비 8인분 (✨1인분 7,375원꼴! / [300g,2인분] x 총 4팩 / ✨초이스등급 본갈비 / ❣️워커힐 | D909: 143790 | E909: SKU001 | F909: 1 | G909: 41363.636 | H909: 45500 | I909: 45500 | J909: 41363.636 | K909: 30748 | L909: 30748
A910: 리씽크 | B910: 2.0260205e+18 | C910: 워커힐 본갈비 3+1 최초❤️5만원대! 총1.2kg✨호텔특제 양념갈비 8인분 (✨1인분 7,375원꼴! / [300g,2인분] x 총 4팩 / ✨초이스등급 본갈비 / ❣️워커힐 | D910: 143790 | E910: SKU001 | F910: 1 | G910: 41363.636 | H910: 45500 | I910: 45500 | J910: 41363.636 | K910: 30748 | L910: 30748
A911: 리씽크 | B911: 2.0260205e+18 | C911: 워커힐 본갈비 3+1 최초❤️5만원대! 총1.2kg✨호텔특제 양념갈비 8인분 (✨1인분 7,375원꼴! / [300g,2인분] x 총 4팩 / ✨초이스등급 본갈비 / ❣️워커힐 | D911: 143790 | E911: SKU001 | F911: 1 | G911: 41363.636 | H911: 45500 | I911: 45500 | J911: 41363.636 | K911: 30748 | L911: 30748
A912: 리씽크 | B912: 2.0260205e+18 | C912: 워커힐 본갈비 3+1 최초❤️5만원대! 총1.2kg✨호텔특제 양념갈비 8인분 (✨1인분 7,375원꼴! / [300g,2인분] x 총 4팩 / ✨초이스등급 본갈비 / ❣️워커힐 | D912: 143790 | E912: SKU001 | F912: 2 | G912: 41363.636 | H912: 91000 | I912: 91000 | J912: 82727.273 | K912: 30748 | L912: 61496
A913: 리씽크 | B913: 2.0260205e+18 | C913: 워커힐 본갈비 3+1 최초❤️5만원대! 총1.2kg✨호텔특제 양념갈비 8인분 (✨1인분 7,375원꼴! / [300g,2인분] x 총 4팩 / ✨초이스등급 본갈비 / ❣️워커힐 | D913: 143790 | E913: SKU001 | F913: 1 | G913: 41363.636 | H913: 45500 | I913: 45500 | J913: 41363.636 | K913: 30748 | L913: 30748
A914: 리씽크 | B914: 2.0260205e+18 | C914: 워커힐 본갈비 3+1 최초❤️5만원대! 총1.2kg✨호텔특제 양념갈비 8인분 (✨1인분 7,375원꼴! / [300g,2인분] x 총 4팩 / ✨초이스등급 본갈비 / ❣️워커힐 | D914: 143790 | E914: SKU001 | F914: 1 | G914: 41363.636 | H914: 45500 | I914: 45500 | J914: 41363.636 | K914: 30748 | L914: 30748
A915: 리씽크 | B915: 2.0260205e+18 | C915: 워커힐 본갈비 3+1 최초❤️5만원대! 총1.2kg✨호텔특제 양념갈비 8인분 (✨1인분 7,375원꼴! / [300g,2인분] x 총 4팩 / ✨초이스등급 본갈비 / ❣️워커힐 | D915: 143790 | E915: SKU001 | F915: 1 | G915: 41363.636 | H915: 45500 | I915: 45500 | J915: 41363.636 | K915: 30748 | L915: 30748
A916: 리씽크 | B916: 2.0260205e+18 | C916: 워커힐 본갈비 3+1 최초❤️5만원대! 총1.2kg✨호텔특제 양념갈비 8인분 (✨1인분 7,375원꼴! / [300g,2인분] x 총 4팩 / ✨초이스등급 본갈비 / ❣️워커힐 | D916: 143790 | E916: SKU001 | F916: 1 | G916: 41363.636 | H916: 45500 | I916: 45500 | J916: 41363.636 | K916: 30748 | L916: 30748
A917: 리씽크 | B917: 2.0260205e+18 | C917: 워커힐 본갈비 3+1 최초❤️5만원대! 총1.2kg✨호텔특제 양념갈비 8인분 (✨1인분 7,375원꼴! / [300g,2인분] x 총 4팩 / ✨초이스등급 본갈비 / ❣️워커힐 | D917: 143790 | E917: SKU001 | F917: 1 | G917: 41363.636 | H917: 45500 | I917: 45500 | J917: 41363.636 | K917: 30748 | L917: 30748
... A1545: 리씽크 | B1545: 2.026021e+18 | C1545: 워커힐 본갈비 3+1 최초❤️5만원대! 총1.2kg✨호텔특제 양념갈비 8인분 (✨1인분 7,375원꼴! / [300g,2인분] x 총 4팩 / ✨초이스등급 본갈비 / ❣️워커힐 | D1545: 143790 | E1545: SKU001 | F1545: 1 | G1545: 57272.727 | H1545: 63000 | I1545: 63000 | J1545: 57272.727 | K1545: 30748 | L1545: 30748

Sheet 정규화데이터 (2)
A1: 주문번호 | B1: 판매채널 | C1: 주문일 | D1: 판매수량 | E1: 판매가 | F1: 총판매가 | G1: 실정산금액 | H1: 총원가
A2: 20260204818446 | B2: SK스토아 | C2: =DATE(LEFT(TEXT(A2,"0"),4),MID(TEXT(A2,"0"),5,2),MID(TEXT(A2,"0"),7,2)) -> 46057 | D2: 1 | E2: 119000 | F2: 109000 | G2: 82110 | H2: 61496
A3: 20260204842609 | B3: SK스토아 | C3: =DATE(LEFT(TEXT(A3,"0"),4),MID(TEXT(A3,"0"),5,2),MID(TEXT(A3,"0"),7,2)) -> 46057 | D3: 1 | E3: 119000 | F3: 98800 | G3: 82110 | H3: 61496
A4: 20260205994554 | B4: SK스토아 | C4: =DATE(LEFT(TEXT(A4,"0"),4),MID(TEXT(A4,"0"),5,2),MID(TEXT(A4,"0"),7,2)) -> 46058 | D4: -1 | E4: 119000 | F4: -113050 | G4: -82110 | H4: -61496
A5: 20260205994554 | B5: SK스토아 | C5: =DATE(LEFT(TEXT(A5,"0"),4),MID(TEXT(A5,"0"),5,2),MID(TEXT(A5,"0"),7,2)) -> 46058 | D5: 1 | E5: 119000 | F5: 113050 | G5: 82110 | H5: 61496
A6: 20260205974443 | B6: SK스토아 | C6: =DATE(LEFT(TEXT(A6,"0"),4),MID(TEXT(A6,"0"),5,2),MID(TEXT(A6,"0"),7,2)) -> 46058 | D6: 1 | E6: 119000 | F6: 119000 | G6: 82110 | H6: 61496
A7: 20260204816757 | B7: SK스토아 | C7: =DATE(LEFT(TEXT(A7,"0"),4),MID(TEXT(A7,"0"),5,2),MID(TEXT(A7,"0"),7,2)) -> 46057 | D7: 1 | E7: 119000 | F7: 119000 | G7: 82110 | H7: 61496
A8: 20260204838783 | B8: SK스토아 | C8: =DATE(LEFT(TEXT(A8,"0"),4),MID(TEXT(A8,"0"),5,2),MID(TEXT(A8,"0"),7,2)) -> 46057 | D8: 1 | E8: 119000 | F8: 101150 | G8: 82110 | H8: 61496
A9: 20260205993814 | B9: SK스토아 | C9: =DATE(LEFT(TEXT(A9,"0"),4),MID(TEXT(A9,"0"),5,2),MID(TEXT(A9,"0"),7,2)) -> 46058 | D9: 2 | E9: 119000 | F9: 238000 | G9: 164220 | H9: 122992
A10: 20260205994105 | B10: SK스토아 | C10: =DATE(LEFT(TEXT(A10,"0"),4),MID(TEXT(A10,"0"),5,2),MID(TEXT(A10,"0"),7,2)) -> 46058 | D10: 1 | E10: 119000 | F10: 119000 | G10: 82110 | H10: 61496
A11: 20260205995257 | B11: SK스토아 | C11: =DATE(LEFT(TEXT(A11,"0"),4),MID(TEXT(A11,"0"),5,2),MID(TEXT(A11,"0"),7,2)) -> 46058 | D11: 1 | E11: 119000 | F11: 119000 | G11: 82110 | H11: 61496
A12: 20260205993931 | B12: SK스토아 | C12: =DATE(LEFT(TEXT(A12,"0"),4),MID(TEXT(A12,"0"),5,2),MID(TEXT(A12,"0"),7,2)) -> 46058 | D12: 1 | E12: 119000 | F12: 119000 | G12: 82110 | H12: 61496
A13: 20260205992438 | B13: SK스토아 | C13: =DATE(LEFT(TEXT(A13,"0"),4),MID(TEXT(A13,"0"),5,2),MID(TEXT(A13,"0"),7,2)) -> 46058 | D13: 1 | E13: 119000 | F13: 119000 | G13: 82110 | H13: 61496
... A1545: 2.026021e+18 | B1545: 리씽크 | C1545: =DATE(LEFT(TEXT(A1545,"0"),4),MID(TEXT(A1545,"0"),5,2),MID(TEXT(A1545,"0"),7,2)) -> 46063 | D1545: 1 | E1545: 57272.727 | F1545: 63000 | G1545: 63000 | H1545: 30748

Sheet 재고현황
A1: 자사SKU | B1: 제품명 | C1: 기초재고 | D1: 누적판매 | E1: 현재고 | F1: 안전재고 | G1: 재고상태 | H1: 발주수량 | J1: 📦 재고 관리 로직
A2: =제품마스터!A2 -> SKU001 | B2: =제품마스터!B2 -> [워커힐] 시그니처 양념갈비 300G | C2: =제품마스터!E2 -> 25000 | D2: =SUMIF(정규화데이터!$C:$C,$A2,정규화데이터!$G:$G) -> 0 | E2: =C2-D2 -> 25000 | F2: =제품마스터!F2 -> 5000 | G2: =IF(E2<F2,"⚠️ 발주필요",IF(E2<F2*1.5,"⚡ 주의","✅ 정상")) -> ✅ 정상 | H2: =IF(E2<F2,MAX(F2*3-E2,0),"") | J2: 현재고: | K2: 기초재고 - 누적소비수량
J3: 누적판매: | K3: 정규화데이터에서 실제 SKU 소비수량 합계
K4: (세트수량 반영됨)
J5: 재고상태:
J6: 재고상태: | K6: 현재고 < 안전재고
J7: ⚠️ 발주필요 | K7: 현재고 < 안전재고
J8: ⚡ 주의 | K8: 현재고 < 안전재고×1.5
J9: ✅ 정상 | K9: 그 외 정상 재고
J10: 발주수량: | K10: 안전재고의 3배까지 발주
J11: 발주수량: | K11: 안전재고의 3배까지 발주
J12: 사용법: | K12: (현재고 부족 시)
J13: 사용법: | K13: A2:H2를 아래로 복사하면 모든 SKU 자동 계산

Sheet 손익분석
A1: 판매채널 | B1: 주문번호 | C1: 상품명 | D1: 상품코드 | E1: 자사SKU | F1: 판매수량 | G1: 판매가 | H1: 총판매가 | I1: 실정산금액 | J1: VAT제외금액 | K1: 원가 | L1: 총원가 | M1: 공헌이익 | N1: 공헌이익율
A2: =정규화데이터!A2 -> SK스토아 | B2: =정규화데이터!B2 -> 20260204818446 | C2: =정규화데이터!C2 -> [워커힐]워커힐 고메 시그니처 양념 본갈비 8팩 | D2: =정규화데이터!D2 -> 58481090 | E2: =정규화데이터!E2 -> SKU001 | F2: =정규화데이터!F2 -> 1 | G2: =정규화데이터!G2 -> 119000 | H2: =정규화데이터!H2 -> 109000 | ... L2: =정규화데이터!L2 -> 61496 | M2: =J2-L2 -> 37594.909 | N2: =IF(J2=0,0,M2/J2) -> 0.37939817
A3: =정규화데이터!A3 -> SK스토아 | B3: =정규화데이터!B3 -> 20260204842609 | C3: =정규화데이터!C3 -> [워커힐]워커힐 고메 시그니처 양념 본갈비 8팩 | D3: =정규화데이터!D3 -> 58481090 | E3: =정규화데이터!E3 -> SKU001 | F3: =정규화데이터!F3 -> 1 | G3: =정규화데이터!G3 -> 119000 | H3: =정규화데이터!H3 -> 98800 | ... L3: =정규화데이터!L3 -> 61496 | M3: =J3-L3 -> 28322.182 | N3: =IF(J3=0,0,M3/J3) -> 0.31532794
A4: =정규화데이터!A4 -> SK스토아 | B4: =정규화데이터!B4 -> 20260205994554 | C4: =정규화데이터!C4 -> [워커힐]워커힐 고메 시그니처 양념 본갈비 8팩 | D4: =정규화데이터!D4 -> 58481090 | E4: =정규화데이터!E4 -> SKU001 | F4: =정규화데이터!F4 -> -1 | G4: =정규화데이터!G4 -> 119000 | H4: =정규화데이터!H4 -> -113050 | ... L4: =정규화데이터!L4 -> -61496 | M4: =J4-L4 -> -41276.727 | N4: =IF(J4=0,0,M4/J4) -> 0.40163114
A5: =정규화데이터!A5 -> SK스토아 | B5: =정규화데이터!B5 -> 20260205994554 | C5: =정규화데이터!C5 -> [워커힐]워커힐 고메 시그니처 양념 본갈비 8팩 | D5: =정규화데이터!D5 -> 58481090 | E5: =정규화데이터!E5 -> SKU001 | F5: =정규화데이터!F5 -> 1 | G5: =정규화데이터!G5 -> 119000 | H5: =정규화데이터!H5 -> 113050 | ... L5: =정규화데이터!L5 -> 61496 | M5: =J5-L5 -> 41276.727 | N5: =IF(J5=0,0,M5/J5) -> 0.40163114
A6: =정규화데이터!A6 -> SK스토아 | B6: =정규화데이터!B6 -> 20260205974443 | C6: =정규화데이터!C6 -> [워커힐]워커힐 고메 시그니처 양념 본갈비 8팩 | D6: =정규화데이터!D6 -> 58999583 | E6: =정규화데이터!E6 -> SKU001 | F6: =정규화데이터!F6 -> 1 | G6: =정규화데이터!G6 -> 119000 | H6: =정규화데이터!H6 -> 119000 | ... L6: =정규화데이터!L6 -> 61496 | M6: =J6-L6 -> 46685.818 | N6: =IF(J6=0,0,M6/J6) -> 0.43154958
A7: =정규화데이터!A7 -> SK스토아 | B7: =정규화데이터!B7 -> 20260204816757 | C7: =정규화데이터!C7 -> [워커힐]워커힐 고메 시그니처 양념 본갈비 8팩 | D7: =정규화데이터!D7 -> 58999583 | E7: =정규화데이터!E7 -> SKU001 | F7: =정규화데이터!F7 -> 1 | G7: =정규화데이터!G7 -> 119000 | H7: =정규화데이터!H7 -> 119000 | ... L7: =정규화데이터!L7 -> 61496 | M7: =J7-L7 -> 46685.818 | N7: =IF(J7=0,0,M7/J7) -> 0.43154958
A8: =정규화데이터!A8 -> SK스토아 | B8: =정규화데이터!B8 -> 20260204838783 | C8: =정규화데이터!C8 -> [워커힐]워커힐 고메 시그니처 양념 본갈비 8팩 | D8: =정규화데이터!D8 -> 58999583 | E8: =정규화데이터!E8 -> SKU001 | F8: =정규화데이터!F8 -> 1 | G8: =정규화데이터!G8 -> 119000 | H8: =정규화데이터!H8 -> 101150 | ... L8: =정규화데이터!L8 -> 61496 | M8: =J8-L8 -> 30458.545 | N8: =IF(J8=0,0,M8/J8) -> 0.3312348
A9: =정규화데이터!A9 -> SK스토아 | B9: =정규화데이터!B9 -> 20260205993814 | C9: =정규화데이터!C9 -> [워커힐]워커힐 고메 시그니처 양념 본갈비 8팩 | D9: =정규화데이터!D9 -> 58481090 | E9: =정규화데이터!E9 -> SKU001 | F9: =정규화데이터!F9 -> 2 | G9: =정규화데이터!G9 -> 119000 | H9: =정규화데이터!H9 -> 238000 | ... L9: =정규화데이터!L9 -> 122992 | M9: =J9-L9 -> 93371.636 | N9: =IF(J9=0,0,M9/J9) -> 0.43154958
A10: =정규화데이터!A10 -> SK스토아 | B10: =정규화데이터!B10 -> 20260205994105 | C10: =정규화데이터!C10 -> [워커힐]워커힐 고메 시그니처 양념 본갈비 8팩 | D10: =정규화데이터!D10 -> 58481090 | E10: =정규화데이터!E10 -> SKU001 | F10: =정규화데이터!F10 -> 1 | G10: =정규화데이터!G10 -> 119000 | H10: =정규화데이터!H10 -> 119000 | ... L10: =정규화데이터!L10 -> 61496 | M10: =J10-L10 -> 46685.818 | N10: =IF(J10=0,0,M10/J10) -> 0.43154958
A11: =정규화데이터!A11 -> SK스토아 | B11: =정규화데이터!B11 -> 20260205995257 | C11: =정규화데이터!C11 -> [워커힐]워커힐 고메 시그니처 양념 본갈비 8팩 | D11: =정규화데이터!D11 -> 58481090 | E11: =정규화데이터!E11 -> SKU001 | F11: =정규화데이터!F11 -> 1 | G11: =정규화데이터!G11 -> 119000 | H11: =정규화데이터!H11 -> 119000 | ... L11: =정규화데이터!L11 -> 61496 | M11: =J11-L11 -> 46685.818 | N11: =IF(J11=0,0,M11/J11) -> 0.43154958
A12: =정규화데이터!A12 -> SK스토아 | B12: =정규화데이터!B12 -> 20260205993931 | C12: =정규화데이터!C12 -> [워커힐]워커힐 고메 시그니처 양념 본갈비 8팩 | D12: =정규화데이터!D12 -> 58481090 | E12: =정규화데이터!E12 -> SKU001 | F12: =정규화데이터!F12 -> 1 | G12: =정규화데이터!G12 -> 119000 | H12: =정규화데이터!H12 -> 119000 | ... L12: =정규화데이터!L12 -> 61496 | M12: =J12-L12 -> 46685.818 | N12: =IF(J12=0,0,M12/J12) -> 0.43154958
A13: =정규화데이터!A13 -> SK스토아 | B13: =정규화데이터!B13 -> 20260205992438 | C13: =정규화데이터!C13 -> [워커힐]워커힐 고메 시그니처 양념 본갈비 8팩 | D13: =정규화데이터!D13 -> 58481090 | E13: =정규화데이터!E13 -> SKU001 | F13: =정규화데이터!F13 -> 1 | G13: =정규화데이터!G13 -> 119000 | H13: =정규화데이터!H13 -> 119000 | ... L13: =정규화데이터!L13 -> 61496 | M13: =J13-L13 -> 46685.818 | N13: =IF(J13=0,0,M13/J13) -> 0.43154958
... A1545: =정규화데이터!A1545 -> 리씽크 | B1545: =정규화데이터!B1545 -> 2.026021e+18 | C1545: =정규화데이터!C1545 -> 워커힐 본갈비 3+1 최초❤️5만원대! 총1.2kg✨호텔특제 양념갈비 8인분 (✨1인분 7,375원꼴! / [300g,2인분] x 총 4팩 / ✨초이스등급 본갈비 / ❣️워커힐 | D1545: =정규화데이터!D1545 -> 143790 | E1545: =정규화데이터!E1545 -> SKU001 | F1545: =정규화데이터!F1545 -> 1 | G1545: =정규화데이터!G1545 -> 57272.727 | H1545: =정규화데이터!H1545 -> 63000 | ... L1545: =정규화데이터!L1545 -> 30748 | M1545: =J1545-L1545 -> 26524.727 | N1545: =IF(J1545=0,0,M1545/J1545) -> 0.46313016

Sheet 물류비용
A1: 물류사명 | B1: 택배비 | C1: 보관료(1.2%) | D1: 작업료(포장) | E1: 아이스박스/박스 | F1: 아이스팩 | G1: 보냉비닐 | H1: 드라이아이스 | I1: OPP테이프 | J1: 최종수정일 | K1: 비고
A2: 정인 | B2: 2400 | C2: 0 | D2: 1000 | E2: 850 | F2: 100 | G2: 100 | H2: 600 | I2: 0 | J2: 46065 | K2: 현재 사용 중
A4: 📌 사용 안내
A6: 파란색 숫자 | B6: 사용자가 수정 가능한 항목
A8: 💡 계산 방식
A10: 총 물류비 | B10: 택배비 + 작업료 + 아이스박스 + 아이스팩 + 보냉비닐 + 드라이아이스 + OPP테이프

Sheet 원본데이터_쿠팡
A1: 번호 | B1: 묶음배송번호 | C1: 주문번호 | D1: 택배사 | E1: 운송장번호 | F1: 분리배송 Y/N | G1: 분리배송 출고예정일 | H1: 주문시 출고예정일 | I1: 출고일(발송일) | J1: 주문일 | K1: 등록상품명 | L1: 등록옵션명 | M1: 노출상품명(옵션명) | N1: 노출상품ID | O1: 옵션ID | P1: 최초등록등록상품명/옵션명 | Q1: 업체상품코드 | R1: 바코드 | S1: 결제액 | T1: 배송비구분 | U1: 배송비 | V1: 도서산간 추가배송비 | W1: 구매수(수량) | X1: 옵션판매가(판매단가) | Y1: 구매자 | Z1: 구매자전화번호 | AA1: 수취인이름 | AB1: 수취인전화번호 | AC1: 우편번호 | AD1: 수취인 주소 | AE1: 배송메세지 | AF1: 상품별 추가메시지 | AG1: 주문자 추가메시지 | AH1: 배송완료일 | AI1: 구매확정일자 | AJ1: 개인통관번호(PCCC) | AK1: 통관용수취인전화번호 | AL1: 기타 | AM1: 결제위치 | AN1: 배송유형
A2: 1 | B2: 651343802793997 | C2: 12100169248866 | D2: 한진택배 | F2: 분리배송불가 | H2: 46058 | J2: 46057.87 | K2: 워커힐 시그니처 양념 본갈비 300g | L2: 300g 1개 | M2: 워커힐 시그니처 양념 본갈비 300g, 1개 (1개 300g) | N2: 9354612220 | O2: 94659124876 | P2: 워커힐 시그니처 양념 본갈비 300g,300g 1개 | S2: 20900 | T2: 무료 | U2: 0 | V2: 0 | W2: 1 | X2: 20900 | Y2: 이정례 | Z2: 0502-4122-2717 | AA2: 이정례 | AB2: 0502-4122-2717 | AC2: 10021 | AD2: 경기도 김포시 월곶면 용강로57번길 31-5 1층 | AE2: 문 앞 | AM2: 안드로이드앱 | AN2: 판매자 배송
A3: 2 | B3: 651376581296215 | C3: 28100169339326 | D3: 한진택배 | F3: 분리배송불가 | H3: 46058 | J3: 46057.961 | K3: 워커힐 시그니처 양념 본갈비 300g | L3: 300g 1개 | M3: 워커힐 시그니처 양념 본갈비 300g, 1개 (1개 300g) | N3: 9354612220 | O3: 94659124876 | P3: 워커힐 시그니처 양념 본갈비 300g,300g 1개 | S3: 20900 | T3: 무료 | U3: 0 | V3: 0 | W3: 1 | X3: 20900 | Y3: 서은경 | Z3: 0502-1697-1836 | AA3: 서은경 | AB3: 0502-1697-1836 | AC3: 2535 | AD3: 서울특별시 동대문구 한천로37길 33 래미안 엘파인 아파트, 108동 1103호 ( 답십리동, 래미안엘파인아파트 ) | AE3: 문 앞 | AM3: 아이폰앱 | AN3: 판매자 배송
A4: 3 | B4: 651516109013044 | C4: 30100169868577 | D4: 한진택배 | F4: 분리배송불가 | H4: 46059 | J4: 46058.346 | K4: 워커힐 시그니처 양념 본갈비 300g | L4: 300g 1개 | M4: 워커힐 시그니처 양념 본갈비 300g, 1개 (1개 300g) | N4: 9354612220 | O4: 94659124876 | P4: 워커힐 시그니처 양념 본갈비 300g,300g 1개 | S4: 62700 | T4: 무료 | U4: 0 | V4: 0 | W4: 3 | X4: 20900 | Y4: 이미숙 | Z4: 0502-5119-6719 | AA4: 이미숙 | AB4: 0502-5119-6719 | AC4: 31168 | AD4: 충청남도 천안시 서북구 공원로 196 103동2002호 ( 불당동, 펜타포트 ) | AE4: 문 앞 | AM4: 안드로이드앱 | AN4: 판매자 배송
A5: 1 | B5: 651643817082938 | C5: 19100169693948 | D5: 한진택배 | F5: 분리배송불가 | H5: 46062 | J5: 46058.698 | K5: 워커힐 시그니처 양념 본갈비 300g | L5: 300g 1개 | M5: 워커힐 시그니처 양념 본갈비 300g, 1개 (1개 300g) | N5: 9354612220 | O5: 94659124876 | P5: 워커힐 시그니처 양념 본갈비 300g,300g 1개 | S5: 20900 | T5: 무료 | U5: 0 | V5: 0 | W5: 1 | X5: 20900 | Y5: 김원정 | Z5: 0502-5175-0051 | AA5: 김원정 | AB5: 0502-5175-0051 | AC5: 25919 | AD5: 강원특별자치도 삼척시 건지동 173 건지주공아파트 106동 906호 | AE5: 문 앞 | AM5: 안드로이드앱 | AN5: 판매자 배송
A6: 2 | B6: 651742110662698 | C6: 26100169614931 | D6: 한진택배 | F6: 분리배송불가 | H6: 46062 | J6: 46058.969 | K6: 워커힐 시그니처 양념 본갈비 300g | L6: 300g 2개 | M6: 워커힐 시그니처 양념 본갈비 300g, 2개 (2개 300g) | N6: 9354612220 | O6: 94659124877 | P6: 워커힐 시그니처 양념 본갈비 300g,300g 2개 | S6: 40000 | T6: 무료 | U6: 0 | V6: 0 | W6: 1 | X6: 40000 | Y6: 최복임 | Z6: 0502-5169-1516 | AA6: 최복임 | AB6: 0502-5169-1516 | AC6: 1402 | AD6: 서울특별시 도봉구 해등로 118 2동 207호(상아1차 @) ( 창동, 상아1차아파트 ) | AE6: 문 앞 | AM6: 안드로이드앱 | AN6: 판매자 배송
A7: 1 | B7: 652449983266836 | C7: 7100170513612 | D7: 한진택배 | F7: 분리배송불가 | H7: 46064 | J7: 46060.923 | K7: 워커힐 시그니처 양념 본갈비 300g | L7: 300g 4개 | M7: 워커힐 시그니처 양념 본갈비 300g, 4개 (4개 300g) | N7: 9361402632 | O7: 94659124878 | P7: 워커힐 시그니처 양념 본갈비 300g,300g 4개 | S7: 78000 | T7: 무료 | U7: 0 | V7: 0 | W7: 1 | X7: 78000 | Y7: 최명신 | Z7: 0504-1889-4017 | AA7: 최명신 | AB7: 0504-1889-4017 | AC7: 8291 | AD7: 서울특별시 구로구 구로동 1263 신도림롯데아파트 108동 901호 | AE7: 문 앞 | AM7: 아이폰앱 | AN7: 판매자 배송
A8: 2 | B8: 652750438154320 | C8: 32100170207333 | D8: 한진택배 | F8: 분리배송불가 | H8: 46064 | J8: 46061.752 | K8: 워커힐 시그니처 양념 본갈비 300g | L8: 300g 4개 | M8: 워커힐 시그니처 양념 본갈비 300g, 4개 (4개 300g) | N8: 9361402632 | O8: 94659124878 | P8: 워커힐 시그니처 양념 본갈비 300g,300g 4개 | S8: 78000 | T8: 무료 | U8: 0 | V8: 0 | W8: 1 | X8: 78000 | Y8: 함미자 | Z8: 0504-2720-8765 | AA8: 함미자 | AB8: 0504-2720-8765 | AC8: 5209 | AD8: 서울특별시 강동구 아리수로97길 20 강일리버507동901호 ( 강일동, 강일리버파크5단지아파트 ) | AE8: 문 앞 | AM8: 안드로이드앱 | AN8: 판매자 배송
A9: 1 | B9: 653046421766198 | C9: 18100170248996 | D9: 한진택배 | F9: 분리배송불가 | H9: 46064 | J9: 46062.549 | K9: 워커힐 시그니처 양념 본갈비 300g | L9: 300g 2개 | M9: 워커힐 시그니처 양념 본갈비 300g, 2개 (2개 300g) | N9: 9354612220 | O9: 94659124877 | P9: 워커힐 시그니처 양념 본갈비 300g,300g 2개 | S9: 40000 | T9: 무료 | U9: 0 | V9: 0 | W9: 1 | X9: 40000 | Y9: 송현근 | Z9: 0502-5003-2593 | AA9: 송현근 | AB9: 0502-5003-2593 | AC9: 4420 | AD9: 서울특별시 용산구 유엔빌리지길 94 조이하우스 B101호(B1F) 엘레베이터 타시고 지하1층입니다. ( 한남동 ) | AE9: 문 앞 | AM9: PC웹 | AN9: 판매자 배송
A10: 1 | B10: 653459095158797 | C10: 9100170443201 | D10: 한진택배 | F10: 분리배송불가 | H10: 46065 | J10: 46063.707 | K10: 워커힐 시그니처 양념 본갈비 300g | L10: 300g 4개 | M10: 워커힐 시그니처 양념 본갈비 300g, 4개 (4개 300g) | N10: 9361402632 | O10: 94659124878 | P10: 워커힐 시그니처 양념 본갈비 300g,300g 4개 | S10: 78000 | T10: 무료 | U10: 0 | V10: 0 | W10: 1 | X10: 78000 | Y10: 박영애 | Z10: 0502-1688-7274 | AA10: 박영애 | AB10: 0502-1688-7274 | AC10: 3978 | AD10: 서울특별시 마포구 성산동 13-21 예림아너스빌 301호 | AE10: 문 앞 | AM10: 안드로이드앱 | AN10: 판매자 배송
A11: 2 | B11: 653472424656948 | C11: 9100170453124 | D11: 한진택배 | F11: 분리배송불가 | H11: 46065 | J11: 46063.744 | K11: 워커힐 시그니처 양념 본갈비 300g | L11: 300g 4개 | M11: 워커힐 시그니처 양념 본갈비 300g, 4개 (4개 300g) | N11: 9361402632 | O11: 94659124878 | P11: 워커힐 시그니처 양념 본갈비 300g,300g 4개 | S11: 78000 | T11: 무료 | U11: 0 | V11: 0 | W11: 1 | X11: 78000 | Y11: 장경남 | Z11: 0502-1585-1491 | AA11: 장경남 | AB11: 0502-1585-1491 | AC11: 10423 | AD11: 경기도 고양시 일산동구 장항동 877 호수마을3단지아파트 314동902호 | AE11: 문 앞 | AM11: 안드로이드앱 | AN11: 판매자 배송
A12: 3 | B12: 653527206477885 | C12: 16100171241527 | D12: 한진택배 | F12: 분리배송불가 | H12: 46065 | J12: 46063.895 | K12: 워커힐 시그니처 양념 본갈비 300g | L12: 300g 2개 | M12: 워커힐 시그니처 양념 본갈비 300g, 2개 (2개 300g) | N12: 9354612220 | O12: 94659124877 | P12: 워커힐 시그니처 양념 본갈비 300g,300g 2개 | S12: 40000 | T12: 무료 | U12: 0 | V12: 0 | W12: 1 | X12: 40000 | Y12: 이은신 | Z12: 0502-1811-1690 | AA12: 이은신 | AB12: 0502-1811-1690 | AC12: 13928 | AD12: 경기도 안양시 동안구 동편로 80 동편마을204동1004호 ( 관양동, 동편마을2단지 ) | AE12: 도착전에 연락바랍니다 수고하세요 | AM12: 안드로이드앱 | AN12: 판매자 배송
A13: 1 | B13: 653724598698045 | C13: 32100170791524 | D13: 한진택배 | F13: 분리배송불가 | H13: 46066 | J13: 46064.44 | K13: 워커힐 시그니처 양념 본갈비 300g | L13: 300g 4개 | M13: 워커힐 시그니처 양념 본갈비 300g, 4개 (4개 300g) | N13: 9361402632 | O13: 94659124878 | P13: 워커힐 시그니처 양념 본갈비 300g,300g 4개 | S13: 78000 | T13: 무료 | U13: 0 | V13: 0 | W13: 1 | X13: 78000 | Y13: 조현경 | Z13: 0504-1314-8287 | AA13: 조현경 | AB13: 0504-1314-8287 | AC13: 5507 | AD13: 서울 송파구 잠실4동 파크리오아파트 115동204호 | AE13: 문 앞 | AM13: 안드로이드앱 | AN13: 판매자 배송
... A16: 3 | B16: 653823005442088 | C16: 20100171016693 | D16: 한진택배 | F16: 분리배송불가 | H16: 46066 | J16: 46064.712 | K16: 워커힐 시그니처 양념 본갈비 300g | L16: 300g 1개 | M16: 워커힐 시그니처 양념 본갈비 300g, 1개 (1개 300g) | N16: 9361402619 | O16: 94659124876 | P16: 워커힐 시그니처 양념 본갈비 300g,300g 1개 | S16: 20900 | T16: 무료 | U16: 0 | V16: 0 | W16: 1 | X16: 20900 | Y16: 김성옥 | Z16: 0504-3431-5415 | AA16: 김성옥 | AB16: 0504-3431-5415 | AC16: 7291 | AD16: 서울특별시 영등포구 당산동2가 16-1 대우아파트 101동1710호 | AE16: 문 앞 | AM16: 안드로이드앱 | AN16: 판매자 배송

Sheet 원본데이터_네이버
A1: 상품주문번호 | B1: 주문번호 | C1: 배송속성 | D1: 풀필먼트사(주문 기준) | E1: 택배사(주문 기준) | F1: 배송방법(구매자 요청) | G1: 배송방법 | H1: 택배사 | I1: 송장번호 | J1: 발송일 | K1: 판매채널 | L1: 구매자명 | M1: 구매자ID | N1: 수취인명 | O1: 주문상태 | P1: 주문세부상태 | Q1: 수량클레임 여부 | R1: 결제위치 | S1: 결제일 | T1: 상품번호 | U1: 상품명 | V1: 상품종류 | W1: 반품안심케어 | X1: 멤버십N배송 | Y1: 옵션정보 | Z1: 옵션관리코드 | AA1: 수량 | AB1: 옵션가격 | AC1: 상품가격 | AD1: 최종 상품별 할인액 | AE1: 최초 상품별 할인액 | AF1: 판매자 부담 할인액 | AG1: 최종 상품별 총 주문금액 | AH1: 최초 상품별 총 주문금액 | AI1: 사은품 | AJ1: 발주확인일 | AK1: 발송기한 | AL1: 발송처리일 | AM1: 송장출력일 | AN1: 배송비 형태 | AO1: 배송비 묶음번호 | AP1: 배송비 유형 | AQ1: 배송비 합계 | AR1: 제주/도서 추가배송비 | AS1: 배송비 할인액 | AT1: 판매자 상품코드 | AU1: 판매자 내부코드1 | AV1: 판매자 내부코드2 | AW1: 수취인연락처1 | AX1: 수취인연락처2 | AY1: 통합배송지 | AZ1: 기본배송지 | BA1: 상세배송지 | BB1: 구매자연락처 | BC1: 우편번호 | BD1: 배송메세지 | BE1: 출고지 | BF1: 결제수단 | BG1: 네이버페이 주문관리 수수료 | BH1: 매출연동 수수료 | BI1: 정산예정금액 | BJ1: 개인통관고유부호 | BK1: 주문일시 | BL1: 배송희망일 | BM1: 구독신청회차 | BN1: 구독진행회차 | BO1: 구독배송희망일 | BP1: 배송태그 유형 | BQ1: 출입방법 유형 | BR1: 출입방법 내용 | BS1: 수령위치 유형 | BT1: 수령위치 내용
A2: 2.0260206e+15 | B2: 2.0260206e+15 | C2: 일반배송 | E2: 한진택배 | F2: 택배,등기,소포 | G2: 택배,등기,소포 | J2: 46058.38 | K2: 스마트스토어 | L2: 이진우 | M2: jinu**** | N2: 이진우 | O2: 발송대기 | P2: 발주확인 | Q2: N | R2: PC | S2: 46058.379 | T2: 13026511254 | U2: 워커힐 시그니처 양념 본갈비 300g, 2개 | V2: 단일상품 | W2: 비대상 | X2: 비대상 | AA2: 1 | AB2: 0 | AC2: 45800 | AD2: 11900 | AE2: 11900 | AF2: 11900 | AG2: 33900 | AH2: 33900 | AJ2: 46058.38 | AK2: 46064 | AN2: 무료 | AO2: 2.0260205e+15 | AP2: 조건부무료 | AQ2: 0 | AR2: 0 | AS2: 0 | AT2: A2 | AW2: 010-4516-7881 | AY2: 서울특별시 구로구 구로동로47길 24 (구로동, 구로중앙하이츠아파트) 102-906 | AZ2: 서울특별시 구로구 구로동로47길 24 (구로동, 구로중앙하이츠아파트) | BA2: 102-906 | BB2: 010-4516-7881 | BC2: 8279 | BE2: (10318) 경기도 고양시 일산동구 동국로245번길 53 | BF2: 신용카드 간편결제 | BG2: -1230 | BH2: -1017 | BI2: 31653 | BK2: 46058.379
A3: 2.0260206e+15 | B3: 2.0260206e+15 | C3: 일반배송 | E3: 한진택배 | F3: 택배,등기,소포 | G3: 택배,등기,소포 | J3: 46058.38 | K3: 스마트스토어 | L3: 선우동국 | M3: alei**** | N3: 선우동국 | O3: 발송대기 | P3: 발주확인 | Q3: N | R3: PC | S3: 46058.371 | T3: 13026511253 | U3: 워커힐 시그니처 양념 본갈비 300g, 1개 | V3: 단일상품 | W3: 비대상 | X3: 비대상 | AA3: 1 | AB3: 0 | AC3: 22900 | AD3: 5100 | AE3: 5100 | AF3: 5100 | AG3: 17800 | AH3: 17800 | AJ3: 46058.376 | AK3: 46064 | AN3: 무료 | AO3: 2.0260205e+15 | AP3: 조건부무료 | AQ3: 0 | AR3: 0 | AS3: 0 | AT3: A1 | AW3: 010-3090-6765 | AY3: 서울특별시 동대문구 사가정로 190 (전농동, 전농우성아파트) 3동 1103호 | AZ3: 서울특별시 동대문구 사가정로 190 (전농동, 전농우성아파트) | BA3: 3동 1103호 | BB3: 010-3090-6765 | BC3: 2533 | BE3: (10318) 경기도 고양시 일산동구 동국로245번길 53 | BF3: 신용카드 간편결제 | BG3: -646 | BH3: -534 | BI3: 16620 | BK3: 46058.371
A4: 2.0260205e+15 | B4: 2.0260205e+15 | C4: 일반배송 | E4: 한진택배 | F4: 택배,등기,소포 | G4: 택배,등기,소포 | J4: 46058.38 | K4: 스마트스토어 | L4: 서은경 | M4: dmsr***** | N4: 서은경 | O4: 발송대기 | P4: 발주확인 | Q4: N | R4: MOBILE | S4: 46057.952 | T4: 13026511253 | U4: 워커힐 시그니처 양념 본갈비 300g, 1개 | V4: 단일상품 | W4: 비대상 | X4: 비대상 | AA4: 1 | AB4: 0 | AC4: 22900 | AD4: 5100 | AE4: 5100 | AF4: 5100 | AG4: 17800 | AH4: 17800 | AJ4: 46058.376 | AK4: 46063 | AN4: 무료 | AO4: 2.0260204e+15 | AP4: 조건부무료 | AQ4: 0 | AR4: 0 | AS4: 0 | AT4: A1 | AW4: 010-7470-6174 | AY4: 서울특별시 동대문구 한천로37길 33 (답십리동, 래미안엘파인아파트) 108동 1103호 | AZ4: 서울특별시 동대문구 한천로37길 33 (답십리동, 래미안엘파인아파트) | BA4: 108동 1103호 | BB4: 010-7470-6174 | BC4: 2535 | BE4: (10318) 경기도 고양시 일산동구 동국로245번길 53 | BF4: 신용카드 간편결제 | BG4: -646 | BH4: -534 | BI4: 16620 | BK4: 46057.952
A5: 2.0260207e+15 | B5: 2.0260206e+15 | C5: 일반배송 | E5: 한진택배 | F5: 택배,등기,소포 | G5: 택배,등기,소포 | H5: 한진택배 | J5: 46062.377 | K5: 스마트스토어 | L5: 현정화 | M5: kk**** | N5: 현정화 | O5: 발송대기 | P5: 발주확인 | Q5: N | R5: MOBILE | S5: 46059.746 | T5: 13026511254 | U5: 워커힐 시그니처 양념 본갈비 300g, 2개 | V5: 단일상품 | W5: 비대상 | X5: 비대상 | AA5: 1 | AB5: 0 | AC5: 45800 | AD5: 11900 | AE5: 11900 | AF5: 11900 | AG5: 33900 | AH5: 33900 | AJ5: 46062.377 | AK5: 46065 | AN5: 무료 | AO5: 2.0260206e+15 | AP5: 조건부무료 | AQ5: 0 | AR5: 0 | AS5: 0 | AT5: A2 | AW5: 010-8718-8985 | AY5: 경기도 고양시 덕양구 대덕산로 21 (덕은동, DMC자이 더 포레리버뷰) 104동 804호 | AZ5: 경기도 고양시 덕양구 대덕산로 21 (덕은동, DMC자이 더 포레리버뷰) | BA5: 104동 804호 | BB5: 010-8718-8985 | BC5: 10543 | BE5: (10318) 경기도 고양시 일산동구 동국로245번길 53 | BF5: 신용카드 간편결제 | BG5: -1230 | BH5: -1017 | BI5: 31653 | BK5: 46059.746

Sheet 원본데이터_카카오
A1: 결제번호 | B1: 배송지/수신자정보 입력일 | C1: 주문상태 | D1: 주문번호 | E1: 개인통관고유부호 | F1: 채널상품번호 | G1: 상품명 | H1: 옵션 | I1: 수량 | J1: 배송방법 | K1: 택배사코드 | L1: 송장번호 | M1: 수령인명 | N1: 수령인연락처1 | O1: 하이픈포함 수령인연락처1 | P1: 수령인연락처2 | Q1: 하이픈포함 수령인연락처2 | R1: 배송지주소 | S1: 우편번호 | T1: 배송메세지 | U1: 타입 | V1: 발송예정일 | W1: 배송지연출고일 | X1: 주문일 | Y1: 상품금액 | Z1: 옵션금액 | AA1: 판매자할인금액 | AB1: 판매자쿠폰할인금액 | AC1: 정산기준금액 | AD1: 기본수수료 | AE1: 노출추가수수료 | AF1: 추천리워드수수료 | AG1: 수수료할인금액 | AH1: 채널 | AI1: 브랜드 | AJ1: 모델명 | AK1: 판매자상품번호 | AL1: 옵션코드 | AM1: 최초배송비번호 | AN1: 배송비지불방법 | AO1: 기본배송비 유형 | AP1: 기본배송비 금액 | AQ1: 도서산간 추가 배송비 금액 | AR1: 유입경로 | AS1: 톡딜여부 | AT1: 상품유형 | AU1: biz판매여부
A2: 2698095127 | B2: 46064.413 | C2: 301 배송 준비 중 | D2: 3242789909 | F2: 691542495 | G2: 워커힐 시그니처 양념 본갈비 300g, 1개 | I2: 1 | J2: 택배배송 | M2: 서O경 | N2: 1074706174 | O2: 010-7470-6174 | R2: 서울 동대문구 한천로33길 11 (답십리동, 래미안엘파인아파트) 108동 1103호 | S2: 2535 | X2: 46064.413 | Y2: 22900 | Z2: 0 | AA2: 2500 | AB2: 2000 | AC2: 18400 | AD2: 607 | AE2: 0 | AF2: 0 | AG2: 0 | AH2: 톡스토어 | AI2: 워커힐 | AK2: A1 | AM2: 982886524 | AN2: 선불 | AO2: 조건부 무료 | AP2: 0 | AQ2: 0 | AR2: 톡딜 | AT2: 배송 | AU2: -
A3: 2698153034 | B3: 46064.447 | C3: 301 배송 준비 중 | D3: 3242866950 | F3: 691542495 | G3: 워커힐 시그니처 양념 본갈비 300g, 1개 | I3: 2 | J3: 택배배송 | M3: 이O아 | N3: 1075581194 | O3: 010-7558-1194 | R3: 충북 충주시 염밭로 22 (용산동, 남산동일하이빌) 110-603 | S3: 27404 | X3: 46064.447 | Y3: 45800 | Z3: 0 | AA3: 6000 | AB3: 2000 | AC3: 37800 | AD3: 1247 | AE3: 0 | AF3: 0 | AG3: 0 | AH3: 톡스토어 | AI3: 워커힐 | AK3: A1 | AM3: 982914821 | AN3: 선불 | AO3: 조건부 무료 | AP3: 0 | AQ3: 0 | AT3: 배송 | AU3: -
A4: 2698218645 | B4: 46064.486 | C4: 301 배송 준비 중 | D4: 3242952358 | F4: 691542495 | G4: 워커힐 시그니처 양념 본갈비 300g, 1개 | I4: 1 | J4: 택배배송 | M4: 서O경 | N4: 1041786174 | O4: 010-4178-6174 | R4: 서울 동대문구 한천로33길 11 (답십리동, 래미안엘파인아파트) 래미안엘파인108동1103호 | S4: 2535 | X4: 46064.486 | Y4: 22900 | Z4: 0 | AA4: 2000 | AB4: 2000 | AC4: 18900 | AD4: 623 | AE4: 0 | AF4: 0 | AG4: 0 | AH4: 톡스토어 | AI4: 워커힐 | AK4: A1 | AM4: 982946696 | AN4: 선불 | AO4: 조건부 무료 | AP4: 0 | AQ4: 0 | AT4: 배송 | AU4: -
A5: 2698226324 | B5: 46064.491 | C5: 301 배송 준비 중 | D5: 3242962470 | F5: 691542495 | G5: 워커힐 시그니처 양념 본갈비 300g, 1개 | I5: 2 | J5: 택배배송 | M5: 오O미 | N5: 1047130595 | O5: 010-4713-0595 | P5: 1047130595 | Q5: 010-4713-0595 | R5: 충북 충주시 지현천변2길 27-1 (지현동, 태영하이츠타운2차) 8동201호 | S5: 27416 | X5: 46064.491 | Y5: 45800 | Z5: 0 | AA5: 6000 | AB5: 2000 | AC5: 37800 | AD5: 1247 | AE5: 0 | AF5: 0 | AG5: 0 | AH5: 톡스토어 | AI5: 워커힐 | AK5: A1 | AM5: 982950567 | AN5: 선불 | AO5: 조건부 무료 | AP5: 0 | AQ5: 0 | AT5: 배송 | AU5: -
A6: 2698235082 | B6: 46064.497 | C6: 301 배송 준비 중 | D6: 3242973875 | F6: 691542495 | G6: 워커힐 시그니처 양념 본갈비 300g, 1개 | I6: 2 | J6: 택배배송 | M6: 유O옥 | N6: 1033292563 | O6: 010-3329-2563 | R6: 서울 강서구 강서로18가길 7-15 (화곡동, 이수아트빌) 이수아트빌 503호 | S6: 7751 | X6: 46064.497 | Y6: 45800 | Z6: 0 | AA6: 4000 | AB6: 2000 | AC6: 39800 | AD6: 1313 | AE6: 0 | AF6: 0 | AG6: 0 | AH6: 톡스토어 | AI6: 워커힐 | AK6: A1 | AM6: 982954794 | AN6: 선불 | AO6: 조건부 무료 | AP6: 0 | AQ6: 0 | AT6: 배송 | AU6: -

Sheet 원본데이터_리씽크
A1: 주문일 | B1: 주문번호 | C1: 주문자명 | D1: 주문자연락처 | E1: 주문자휴대폰 | F1: 수령인 | G1: 수령인연락처 | H1: 수령인휴대폰 | I1: 우편번호 | J1: 전체주소(도로명) | K1: 전체주소(지번) | L1: 상품명 | M1: (추가) 옵션 | N1: (추가) 정산금액 | O1: 공급가 | P1: 보낼수량 | Q1: 매입가 | R1: 사용자메모 | S1: 상품고유번호 | T1: 출고상품번호 | U1: 택배사 | V1: 운송장번호 | W1: 보낸수량 | X1: 정산금액 | Y1: 매출(vat-) | Z1: 발주일자
A2: 46058.458 | B2: 2.0260205e+18 | C2: 편경화 | D2: 010-6268-4062 | E2: 010-6268-4062 | F2: 편경화 | G2: 010-6268-4062 | H2: 010-6268-4062 | I2: 13993 | J2: 경기 안양시 만안구 안양천서로 357 안양역한양수자인리버파크 101동 2404호 | K2: 경기 안양시 만안구 안양천서로 357 안양역한양수자인리버파크 101동 2404호 | L2: 워커힐 본갈비 3+1 최초❤️5만원대! 총1.2kg✨호텔특제 양념갈비 8인분 (✨1인분 7,375원꼴! / [300g,2인분] x 총 4팩 / ✨초이스등급 본갈비 / ❣️워커힐 특제 비법소스) | M2: ✨1인분 7,375원꼴! / [300g,2인분] x 총 4팩 / ✨초이스등급 본갈비 / ❣️워커힐 특제 비법소스) | N2: 54363 | O2: 45500 | P2: 1 | Q2: 0 | S2: 143790 | T2: OPT-2474637-2720942 | U2: CJ대한통운 | W2: 0 | X2: 45500 | Y2: 41363.636 | Z2: 46058
A3: 46058.447 | B3: 2.0260205e+18 | C3: 정희순 | D3: 010-8509-1977 | E3: 010-8509-1977 | F3: 정희순 | G3: 010-8509-1977 | H3: 010-8509-1977 | I3: 48414 | J3: 부산 남구 전포대로20번길 15 102동 2402호 | K3: 부산 남구 전포대로20번길 15 102동 2402호 | L3: 워커힐 본갈비 3+1 최초❤️5만원대! 총1.2kg✨호텔특제 양념갈비 8인분 (✨1인분 7,375원꼴! / [300g,2인분] x 총 4팩 / ✨초이스등급 본갈비 / ❣️워커힐 특제 비법소스) | M3: ✨1인분 7,375원꼴! / [300g,2인분] x 총 4팩 / ✨초이스등급 본갈비 / ❣️워커힐 특제 비법소스) | N3: 54363 | O3: 45500 | P3: 1 | Q3: 0 | R3: 문 앞에 놔주세요. | S3: 143790 | T3: OPT-2474614-2720917 | U3: CJ대한통운 | W3: 0 | X3: 45500 | Y3: 41363.636 | Z3: 46058
A4: 46058.445 | B4: 2.0260205e+18 | C4: 서경수 | D4: 010-3268-6326 | E4: 010-3268-6326 | F4: 서경수 | G4: 010-3268-6326 | H4: 010-3268-6326 | I4: 22779 | J4: 인천광역시 서구 봉오재1로 49 (신현동, 루원시티루에블리) 806동2203호 | K4: 인천광역시 서구 봉오재1로 49 (신현동, 루원시티루에블리) 806동2203호 | L4: 워커힐 본갈비 3+1 최초❤️5만원대! 총1.2kg✨호텔특제 양념갈비 8인분 (✨1인분 7,375원꼴! / [300g,2인분] x 총 4팩 / ✨초이스등급 본갈비 / ❣️워커힐 특제 비법소스) | M4: ✨1인분 7,375원꼴! / [300g,2인분] x 총 4팩 / ✨초이스등급 본갈비 / ❣️워커힐 특제 비법소스) | N4: 54363 | O4: 45500 | P4: 1 | Q4: 0 | S4: 143790 | T4: OPT-2474611-2720914 | U4: CJ대한통운 | W4: 0 | X4: 45500 | Y4: 41363.636 | Z4: 46058
A5: 46058.436 | B5: 2.0260205e+18 | C5: 유경태 | D5: 010-7104-8919 | E5: 010-7104-8919 | F5: 유경태 | G5: 010-7104-8919 | H5: 010-7104-8919 | I5: 3438 | J5: 서울 은평구 갈현로1길 31 103동701호 | K5: 서울 은평구 갈현로1길 31 103동701호 | L5: 워커힐 본갈비 3+1 최초❤️5만원대! 총1.2kg✨호텔특제 양념갈비 8인분 (✨1인분 7,375원꼴! / [300g,2인분] x 총 4팩 / ✨초이스등급 본갈비 / ❣️워커힐 특제 비법소스) | M5: ✨1인분 7,375원꼴! / [300g,2인분] x 총 4팩 / ✨초이스등급 본갈비 / ❣️워커힐 특제 비법소스) | N5: 54363 | O5: 45500 | P5: 1 | Q5: 0 | S5: 143790 | T5: OPT-2474591-2720893 | U5: CJ대한통운 | W5: 0 | X5: 45500 | Y5: 41363.636 | Z5: 46058
A6: 46058.435 | B6: 2.0260205e+18 | C6: 김남희 | D6: 010-5018-5129 | E6: 010-5018-5129 | F6: 김남희 | G6: 010-5018-5129 | H6: 010-5018-5129 | I6: 31971 | J6: 충남 서산시 부춘2로 47 대림동신아파트 202동1308호 | K6: 충남 서산시 부춘2로 47 대림동신아파트 202동1308호 | L6: 워커힐 본갈비 3+1 최초❤️5만원대! 총1.2kg✨호텔특제 양념갈비 8인분 (✨1인분 7,375원꼴! / [300g,2인분] x 총 4팩 / ✨초이스등급 본갈비 / ❣️워커힐 특제 비법소스) | M6: ✨1인분 7,375원꼴! / [300g,2인분] x 총 4팩 / ✨초이스등급 본갈비 / ❣️워커힐 특제 비법소스) | N6: 54363 | O6: 45500 | P6: 1 | Q6: 0 | S6: 143790 | T6: OPT-2474590-2720892 | U6: CJ대한통운 | W6: 0 | X6: 45500 | Y6: 41363.636 | Z6: 46058
A7: 46058.433 | B7: 2.0260205e+18 | C7: 노 도빈 | D7: 010-5095-3185 | E7: 010-5095-3185 | F7: 노 도빈 | G7: 010-5095-3185 | H7: 010-5095-3185 | I7: 6276 | J7: 서울특별시 강남구 선릉로 221 (도곡동, 도곡렉슬아파트) 212동 201호 | K7: 서울특별시 강남구 선릉로 221 (도곡동, 도곡렉슬아파트) 212동 201호 | L7: 워커힐 본갈비 3+1 최초❤️5만원대! 총1.2kg✨호텔특제 양념갈비 8인분 (✨1인분 7,375원꼴! / [300g,2인분] x 총 4팩 / ✨초이스등급 본갈비 / ❣️워커힐 특제 비법소스) | M7: ✨1인분 7,375원꼴! / [300g,2인분] x 총 4팩 / ✨초이스등급 본갈비 / ❣️워커힐 특제 비법소스) | N7: 54363 | O7: 45500 | P7: 1 | Q7: 0 | S7: 143790 | T7: OPT-2474583-2720885 | U7: CJ대한통운 | W7: 0 | X7: 45500 | Y7: 41363.636 | Z7: 46058
A8: 46058.431 | B8: 2.0260205e+18 | C8: 김인경 | D8: 010-4276-8831 | E8: 010-4276-8831 | F8: 김인경 | G8: 010-4276-8831 | H8: 010-4276-8831 | I8: 13595 | J8: 경기도 성남시 분당구 백현로 105 (수내동) B동 1601 | K8: 경기도 성남시 분당구 백현로 105 (수내동) B동 1601 | L8: 워커힐 본갈비 3+1 최초❤️5만원대! 총1.2kg✨호텔특제 양념갈비 8인분 (✨1인분 7,375원꼴! / [300g,2인분] x 총 4팩 / ✨초이스등급 본갈비 / ❣️워커힐 특제 비법소스) | M8: ✨1인분 7,375원꼴! / [300g,2인분] x 총 4팩 / ✨초이스등급 본갈비 / ❣️워커힐 특제 비법소스) | N8: 108726 | O8: 45500 | P8: 2 | Q8: 0 | S8: 143790 | T8: OPT-2474579-2720881 | U8: CJ대한통운 | W8: 0 | X8: 91000 | Y8: 82727.273 | Z8: 46058
A9: 46058.426 | B9: 2.0260205e+18 | C9: 김성민 | D9: 010-2499-3939 | E9: 010-2499-3939 | F9: 김성민 | G9: 010-2799-5539 | H9: 010-2799-5539 | I9: 4969 | J9: 서울 광진구 아차산로76길 31 102동805호(광장동, 광나루현대아파트) | K9: 서울 광진구 아차산로76길 31 102동805호(광장동, 광나루현대아파트) | L9: 워커힐 본갈비 3+1 최초❤️5만원대! 총1.2kg✨호텔특제 양념갈비 8인분 (✨1인분 7,375원꼴! / [300g,2인분] x 총 4팩 / ✨초이스등급 본갈비 / ❣️워커힐 특제 비법소스) | M9: ✨1인분 7,375원꼴! / [300g,2인분] x 총 4팩 / ✨초이스등급 본갈비 / ❣️워커힐 특제 비법소스) | N9: 54363 | O9: 45500 | P9: 1 | Q9: 0 | R9: 문앞 | S9: 143790 | T9: OPT-2474568-2720870 | U9: CJ대한통운 | W9: 0 | X9: 45500 | Y9: 41363.636 | Z9: 46058
A10: 46058.419 | B10: 2.0260205e+18 | C10: 신현정 | D10: 010-8395-9816 | E10: 010-8395-9816 | F10: 신현정 | G10: 010-8395-9816 | H10: 010-8395-9816 | I10: 2095 | J10: 서울 중랑구 동일로 752 중화한신아파트 105동2106호 | K10: 서울 중랑구 동일로 752 중화한신아파트 105동2106호 | L10: 워커힐 본갈비 3+1 최초❤️5만원대! 총1.2kg✨호텔특제 양념갈비 8인분 (✨1인분 7,375원꼴! / [300g,2인분] x 총 4팩 / ✨초이스등급 본갈비 / ❣️워커힐 특제 비법소스) | M10: ✨1인분 7,375원꼴! / [300g,2인분] x 총 4팩 / ✨초이스등급 본갈비 / ❣️워커힐 특제 비법소스) | N10: 54363 | O10: 45500 | P10: 1 | Q10: 0 | S10: 143790 | T10: OPT-2474500-2720801 | U10: CJ대한통운 | W10: 0 | X10: 45500 | Y10: 41363.636 | Z10: 46058
A11: 46058.412 | B11: 2.0260205e+18 | C11: zzangbc | D11: 010-8931-5099 | E11: 010-8931-5099 | F11: zzangbc | G11: 010-8931-5099 | H11: 010-8931-5099 | I11: 54406 | J11: 전북특별자치도 김제시 남북3길 10 오베르힐1201 | K11: 전북특별자치도 김제시 남북3길 10 오베르힐1201 | L11: 워커힐 본갈비 3+1 최초❤️5만원대! 총1.2kg✨호텔특제 양념갈비 8인분 (✨1인분 7,375원꼴! / [300g,2인분] x 총 4팩 / ✨초이스등급 본갈비 / ❣️워커힐 특제 비법소스) | M11: ✨1인분 7,375원꼴! / [300g,2인분] x 총 4팩 / ✨초이스등급 본갈비 / ❣️워커힐 특제 비법소스) | N11: 54363 | O11: 45500 | P11: 1 | Q11: 0 | R11: 문앞에 놔주시고 문자주세요 | S11: 143790 | T11: OPT-2474485-2720782 | U11: CJ대한통운 | W11: 0 | X11: 45500 | Y11: 41363.636 | Z11: 46058
A12: 46058.409 | B12: 2.0260205e+18 | C12: 오경숙 | D12: 010-9052-5262 | E12: 010-9052-5262 | F12: 오경숙 | G12: 010-9052-5262 | H12: 010-9052-5262 | I12: 55357 | J12: 전북특별자치도 완주군 소양면 신교응암길 95-28 단독주택 | K12: 전북특별자치도 완주군 소양면 신교응암길 95-28 단독주택 | L12: 워커힐 본갈비 3+1 최초❤️5만원대! 총1.2kg✨호텔특제 양념갈비 8인분 (✨1인분 7,375원꼴! / [300g,2인분] x 총 4팩 / ✨초이스등급 본갈비 / ❣️워커힐 특제 비법소스) | M12: ✨1인분 7,375원꼴! / [300g,2인분] x 총 4팩 / ✨초이스등급 본갈비 / ❣️워커힐 특제 비법소스) | N12: 54363 | O12: 45500 | P12: 1 | Q12: 0 | S12: 143790 | T12: OPT-2474476-2720770 | U12: CJ대한통운 | W12: 0 | X12: 45500 | Y12: 41363.636 | Z12: 46058
A13: 46058.406 | B13: 2.0260205e+18 | C13: 김민정 | D13: 010-9995-6948 | E13: 010-9995-6948 | F13: 김민정 | G13: 010-9995-6948 | H13: 010-9995-6948 | I13: 16582 | J13: 경기 수원시 권선구 권광로 55 122동1104호 | K13: 경기 수원시 권선구 권광로 55 122동1104호 | L13: 워커힐 본갈비 3+1 최초❤️5만원대! 총1.2kg✨호텔특제 양념갈비 8인분 (✨1인분 7,375원꼴! / [300g,2인분] x 총 4팩 / ✨초이스등급 본갈비 / ❣️워커힐 특제 비법소스) | M13: ✨1인분 7,375원꼴! / [300g,2인분] x 총 4팩 / ✨초이스등급 본갈비 / ❣️워커힐 특제 비법소스) | N13: 54363 | O13: 45500 | P13: 1 | Q13: 0 | S13: 143790 | T13: OPT-2474473-2720767 | U13: CJ대한통운 | W13: 0 | X13: 45500 | Y13: 41363.636 | Z13: 46058
A14: 46058.406 | B14: 2.0260205e+18 | C14: eunhee | D14: 010-5642-1975 | E14: 010-5642-1975 | F14: eunhee | G14: 010-5642-1975 | H14: 010-5642-1975 | I14: 17336 | J14: 경기 이천시 대월면 대산로288번길 72 카페드르와 | K14: 경기 이천시 대월면 대산로288번길 72 카페드르와 | L14: 워커힐 본갈비 3+1 최초❤️5만원대! 총1.2kg✨호텔특제 양념갈비 8인분 (✨1인분 7,375원꼴! / [300g,2인분] x 총 4팩 / ✨초이스등급 본갈비 / ❣️워커힐 특제 비법소스) | M14: ✨1인분 7,375원꼴! / [300g,2인분] x 총 4팩 / ✨초이스등급 본갈비 / ❣️워커힐 특제 비법소스) | N14: 54363 | O14: 45500 | P14: 1 | Q14: 0 | S14: 143790 | T14: OPT-2474470-2720764 | U14: CJ대한통운 | W14: 0 | X14: 45500 | Y14: 41363.636 | Z14: 46058
A15: 46058.405 | B15: 2.0260205e+18 | C15: 김민경 | D15: 010-9319-4939 | E15: 010-9319-4939 | F15: 김민경 | G15: 010-9319-4939 | H15: 010-9319-4939 | I15: 8257 | J15: 서울특별시 구로구 부일로 927 (궁동, 궁동 우남푸르미아아파트) 101동 503호 | K15: 서울특별시 구로구 부일로 927 (궁동, 궁동 우남푸르미아아파트) 101동 503호 | L15: 워커힐 본갈비 3+1 최초❤️5만원대! 총1.2kg✨호텔특제 양념갈비 8인분 (✨1인분 7,375원꼴! / [300g,2인분] x 총 4팩 / ✨초이스등급 본갈비 / ❣️워커힐 특제 비법소스) | M15: ✨1인분 7,375원꼴! / [300g,2인분] x 총 4팩 / ✨초이스등급 본갈비 / ❣️워커힐 특제 비법소스) | N15: 54363 | O15: 45500 | P15: 1 | Q15: 0 | S15: 143790 | T15: OPT-2474469-2720763 | U15: CJ대한통운 | W15: 0 | X15: 45500 | Y15: 41363.636 | Z15: 46058
A16: 46058.405 | B16: 2.0260205e+18 | C16: 구동욱 | D16: 010-9479-1804 | E16: 010-9479-1804 | F16: 구동욱 | G16: 010-9479-1804 | H16: 010-9479-1804 | I16: 42833 | J16: 대구 달서구 한실로 117 309동703호 | K16: 대구 달서구 한실로 117 309동703호 | L16: 워커힐 본갈비 3+1 최초❤️5만원대! 총1.2kg✨호텔특제 양념갈비 8인분 (✨1인분 7,375원꼴! / [300g,2인분] x 총 4팩 / ✨초이스등급 본갈비 / ❣️워커힐 특제 비법소스) | M16: ✨1인분 7,375원꼴! / [300g,2인분] x 총 4팩 / ✨초이스등급 본갈비 / ❣️워커힐 특제 비법소스) | N16: 108726 | O16: 45500 | P16: 2 | Q16: 0 | S16: 143790 | T16: OPT-2474466-2720760 | U16: CJ대한통운 | W16: 0 | X16: 91000 | Y16: 82727.273 | Z16: 46058
A17: 46058.399 | B17: 2.0260205e+18 | C17: 지희 | D17: 010-6359-8751 | E17: 010-6359-8751 | F17: 지희 | G17: 010-6359-8751 | H17: 010-6359-8751 | I17: 10909 | J17: 경기 파주시 하우고개길 183 104-101 | K17: 경기 파주시 하우고개길 183 104-101 | L17: 워커힐 본갈비 3+1 최초❤️5만원대! 총1.2kg✨호텔특제 양념갈비 8인분 (✨1인분 7,375원꼴! / [300g,2인분] x 총 4팩 / ✨초이스등급 본갈비 / ❣️워커힐 특제 비법소스) | M17: ✨1인분 7,375원꼴! / [300g,2인분] x 총 4팩 / ✨초이스등급 본갈비 / ❣️워커힐 특제 비법소스) | N17: 54363 | O17: 45500 | P17: 1 | Q17: 0 | S17: 143790 | T17: OPT-2474457-2720749 | U17: CJ대한통운 | W17: 0 | X17: 45500 | Y17: 41363.636 | Z17: 46058
A18: 46058.396 | B18: 2.0260205e+18 | C18: 김동길 | D18: 010-9919-7804 | E18: 010-9919-7804 | F18: 김동길 | G18: 010-9919-7804 | H18: 010-9919-7804 | I18: 41091 | J18: 대구광역시 동구 금강로16길 17-8 (신서동) 201호 | K18: 대구광역시 동구 금강로16길 17-8 (신서동) 201호 | L18: 워커힐 본갈비 3+1 최초❤️5만원대! 총1.2kg✨호텔특제 양념갈비 8인분 (✨1인분 7,375원꼴! / [300g,2인분] x 총 4팩 / ✨초이스등급 본갈비 / ❣️워커힐 특제 비법소스) | M18: ✨1인분 7,375원꼴! / [300g,2인분] x 총 4팩 / ✨초이스등급 본갈비 / ❣️워커힐 특제 비법소스) | N18: 54363 | O18: 45500 | P18: 1 | Q18: 0 | S18: 143790 | T18: OPT-2474448-2720740 | U18: CJ대한통운 | W18: 0 | X18: 45500 | Y18: 41363.636 | Z18: 46058
A19: 46058.393 | B19: 2.0260205e+18 | C19: 예지 | D19: 010-4321-4906 | E19: 010-4321-4906 | F19: 예지 | G19: 010-4321-4906 | H19: 010-4321-4906 | I19: 31090 | J19: 충남 천안시 서북구 오성8길 8 코지빌 403호 | K19: 충남 천안시 서북구 오성8길 8 코지빌 403호 | L19: 워커힐 본갈비 3+1 최초❤️5만원대! 총1.2kg✨호텔특제 양념갈비 8인분 (✨1인분 7,375원꼴! / [300g,2인분] x 총 4팩 / ✨초이스등급 본갈비 / ❣️워커힐 특제 비법소스) | M19: ✨1인분 7,375원꼴! / [300g,2인분] x 총 4팩 / ✨초이스등급 본갈비 / ❣️워커힐 특제 비법소스) | N19: 54363 | O19: 45500 | P19: 1 | Q19: 0 | S19: 143790 | T19: OPT-2474438-2720728 | U19: CJ대한통운 | W19: 0 | X19: 45500 | Y19: 41363.636 | Z19: 46058
A20: 46058.389 | B20: 2.0260205e+18 | C20: 고종희 | D20: 010-3266-0597 | E20: 010-3266-0597 | F20: 고종희 | G20: 010-3266-0597 | H20: 010-3266-0597 | I20: 3357 | J20: 서울특별시 은평구 통일로 796 (불광동, 북한산 힐스테이트7차) 108동 202호 | K20: 서울특별시 은평구 통일로 796 (불광동, 북한산 힐스테이트7차) 108동 202호 | L20: 워커힐 본갈비 3+1 최초❤️5만원대! 총1.2kg✨호텔특제 양념갈비 8인분 (✨1인분 7,375원꼴! / [300g,2인분] x 총 4팩 / ✨초이스등급 본갈비 / ❣️워커힐 특제 비법소스) | M20: ✨1인분 7,375원꼴! / [300g,2인분] x 총 4팩 / ✨초이스등급 본갈비 / ❣️워커힐 특제 비법소스) | N20: 54363 | O20: 45500 | P20: 1 | Q20: 0 | S20: 143790 | T20: OPT-2474427-2720716 | U20: CJ대한통운 | W20: 0 | X20: 45500 | Y20: 41363.636 | Z20: 46058
A21: 46058.388 | B21: 2.0260205e+18 | C21: 김진수 | D21: 010-4145-7149 | E21: 010-4145-7149 | F21: 김진수 | G21: 010-4145-7149 | H21: 010-4145-7149 | I21: 33475 | J21: 충남 보령시 명천로 106 105동 905호 | K21: 충남 보령시 명천로 106 105동 905호 | L21: 워커힐 본갈비 3+1 최초❤️5만원대! 총1.2kg✨호텔특제 양념갈비 8인분 (✨1인분 7,375원꼴! / [300g,2인분] x 총 4팩 / ✨초이스등급 본갈비 / ❣️워커힐 특제 비법소스) | M21: ✨1인분 7,375원꼴! / [300g,2인분] x 총 4팩 / ✨초이스등급 본갈비 / ❣️워커힐 특제 비법소스) | N21: 54363 | O21: 45500 | P21: 1 | Q21: 0 | S21: 143790 | T21: OPT-2474425-2720714 | U21: CJ대한통운 | W21: 0 | X21: 45500 | Y21: 41363.636 | Z21: 46058
A22: 46058.385 | B22: 2.0260205e+18 | C22: 김승환 | D22: 010-7920-5186 | E22: 010-7920-5186 | F22: 엄순덕 | G22: 010-7702-2826 | H22: 010-7702-2826 | I22: 26346 | J22: 강원특별자치도 원주시 지정면 조엄로 391 130동 1402호 | K22: 강원특별자치도 원주시 지정면 조엄로 391 130동 1402호 | L22: 워커힐 본갈비 3+1 최초❤️5만원대! 총1.2kg✨호텔특제 양념갈비 8인분 (✨1인분 7,375원꼴! / [300g,2인분] x 총 4팩 / ✨초이스등급 본갈비 / ❣️워커힐 특제 비법소스) | M22: ✨1인분 7,375원꼴! / [300g,2인분] x 총 4팩 / ✨초이스등급 본갈비 / ❣️워커힐 특제 비법소스) | N22: 54363 | O22: 45500 | P22: 1 | Q22: 0 | S22: 143790 | T22: OPT-2474423-2720712 | U22: CJ대한통운 | W22: 0 | X22: 45500 | Y22: 41363.636 | Z22: 46058
A23: 46058.385 | B23: 2.0260205e+18 | C23: 신정민 | D23: 010-8918-6118 | E23: 010-8918-6118 | F23: jmin | G23: 010-8918-6118 | H23: 010-8918-6118 | I23: 13544 | J23: 경기 성남시 분당구 판교대장로5길 58 1107동 1301호 | K23: 경기 성남시 분당구 판교대장로5길 58 1107동 1301호 | L23: 워커힐 본갈비 3+1 최초❤️5만원대! 총1.2kg✨호텔특제 양념갈비 8인분 (✨1인분 7,375원꼴! / [300g,2인분] x 총 4팩 / ✨초이스등급 본갈비 / ❣️워커힐 특제 비법소스) | M23: ✨1인분 7,375원꼴! / [300g,2인분] x 총 4팩 / ✨초이스등급 본갈비 / ❣️워커힐 특제 비법소스) | N23: 54363 | O23: 45500 | P23: 1 | Q23: 0 | S23: 143790 | T23: OPT-2474421-2720710 | U23: CJ대한통운 | W23: 0 | X23: 45500 | Y23: 41363.636 | Z23: 46058
... A26: 46058.379 | B26: 2.0260205e+18 | C26: 김교욱 | D26: 010-9402-9909 | E26: 010-9402-9909 | F26: 김교욱 | G26: 010-9402-9909 | H26: 010-9402-9909 | I26: 16822 | J26: 경기 용인시 수지구 동천로153번길 7 1102동 602호 | K26: 경기 용인시 수지구 동천로153번길 7 1102동 602호 | L26: 워커힐 본갈비 3+1 최초❤️5만원대! 총1.2kg✨호텔특제 양념갈비 8인분 (✨1인분 7,375원꼴! / [300g,2인분] x 총 4팩 / ✨초이스등급 본갈비 / ❣️워커힐 특제 비법소스) | M26: ✨1인분 7,375원꼴! / [300g,2인분] x 총 4팩 / ✨초이스등급 본갈비 / ❣️워커힐 특제 비법소스) | N26: 54363 | O26: 45500 | P26: 1 | Q26: 0 | S26: 143790 | T26: OPT-2474412-2720701 | U26: CJ대한통운 | W26: 0 | X26: 45500 | Y26: 41363.636 | Z26: 46058
A27: 46058.377 | B27: 2.0260205e+18 | C27: 문효진 | D27: 010-3382-1494 | E27: 010-3382-1494 | F27: 문효진 | G27: 010-3382-1494 | H27: 010-3382-1494 | I27: 5224 | J27: 서울 강동구 고덕로 333 118동 2102호 | K27: 서울 강동구 고덕로 333 118동 2102호 | L27: 워커힐 본갈비 3+1 최초❤️5만원대! 총1.2kg✨호텔특제 양념갈비 8인분 (✨1인분 7,375원꼴! / [300g,2인분] x 총 4팩 / ✨초이스등급 본갈비 / ❣️워커힐 특제 비법소스) | M27: ✨1인분 7,375원꼴! / [300g,2인분] x 총 4팩 / ✨초이스등급 본갈비 / ❣️워커힐 특제 비법소스) | N27: 108726 | O27: 45500 | P27: 2 | Q27: 0 | R27: 문앞 배송후 문자부탁드립니다 | S27: 143790 | T27: OPT-2474407-2720696 | U27: CJ대한통운 | W27: 0 | X27: 91000 | Y27: 82727.273 | Z27: 46058
A28: 46058.376 | B28: 2.0260205e+18 | C28: Yumi Chun | D28: 010-9011-3805 | E28: 010-9011-3805 | F28: Yumi Chun | G28: 010-9011-3805 | H28: 010-9011-3805 | I28: 16868 | J28: 경기 용인시 수지구 용구대로 2720 105동 1206호 | K28: 경기 용인시 수지구 용구대로 2720 105동 1206호 | L28: 워커힐 본갈비 3+1 최초❤️5만원대! 총1.2kg✨호텔특제 양념갈비 8인분 (✨1인분 7,375원꼴! / [300g,2인분] x 총 4팩 / ✨초이스등급 본갈비 / ❣️워커힐 특제 비법소스) | M28: ✨1인분 7,375원꼴! / [300g,2인분] x 총 4팩 / ✨초이스등급 본갈비 / ❣️워커힐 특제 비법소스) | N28: 54363 | O28: 45500 | P28: 1 | Q28: 0 | S28: 143790 | T28: OPT-2474405-2720694 | U28: CJ대한통운 | W28: 0 | X28: 45500 | Y28: 41363.636 | Z28: 46058
A29: 46058.373 | B29: 2.0260205e+18 | C29: 임국찬 | D29: 010-5503-6926 | E29: 010-5503-6926 | F29: 박순자 | G29: 010-5503-6926 | H29: 010-5503-6926 | I29: 57161 | J29: 전남 함평군 학교면 선암길 28-8 집앞 | K29: 전남 함평군 학교면 선암길 28-8 집앞 | L29: 워커힐 본갈비 3+1 최초❤️5만원대! 총1.2kg✨호텔특제 양념갈비 8인분 (✨1인분 7,375원꼴! / [300g,2인분] x 총 4팩 / ✨초이스등급 본갈비 / ❣️워커힐 특제 비법소스) | M29: ✨1인분 7,375원꼴! / [300g,2인분] x 총 4팩 / ✨초이스등급 본갈비 / ❣️워커힐 특제 비법소스) | N29: 163089 | O29: 45500 | P29: 3 | Q29: 0 | R29: 대문 안쪽 집앞에 부탁드립니다 | S29: 143790 | T29: OPT-2474398-2720685 | U29: CJ대한통운 | W29: 0 | X29: 136500 | Y29: 124090.91 | Z29: 46058
A30: 46058.372 | B30: 2.0260205e+18 | C30: 친절한 재무코치 희순 | D30: 010-9346-2780 | E30: 010-9346-2780 | F30: 친절한 재무코치 희순 | G30: 010-9346-2780 | H30: 010-9346-2780 | I30: 48288 | J30: 부산 수영구 광안해변로307번길 37 101호 | K30: 부산 수영구 광안해변로307번길 37 101호 | L30: 워커힐 본갈비 3+1 최초❤️5만원대! 총1.2kg✨호텔특제 양념갈비 8인분 (✨1인분 7,375원꼴! / [300g,2인분] x 총 4팩 / ✨초이스등급 본갈비 / ❣️워커힐 특제 비법소스) | M30: ✨1인분 7,375원꼴! / [300g,2인분] x 총 4팩 / ✨초이스등급 본갈비 / ❣️워커힐 특제 비법소스) | N30: 54363 | O30: 45500 | P30: 1 | Q30: 0 | R30: 현관문안쪽두세요 | S30: 143790 | T30: OPT-2474395-2720682 | U30: CJ대한통운 | W30: 0 | X30: 45500 | Y30: 41363.636 | Z30: 46058
A31: 46058.372 | B31: 2.0260205e+18 | C31: 코코넛 | D31: 010-7531-0337 | E31: 010-7531-0337 | F31: 코코넛 | G31: 010-7531-0337 | H31: 010-7531-0337 | I31: 5846 | J31: 서울특별시 송파구 위례송파로 123 (거여동, 포레나송파) 1707동 603호 | K31: 서울특별시 송파구 위례송파로 123 (거여동, 포레나송파) 1707동 603호 | L31: 워커힐 본갈비 3+1 최초❤️5만원대! 총1.2kg✨호텔특제 양념갈비 8인분 (✨1인분 7,375원꼴! / [300g,2인분] x 총 4팩 / ✨초이스등급 본갈비 / ❣️워커힐 특제 비법소스) | M31: ✨1인분 7,375원꼴! / [300g,2인분] x 총 4팩 / ✨초이스등급 본갈비 / ❣️워커힐 특제 비법소스) | N31: 54363 | O31: 45500 | P31: 1 | Q31: 0 | R31: 드라이스 아이스 빵빵하게 부탁드립니다. | S31: 143790 | T31: OPT-2474394-2720681 | U31: CJ대한통운 | W31: 0 | X31: 45500 | Y31: 41363.636 | Z31: 46058
A32: 46058.369 | B32: 2.0260205e+18 | C32: 친절한 재무코치 희순 | D32: 010-9346-2780 | E32: 010-9346-2780 | F32: 조종원 | G32: 010-3837-3626 | H32: 010-3837-3626 | I32: 50650 | J32: 경남 양산시 동면 금오16길 65 경남 양산시 동면 금오16길65,106동2401호(남양산이편한세상1차) | K32: 경남 양산시 동면 금오16길 65 경남 양산시 동면 금오16길65,106동2401호(남양산이편한세상1차) | L32: 워커힐 본갈비 3+1 최초❤️5만원대! 총1.2kg✨호텔특제 양념갈비 8인분 (✨1인분 7,375원꼴! / [300g,2인분] x 총 4팩 / ✨초이스등급 본갈비 / ❣️워커힐 특제 비법소스) | M32: ✨1인분 7,375원꼴! / [300g,2인분] x 총 4팩 / ✨초이스등급 본갈비 / ❣️워커힐 특제 비법소스) | N32: 54363 | O32: 45500 | P32: 1 | Q32: 0 | S32: 143790 | T32: OPT-2474387-2720672 | U32: CJ대한통운 | W32: 0 | X32: 45500 | Y32: 41363.636 | Z32: 46058
A33: 46058.368 | B33: 2.0260205e+18 | C33: 최수연 | D33: 010-9984-1481 | E33: 010-9984-1481 | F33: 최수연 | G33: 010-9984-1481 | H33: 010-9984-1481 | I33: 2719 | J33: 서울 성북구 서경로 28 102동 1001호 | K33: 서울 성북구 서경로 28 102동 1001호 | L33: 워커힐 본갈비 3+1 최초❤️5만원대! 총1.2kg✨호텔특제 양념갈비 8인분 (✨1인분 7,375원꼴! / [300g,2인분] x 총 4팩 / ✨초이스등급 본갈비 / ❣️워커힐 특제 비법소스) | M33: ✨1인분 7,375원꼴! / [300g,2인분] x 총 4팩 / ✨초이스등급 본갈비 / ❣️워커힐 특제 비법소스) | N33: 54363 | O33: 45500 | P33: 1 | Q33: 0 | S33: 143790 | T33: OPT-2474385-2720670 | U33: CJ대한통운 | W33: 0 | X33: 45500 | Y33: 41363.636 | Z33: 46058
A34: 46058.368 | B34: 2.0260205e+18 | C34: Harry” | D34: 010-8868-1996 | E34: 010-8868-1996 | F34: Harry” | G34: 010-8868-1996 | H34: 010-8868-1996 | I34: 13539 | J34: 경기 성남시 분당구 판교백현로 38 101동 1201호 | K34: 경기 성남시 분당구 판교백현로 38 101동 1201호 | L34: 워커힐 본갈비 3+1 최초❤️5만원대! 총1.2kg✨호텔특제 양념갈비 8인분 (✨1인분 7,375원꼴! / [300g,2인분] x 총 4팩 / ✨초이스등급 본갈비 / ❣️워커힐 특제 비법소스) | M34: ✨1인분 7,375원꼴! / [300g,2인분] x 총 4팩 / ✨초이스등급 본갈비 / ❣️워커힐 특제 비법소스) | N34: 54363 | O34: 45500 | P34: 1 | Q34: 0 | S34: 143790 | T34: OPT-2474381-2720665 | U34: CJ대한통운 | W34: 0 | X34: 45500 | Y34: 41363.636 | Z34: 46058
A35: 46058.366 | B35: 2.0260205e+18 | C35: 박진혁 | D35: 010-9158-3106 | E35: 010-9158-3106 | F35: 박진혁 | G35: 010-9158-3106 | H35: 010-9158-3106 | I35: 16517 | J35: 경기 수원시 영통구 광교호수공원로 277 110동 4603호 | K35: 경기 수원시 영통구 광교호수공원로 277 110동 4603호 | L35: 워커힐 본갈비 3+1 최초❤️5만원대! 총1.2kg✨호텔특제 양념갈비 8인분 (✨1인분 7,375원꼴! / [300g,2인분] x 총 4팩 / ✨초이스등급 본갈비 / ❣️워커힐 특제 비법소스) | M35: ✨1인분 7,375원꼴! / [300g,2인분] x 총 4팩 / ✨초이스등급 본갈비 / ❣️워커힐 특제 비법소스) | N35: 54363 | O35: 45500 | P35: 1 | Q35: 0 | S35: 143790 | T35: OPT-2474377-2720661 | U35: CJ대한통운 | W35: 0 | X35: 45500 | Y35: 41363.636 | Z35: 46058
A36: 46058.366 | B36: 2.0260205e+18 | C36: 구자봉 | D36: 010-3067-1884 | E36: 010-3067-1884 | F36: 구자봉 | G36: 010-3067-1884 | H36: 010-3067-1884 | I36: 5274 | J36: 서울 강동구 고덕로 360 아르테온 아파트 323동705호 | K36: 서울 강동구 고덕로 360 아르테온 아파트 323동705호 | L36: 워커힐 본갈비 3+1 최초❤️5만원대! 총1.2kg✨호텔특제 양념갈비 8인분 (✨1인분 7,375원꼴! / [300g,2인분] x 총 4팩 / ✨초이스등급 본갈비 / ❣️워커힐 특제 비법소스) | M36: ✨1인분 7,375원꼴! / [300g,2인분] x 총 4팩 / ✨초이스등급 본갈비 / ❣️워커힐 특제 비법소스) | N36: 54363 | O36: 45500 | P36: 1 | Q36: 0 | R36: 아르테온 아파트 323동705호 | S36: 143790 | T36: OPT-2474376-2720660 | U36: CJ대한통운 | W36: 0 | X36: 45500 | Y36: 41363.636 | Z36: 46058
A37: 46058.364 | B37: 2.0260205e+18 | C37: 이명열 | D37: 010-2730-5221 | E37: 010-2730-5221 | F37: 명열 | G37: 010-2730-5221 | H37: 010-2730-5221 | I37: 16822 | J37: 경기 용인시 수지구 동천로135번길 21 1310-802 | K37: 경기 용인시 수지구 동천로135번길 21 1310-802 | L37: 워커힐 본갈비 3+1 최초❤️5만원대! 총1.2kg✨호텔특제 양념갈비 8인분 (✨1인분 7,375원꼴! / [300g,2인분] x 총 4팩 / ✨초이스등급 본갈비 / ❣️워커힐 특제 비법소스) | M37: ✨1인분 7,375원꼴! / [300g,2인분] x 총 4팩 / ✨초이스등급 본갈비 / ❣️워커힐 특제 비법소스) | N37: 54363 | O37: 45500 | P37: 1 | Q37: 0 | S37: 143790 | T37: OPT-2474370-2720653 | U37: CJ대한통운 | W37: 0 | X37: 45500 | Y37: 41363.636 | Z37: 46058
A38: 46058.363 | B38: 2.0260205e+18 | C38: 장효숙 | D38: 010-4733-0806 | E38: 010-4733-0806 | F38: 장석경 | G38: 010-8419-0367 | H38: 010-8419-0367 | I38: 63090 | J38: 제주특별자치도 제주시 과원로 11 부영2차 204동 910호 | K38: 제주특별자치도 제주시 과원로 11 부영2차 204동 910호 | L38: 워커힐 본갈비 3+1 최초❤️5만원대! 총1.2kg✨호텔특제 양념갈비 8인분 (✨1인분 7,375원꼴! / [300g,2인분] x 총 4팩 / ✨초이스등급 본갈비 / ❣️워커힐 특제 비법소스) | M38: ✨1인분 7,375원꼴! / [300g,2인분] x 총 4팩 / ✨초이스등급 본갈비 / ❣️워커힐 특제 비법소스) | N38: 54363 | O38: 45500 | P38: 1 | Q38: 0 | S38: 143790 | T38: OPT-2474362-2720644 | U38: CJ대한통운 | W38: 0 | X38: 45500 | Y38: 41363.636 | Z38: 46058
A39: 46058.362 | B39: 2.0260205e+18 | C39: Jin 김현진 | D39: 010-4880-9223 | E39: 010-4880-9223 | F39: Jin 김현진 | G39: 010-4880-9223 | H39: 010-4880-9223 | I39: 6714 | J39: 서울 서초구 남부순환로 2311-12 105-1901(방배래미안아트힐아파트) | K39: 서울 서초구 남부순환로 2311-12 105-1901(방배래미안아트힐아파트) | L39: 워커힐 본갈비 3+1 최초❤️5만원대! 총1.2kg✨호텔특제 양념갈비 8인분 (✨1인분 7,375원꼴! / [300g,2인분] x 총 4팩 / ✨초이스등급 본갈비 / ❣️워커힐 특제 비법소스) | M39: ✨1인분 7,375원꼴! / [300g,2인분] x 총 4팩 / ✨초이스등급 본갈비 / ❣️워커힐 특제 비법소스) | N39: 54363 | O39: 45500 | P39: 1 | Q39: 0 | S39: 143790 | T39: OPT-2474361-2720643 | U39: CJ대한통운 | W39: 0 | X39: 45500 | Y39: 41363.636 | Z39: 46058
A40: 46058.36 | B40: 2.0260205e+18 | C40: 단빈 송병선 | D40: 010-5360-4696 | E40: 010-5360-4696 | F40: 송병선 | G40: 010-5360-4696 | H40: 010-5360-4696 | I40: 14596 | J40: 경기 부천시 원미구 부흥로 102 한아름한국아파트 1538동 103호 | K40: 경기 부천시 원미구 부흥로 102 한아름한국아파트 1538동 103호 | L40: 워커힐 본갈비 3+1 최초❤️5만원대! 총1.2kg✨호텔특제 양념갈비 8인분 (✨1인분 7,375원꼴! / [300g,2인분] x 총 4팩 / ✨초이스등급 본갈비 / ❣️워커힐 특제 비법소스) | M40: ✨1인분 7,375원꼴! / [300g,2인분] x 총 4팩 / ✨초이스등급 본갈비 / ❣️워커힐 특제 비법소스) | N40: 108726 | O40: 45500 | P40: 2 | Q40: 0 | S40: 143790 | T40: OPT-2474355-2720635 | U40: CJ대한통운 | W40: 0 | X40: 91000 | Y40: 82727.273 | Z40: 46058
A41: 46058.36 | B41: 2.0260205e+18 | C41: Jeeyoung | D41: 010-9097-7084 | E41: 010-9097-7084 | F41: Jeeyoung | G41: 010-9097-7084 | H41: 010-9097-7084 | I41: 16021 | J41: 경기 의왕시 내손중앙로 11 1110-2504 | K41: 경기 의왕시 내손중앙로 11 1110-2504 | L41: 워커힐 본갈비 3+1 최초❤️5만원대! 총1.2kg✨호텔특제 양념갈비 8인분 (✨1인분 7,375원꼴! / [300g,2인분] x 총 4팩 / ✨초이스등급 본갈비 / ❣️워커힐 특제 비법소스) | M41: ✨1인분 7,375원꼴! / [300g,2인분] x 총 4팩 / ✨초이스등급 본갈비 / ❣️워커힐 특제 비법소스) | N41: 54363 | O41: 45500 | P41: 1 | Q41: 0 | S41: 143790 | T41: OPT-2474350-2720629 | U41: CJ대한통운 | W41: 0 | X41: 45500 | Y41: 41363.636 | Z41: 46058
A42: 46058.359 | B42: 2.0260205e+18 | C42: 제민맘짱 | D42: 010-4427-5129 | E42: 010-4427-5129 | F42: 제민맘짱 | G42: 010-4427-5129 | H42: 010-4427-5129 | I42: 31091 | J42: 충청남도 천안시 서북구 한들3로 100 (백석동, 백석마을아이파크아파트) 114동 402호 | K42: 충청남도 천안시 서북구 한들3로 100 (백석동, 백석마을아이파크아파트) 114동 402호 | L42: 워커힐 본갈비 3+1 최초❤️5만원대! 총1.2kg✨호텔특제 양념갈비 8인분 (✨1인분 7,375원꼴! / [300g,2인분] x 총 4팩 / ✨초이스등급 본갈비 / ❣️워커힐 특제 비법소스) | M42: ✨1인분 7,375원꼴! / [300g,2인분] x 총 4팩 / ✨초이스등급 본갈비 / ❣️워커힐 특제 비법소스) | N42: 54363 | O42: 45500 | P42: 1 | Q42: 0 | S42: 143790 | T42: OPT-2474349-2720628 | U42: CJ대한통운 | W42: 0 | X42: 45500 | Y42: 41363.636 | Z42: 46058
A43: 46058.357 | B43: 2.0260205e+18 | C43: chungyoul | D43: 010-6360-8033 | E43: 010-6360-8033 | F43: chungyoul | G43: 010-6360-8033 | H43: 010-6360-8033 | I43: 3911 | J43: 서울특별시 마포구 월드컵로 338 (상암동, 상암월드컵파크 3단지) 309동301호 | K43: 서울특별시 마포구 월드컵로 338 (상암동, 상암월드컵파크 3단지) 309동301호 | L43: 워커힐 본갈비 3+1 최초❤️5만원대! 총1.2kg✨호텔특제 양념갈비 8인분 (✨1인분 7,375원꼴! / [300g,2인분] x 총 4팩 / ✨초이스등급 본갈비 / ❣️워커힐 특제 비법소스) | M43: ✨1인분 7,375원꼴! / [300g,2인분] x 총 4팩 / ✨초이스등급 본갈비 / ❣️워커힐 특제 비법소스) | N43: 54363 | O43: 45500 | P43: 1 | Q43: 0 | S43: 143790 | T43: OPT-2474341-2720620 | U43: CJ대한통운 | W43: 0 | X43: 45500 | Y43: 41363.636 | Z43: 46058
A44: 46058.357 | B44: 2.0260205e+18 | C44: 곽규환 | D44: 010-6389-1775 | E44: 010-6389-1775 | F44: 곽규환 | G44: 010-6389-1775 | H44: 010-6389-1775 | I44: 13544 | J44: 경기도 성남시 분당구 판교대장로5길 20 (대장동, 판교 풍경채 어바니티 5단지) 502동 1003호 | K44: 경기도 성남시 분당구 판교대장로5길 20 (대장동, 판교 풍경채 어바니티 5단지) 502동 1003호 | L44: 워커힐 본갈비 3+1 최초❤️5만원대! 총1.2kg✨호텔특제 양념갈비 8인분 (✨1인분 7,375원꼴! / [300g,2인분] x 총 4팩 / ✨초이스등급 본갈비 / ❣️워커힐 특제 비법소스) | M44: ✨1인분 7,375원꼴! / [300g,2인분] x 총 4팩 / ✨초이스등급 본갈비 / ❣️워커힐 특제 비법소스) | N44: 54363 | O44: 45500 | P44: 1 | Q44: 0 | S44: 143790 | T44: OPT-2474340-2720619 | U44: CJ대한통운 | W44: 0 | X44: 45500 | Y44: 41363.636 | Z44: 46058
A45: 46058.355 | B45: 2.0260205e+18 | C45: 손민기(칡소) | D45: 010-5217-7255 | E45: 010-5217-7255 | F45: 손민기(칡소) | G45: 010-5217-7255 | H45: 010-5217-7255 | I45: 13379 | J45: 경기 성남시 수정구 수정로 2 103동 706호(수진동,삼정그린뷰아파트) | K45: 경기 성남시 수정구 수정로 2 103동 706호(수진동,삼정그린뷰아파트) | L45: 워커힐 본갈비 3+1 최초❤️5만원대! 총1.2kg✨호텔특제 양념갈비 8인분 (✨1인분 7,375원꼴! / [300g,2인분] x 총 4팩 / ✨초이스등급 본갈비 / ❣️워커힐 특제 비법소스) | M45: ✨1인분 7,375원꼴! / [300g,2인분] x 총 4팩 / ✨초이스등급 본갈비 / ❣️워커힐 특제 비법소스) | N45: 54363 | O45: 45500 | P45: 1 | Q45: 0 | S45: 143790 | T45: OPT-2474338-2720617 | U45: CJ대한통운 | W45: 0 | X45: 45500 | Y45: 41363.636 | Z45: 46058
A46: 46058.354 | B46: 2.0260205e+18 | C46: 최복식 | D46: 010-3198-2621 | E46: 010-3198-2621 | F46: 최복식 | G46: 010-3198-2621 | H46: 010-3198-2621 | I46: 46017 | J46: 부산광역시 기장군 정관읍 정관5로 12 (동원로얄듀크2차아파트) 214동 1705호 | K46: 부산광역시 기장군 정관읍 정관5로 12 (동원로얄듀크2차아파트) 214동 1705호 | L46: 워커힐 본갈비 3+1 최초❤️5만원대! 총1.2kg✨호텔특제 양념갈비 8인분 (✨1인분 7,375원꼴! / [300g,2인분] x 총 4팩 / ✨초이스등급 본갈비 / ❣️워커힐 특제 비법소스) | M46: ✨1인분 7,375원꼴! / [300g,2인분] x 총 4팩 / ✨초이스등급 본갈비 / ❣️워커힐 특제 비법소스) | N46: 54363 | O46: 45500 | P46: 1 | Q46: 0 | S46: 143790 | T46: OPT-2474337-2720616 | U46: CJ대한통운 | W46: 0 | X46: 45500 | Y46: 41363.636 | Z46: 46058
A47: 46058.354 | B47: 2.0260205e+18 | C47: jihyun | D47: 010-8501-9350 | E47: 010-8501-9350 | F47: jihyun | G47: 010-8501-9350 | H47: 010-8501-9350 | I47: 47748 | J47: 부산광역시 동래구 명륜로 170 (명륜동, 명륜아이파크1단지) 107동 802호 | K47: 부산광역시 동래구 명륜로 170 (명륜동, 명륜아이파크1단지) 107동 802호 | L47: 워커힐 본갈비 3+1 최초❤️5만원대! 총1.2kg✨호텔특제 양념갈비 8인분 (✨1인분 7,375원꼴! / [300g,2인분] x 총 4팩 / ✨초이스등급 본갈비 / ❣️워커힐 특제 비법소스) | M47: ✨1인분 7,375원꼴! / [300g,2인분] x 총 4팩 / ✨초이스등급 본갈비 / ❣️워커힐 특제 비법소스) | N47: 54363 | O47: 45500 | P47: 1 | Q47: 0 | S47: 143790 | T47: OPT-2474335-2720614 | U47: CJ대한통운 | W47: 0 | X47: 45500 | Y47: 41363.636 | Z47: 46058
A48: 46058.354 | B48: 2.0260205e+18 | C48: 이순분 | D48: 010-7135-4709 | E48: 010-7135-4709 | F48: 이순분 | G48: 010-7135-4709 | H48: 010-7135-4709 | I48: 21434 | J48: 인천광역시 부평구 아트센터로 118 (십정동, 동암신동아아파트) 신동아104동205호 | K48: 인천광역시 부평구 아트센터로 118 (십정동, 동암신동아아파트) 신동아104동205호 | L48: 워커힐 본갈비 3+1 최초❤️5만원대! 총1.2kg✨호텔특제 양념갈비 8인분 (✨1인분 7,375원꼴! / [300g,2인분] x 총 4팩 / ✨초이스등급 본갈비 / ❣️워커힐 특제 비법소스) | M48: ✨1인분 7,375원꼴! / [300g,2인분] x 총 4팩 / ✨초이스등급 본갈비 / ❣️워커힐 특제 비법소스) | N48: 54363 | O48: 45500 | P48: 1 | Q48: 0 | S48: 143790 | T48: OPT-2474334-2720613 | U48: CJ대한통운 | W48: 0 | X48: 45500 | Y48: 41363.636 | Z48: 46058
A49: 46058.354 | B49: 2.0260205e+18 | C49: 시냇가에 심은 나무처럼~ | D49: 010-3412-0497 | E49: 010-3412-0497 | F49: 시냇가에 심은 나무처럼~ | G49: 010-3412-0497 | H49: 010-3412-0497 | I49: 7046 | J49: 서울 동작구 성대로 164 상도푸르지오클라베뉴 106동905호 | K49: 서울 동작구 성대로 164 상도푸르지오클라베뉴 106동905호 | L49: 워커힐 본갈비 3+1 최초❤️5만원대! 총1.2kg✨호텔특제 양념갈비 8인분 (✨1인분 7,375원꼴! / [300g,2인분] x 총 4팩 / ✨초이스등급 본갈비 / ❣️워커힐 특제 비법소스) | M49: ✨1인분 7,375원꼴! / [300g,2인분] x 총 4팩 / ✨초이스등급 본갈비 / ❣️워커힐 특제 비법소스) | N49: 54363 | O49: 45500 | P49: 1 | Q49: 0 | R49: 문앞 | S49: 143790 | T49: OPT-2474332-2720611 | U49: CJ대한통운 | W49: 0 | X49: 45500 | Y49: 41363.636 | Z49: 46058
A50: 46058.35 | B50: 2.0260205e+18 | C50: WJ | D50: 010-8602-5630 | E50: 010-8602-5630 | F50: WJ | G50: 010-8602-5630 | H50: 010-8602-5630 | I50: 10391 | J50: 경기 고양시 일산서구 킨텍스로 240 106동 2201호 | K50: 경기 고양시 일산서구 킨텍스로 240 106동 2201호 | L50: 워커힐 본갈비 3+1 최초❤️5만원대! 총1.2kg✨호텔특제 양념갈비 8인분 (✨1인분 7,375원꼴! / [300g,2인분] x 총 4팩 / ✨초이스등급 본갈비 / ❣️워커힐 특제 비법소스) | M50: ✨1인분 7,375원꼴! / [300g,2인분] x 총 4팩 / ✨초이스등급 본갈비 / ❣️워커힐 특제 비법소스) | N50: 54363 | O50: 45500 | P50: 1 | Q50: 0 | S50: 143790 | T50: OPT-2474319-2720594 | U50: CJ대한통운 | W50: 0 | X50: 45500 | Y50: 41363.636 | Z50: 46058
A51: 46058.349 | B51: 2.0260205e+18 | C51: 이정희martha | D51: 010-4538-2572 | E51: 010-4538-2572 | F51: 이정희martha | G51: 010-4538-2572 | H51: 010-4538-2572 | I51: 23026 | J51: 인천광역시 강화군 강화읍 강화대로 96-1 (강화씨앤블루빌) 2동 18호 | K51: 인천광역시 강화군 강화읍 강화대로 96-1 (강화씨앤블루빌) 2동 18호 | L51: 워커힐 본갈비 3+1 최초❤️5만원대! 총1.2kg✨호텔특제 양념갈비 8인분 (✨1인분 7,375원꼴! / [300g,2인분] x 총 4팩 / ✨초이스등급 본갈비 / ❣️워커힐 특제 비법소스) | M51: ✨1인분 7,375원꼴! / [300g,2인분] x 총 4팩 / ✨초이스등급 본갈비 / ❣️워커힐 특제 비법소스) | N51: 54363 | O51: 45500 | P51: 1 | Q51: 0 | R51: 삼프로 홍보 보고 주문해요 | S51: 143790 | T51: OPT-2474316-2720591 | U51: CJ대한통운 | W51: 0 | X51: 45500 | Y51: 41363.636 | Z51: 46058
A52: 46058.348 | B52: 2.0260205e+18 | C52: 김지혜 / jumjum__2 | D52: 010-4274-7225 | E52: 010-4274-7225 | F52: 김지혜 / jumjum__2 | G52: 010-4274-7225 | H52: 010-4274-7225 | I52: 16035 | J52: 경기 의왕시 내손순환로 8 202동 403호 | K52: 경기 의왕시 내손순환로 8 202동 403호 | L52: 워커힐 본갈비 3+1 최초❤️5만원대! 총1.2kg✨호텔특제 양념갈비 8인분 (✨1인분 7,375원꼴! / [300g,2인분] x 총 4팩 / ✨초이스등급 본갈비 / ❣️워커힐 특제 비법소스) | M52: ✨1인분 7,375원꼴! / [300g,2인분] x 총 4팩 / ✨초이스등급 본갈비 / ❣️워커힐 특제 비법소스) | N52: 108726 | O52: 45500 | P52: 2 | Q52: 0 | S52: 143790 | T52: OPT-2474314-2720589 | U52: CJ대한통운 | W52: 0 | X52: 91000 | Y52: 82727.273 | Z52: 46058
A53: 46058.347 | B53: 2.0260205e+18 | C53: 김은영 | D53: 010-4991-3103 | E53: 010-4991-3103 | F53: 김은영 | G53: 010-4991-3103 | H53: 010-4991-3103 | I53: 51001 | J53: 경남 김해시 장유로 500 103동3603호 | K53: 경남 김해시 장유로 500 103동3603호 | L53: 워커힐 본갈비 3+1 최초❤️5만원대! 총1.2kg✨호텔특제 양념갈비 8인분 (✨1인분 7,375원꼴! / [300g,2인분] x 총 4팩 / ✨초이스등급 본갈비 / ❣️워커힐 특제 비법소스) | M53: ✨1인분 7,375원꼴! / [300g,2인분] x 총 4팩 / ✨초이스등급 본갈비 / ❣️워커힐 특제 비법소스) | N53: 54363 | O53: 45500 | P53: 1 | Q53: 0 | S53: 143790 | T53: OPT-2474311-2720586 | U53: CJ대한통운 | W53: 0 | X53: 45500 | Y53: 41363.636 | Z53: 46058
A54: 46058.346 | B54: 2.0260205e+18 | C54: 노영신 | D54: 010-3371-3214 | E54: 010-3371-3214 | F54: 노영신 | G54: 010-3371-3214 | H54: 010-3371-3214 | I54: 7584 | J54: 서울 강서구 강서로56나길 37 307동 603호 | K54: 서울 강서구 강서로56나길 37 307동 603호 | L54: 워커힐 본갈비 3+1 최초❤️5만원대! 총1.2kg✨호텔특제 양념갈비 8인분 (✨1인분 7,375원꼴! / [300g,2인분] x 총 4팩 / ✨초이스등급 본갈비 / ❣️워커힐 특제 비법소스) | M54: ✨1인분 7,375원꼴! / [300g,2인분] x 총 4팩 / ✨초이스등급 본갈비 / ❣️워커힐 특제 비법소스) | N54: 54363 | O54: 45500 | P54: 1 | Q54: 0 | S54: 143790 | T54: OPT-2474308-2720583 | U54: CJ대한통운 | W54: 0 | X54: 45500 | Y54: 41363.636 | Z54: 46058
A55: 46058.345 | B55: 2.0260205e+18 | C55: 박보경 | D55: 010-4180-0848 | E55: 010-4180-0848 | F55: 박보경 | G55: 010-4180-0848 | H55: 010-4180-0848 | I55: 34074 | J55: 대전 유성구 지족로190번길 36 102동604호 | K55: 대전 유성구 지족로190번길 36 102동604호 | L55: 워커힐 본갈비 3+1 최초❤️5만원대! 총1.2kg✨호텔특제 양념갈비 8인분 (✨1인분 7,375원꼴! / [300g,2인분] x 총 4팩 / ✨초이스등급 본갈비 / ❣️워커힐 특제 비법소스) | M55: ✨1인분 7,375원꼴! / [300g,2인분] x 총 4팩 / ✨초이스등급 본갈비 / ❣️워커힐 특제 비법소스) | N55: 54363 | O55: 45500 | P55: 1 | Q55: 0 | S55: 143790 | T55: OPT-2474304-2720579 | U55: CJ대한통운 | W55: 0 | X55: 45500 | Y55: 41363.636 | Z55: 46058
A56: 46058.345 | B56: 2.0260205e+18 | C56: 신혜순 | D56: 010-6401-4459 | E56: 010-6401-4459 | F56: 신혜순 | G56: 010-6401-4459 | H56: 010-6401-4459 | I56: 16693 | J56: 경기도 수원시 영통구 영통로200번길 112 (망포동, 영통 SK VIEW) 102동 1503호 | K56: 경기도 수원시 영통구 영통로200번길 112 (망포동, 영통 SK VIEW) 102동 1503호 | L56: 워커힐 본갈비 3+1 최초❤️5만원대! 총1.2kg✨호텔특제 양념갈비 8인분 (✨1인분 7,375원꼴! / [300g,2인분] x 총 4팩 / ✨초이스등급 본갈비 / ❣️워커힐 특제 비법소스) | M56: ✨1인분 7,375원꼴! / [300g,2인분] x 총 4팩 / ✨초이스등급 본갈비 / ❣️워커힐 특제 비법소스) | N56: 54363 | O56: 45500 | P56: 1 | Q56: 0 | S56: 143790 | T56: OPT-2474303-2720578 | U56: CJ대한통운 | W56: 0 | X56: 45500 | Y56: 41363.636 | Z56: 46058
A57: 46058.344 | B57: 2.0260205e+18 | C57: 곽민지(Hailey) | D57: 010-8945-6652 | E57: 010-8945-6652 | F57: 곽판수님 | G57: 010-4555-7150 | H57: 010-4555-7150 | I57: 49520 | J57: 부산 사하구 다대로 473 113-405 | K57: 부산 사하구 다대로 473 113-405 | L57: 워커힐 본갈비 3+1 최초❤️5만원대! 총1.2kg✨호텔특제 양념갈비 8인분 (✨1인분 7,375원꼴! / [300g,2인분] x 총 4팩 / ✨초이스등급 본갈비 / ❣️워커힐 특제 비법소스) | M57: ✨1인분 7,375원꼴! / [300g,2인분] x 총 4팩 / ✨초이스등급 본갈비 / ❣️워커힐 특제 비법소스) | N57: 54363 | O57: 45500 | P57: 1 | Q57: 0 | R57: 문앞에 놔주세요 | S57: 143790 | T57: OPT-2474298-2720573 | U57: CJ대한통운 | W57: 0 | X57: 45500 | Y57: 41363.636 | Z57: 46058
A58: 46058.344 | B58: 2.0260205e+18 | C58: 박정훈 | D58: 010-6733-7558 | E58: 010-6733-7558 | F58: 박정훈 | G58: 010-6733-7558 | H58: 010-6733-7558 | I58: 21553 | J58: 인천광역시 남동구 구월로60번길 5 (간석동) 이한팔라티움 301호 | K58: 인천광역시 남동구 구월로60번길 5 (간석동) 이한팔라티움 301호 | L58: 워커힐 본갈비 3+1 최초❤️5만원대! 총1.2kg✨호텔특제 양념갈비 8인분 (✨1인분 7,375원꼴! / [300g,2인분] x 총 4팩 / ✨초이스등급 본갈비 / ❣️워커힐 특제 비법소스) | M58: ✨1인분 7,375원꼴! / [300g,2인분] x 총 4팩 / ✨초이스등급 본갈비 / ❣️워커힐 특제 비법소스) | N58: 54363 | O58: 45500 | P58: 1 | Q58: 0 | S58: 143790 | T58: OPT-2474293-2720567 | U58: CJ대한통운 | W58: 0 | X58: 45500 | Y58: 41363.636 | Z58: 46058
A59: 46058.343 | B59: 2.0260205e+18 | C59: 곽민지(Hailey) | D59: 010-8945-6652 | E59: 010-8945-6652 | F59: 곽민지(Hailey) | G59: 010-8945-6652 | H59: 010-8945-6652 | I59: 13599 | J59: 경기 성남시 분당구 수내로 148 114-3002 | K59: 경기 성남시 분당구 수내로 148 114-3002 | L59: 워커힐 본갈비 3+1 최초❤️5만원대! 총1.2kg✨호텔특제 양념갈비 8인분 (✨1인분 7,375원꼴! / [300g,2인분] x 총 4팩 / ✨초이스등급 본갈비 / ❣️워커힐 특제 비법소스) | M59: ✨1인분 7,375원꼴! / [300g,2인분] x 총 4팩 / ✨초이스등급 본갈비 / ❣️워커힐 특제 비법소스) | N59: 54363 | O59: 45500 | P59: 1 | Q59: 0 | S59: 143790 | T59: OPT-2474287-2720559 | U59: CJ대한통운 | W59: 0 | X59: 45500 | Y59: 41363.636 | Z59: 46058
A60: 46058.343 | B60: 2.0260205e+18 | C60: 민이 | D60: 010-5758-6251 | E60: 010-5758-6251 | F60: 김종민 | G60: 010-5758-6251 | H60: 010-5758-6251 | I60: 28123 | J60: 충북 청주시 청원구 오창읍 오창중앙로 105 908동 804호 | K60: 충북 청주시 청원구 오창읍 오창중앙로 105 908동 804호 | L60: 워커힐 본갈비 3+1 최초❤️5만원대! 총1.2kg✨호텔특제 양념갈비 8인분 (✨1인분 7,375원꼴! / [300g,2인분] x 총 4팩 / ✨초이스등급 본갈비 / ❣️워커힐 특제 비법소스) | M60: ✨1인분 7,375원꼴! / [300g,2인분] x 총 4팩 / ✨초이스등급 본갈비 / ❣️워커힐 특제 비법소스) | N60: 54363 | O60: 45500 | P60: 1 | Q60: 0 | S60: 143790 | T60: OPT-2474286-2720558 | U60: CJ대한통운 | W60: 0 | X60: 45500 | Y60: 41363.636 | Z60: 46058
A61: 46058.342 | B61: 2.0260205e+18 | C61: 오희웅 | D61: 010-2338-7174 | E61: 010-2338-7174 | F61: 오희웅 | G61: 010-5529-7174 | H61: 010-5529-7174 | I61: 14706 | J61: 경기 부천시 소사구 은성로37번길 61 3층 | K61: 경기 부천시 소사구 은성로37번길 61 3층 | L61: 워커힐 본갈비 3+1 최초❤️5만원대! 총1.2kg✨호텔특제 양념갈비 8인분 (✨1인분 7,375원꼴! / [300g,2인분] x 총 4팩 / ✨초이스등급 본갈비 / ❣️워커힐 특제 비법소스) | M61: ✨1인분 7,375원꼴! / [300g,2인분] x 총 4팩 / ✨초이스등급 본갈비 / ❣️워커힐 특제 비법소스) | N61: 54363 | O61: 45500 | P61: 1 | Q61: 0 | R61: 3층 안쪽에 넣어주세요 | S61: 143790 | T61: OPT-2474282-2720554 | U61: CJ대한통운 | W61: 0 | X61: 45500 | Y61: 41363.636 | Z61: 46058
A62: 46058.342 | B62: 2.0260205e+18 | C62: 류임식 | D62: 010-9038-2398 | E62: 010-9038-2398 | F62: 강동현 | G62: 010-9302-2134 | H62: 010-9302-2134 | I62: 46765 | J62: 부산 강서구 명지오션시티1로 155 105동 202호 | K62: 부산 강서구 명지오션시티1로 155 105동 202호 | L62: 워커힐 본갈비 3+1 최초❤️5만원대! 총1.2kg✨호텔특제 양념갈비 8인분 (✨1인분 7,375원꼴! / [300g,2인분] x 총 4팩 / ✨초이스등급 본갈비 / ❣️워커힐 특제 비법소스) | M62: ✨1인분 7,375원꼴! / [300g,2인분] x 총 4팩 / ✨초이스등급 본갈비 / ❣️워커힐 특제 비법소스) | N62: 54363 | O62: 45500 | P62: 1 | Q62: 0 | S62: 143790 | T62: OPT-2474281-2720553 | U62: CJ대한통운 | W62: 0 | X62: 45500 | Y62: 41363.636 | Z62: 46058
A63: 46058.342 | B63: 2.0260205e+18 | C63: 김한영 | D63: 010-9947-6428 | E63: 010-9947-6428 | F63: 김한영 | G63: 010-9947-6428 | H63: 010-9947-6428 | I63: 1707 | J63: 서울특별시 노원구 덕릉로77길 5 (중계동, 벽산아파트) 101동 1403호 | K63: 서울특별시 노원구 덕릉로77길 5 (중계동, 벽산아파트) 101동 1403호 | L63: 워커힐 본갈비 3+1 최초❤️5만원대! 총1.2kg✨호텔특제 양념갈비 8인분 (✨1인분 7,375원꼴! / [300g,2인분] x 총 4팩 / ✨초이스등급 본갈비 / ❣️워커힐 특제 비법소스) | M63: ✨1인분 7,375원꼴! / [300g,2인분] x 총 4팩 / ✨초이스등급 본갈비 / ❣️워커힐 특제 비법소스) | N63: 54363 | O63: 45500 | P63: 1 | Q63: 0 | S63: 143790 | T63: OPT-2474276-2720546 | U63: CJ대한통운 | W63: 0 | X63: 45500 | Y63: 41363.636 | Z63: 46058
A64: 46058.341 | B64: 2.0260205e+18 | C64: 유정희 | D64: 010-3220-0063 | E64: 010-3220-0063 | F64: 유정희 | G64: 010-3220-0063 | H64: 010-3220-0063 | I64: 11479 | J64: 경기도 양주시 옥정서로1길 60 (옥정동, e편한세상 옥정 더퍼스트) 1501-104 | K64: 경기도 양주시 옥정서로1길 60 (옥정동, e편한세상 옥정 더퍼스트) 1501-104 | L64: 워커힐 본갈비 3+1 최초❤️5만원대! 총1.2kg✨호텔특제 양념갈비 8인분 (✨1인분 7,375원꼴! / [300g,2인분] x 총 4팩 / ✨초이스등급 본갈비 / ❣️워커힐 특제 비법소스) | M64: ✨1인분 7,375원꼴! / [300g,2인분] x 총 4팩 / ✨초이스등급 본갈비 / ❣️워커힐 특제 비법소스) | N64: 54363 | O64: 45500 | P64: 1 | Q64: 0 | S64: 143790 | T64: OPT-2474274-2720544 | U64: CJ대한통운 | W64: 0 | X64: 45500 | Y64: 41363.636 | Z64: 46058
A65: 46058.341 | B65: 2.0260205e+18 | C65: 여영찬 | D65: 010-4880-0685 | E65: 010-4880-0685 | F65: 여영찬 | G65: 010-4880-0685 | H65: 010-4880-0685 | I65: 6270 | J65: 서울특별시 강남구 논현로 209 (도곡동, 경남아파트) 104동 105호 | K65: 서울특별시 강남구 논현로 209 (도곡동, 경남아파트) 104동 105호 | L65: 워커힐 본갈비 3+1 최초❤️5만원대! 총1.2kg✨호텔특제 양념갈비 8인분 (✨1인분 7,375원꼴! / [300g,2인분] x 총 4팩 / ✨초이스등급 본갈비 / ❣️워커힐 특제 비법소스) | M65: ✨1인분 7,375원꼴! / [300g,2인분] x 총 4팩 / ✨초이스등급 본갈비 / ❣️워커힐 특제 비법소스) | N65: 54363 | O65: 45500 | P65: 1 | Q65: 0 | S65: 143790 | T65: OPT-2474273-2720543 | U65: CJ대한통운 | W65: 0 | X65: 45500 | Y65: 41363.636 | Z65: 46058
A66: 46058.341 | B66: 2.0260205e+18 | C66: 류임식 | D66: 010-9038-2398 | E66: 010-9038-2398 | F66: 강유정 | G66: 010-5094-7257 | H66: 010-5094-7257 | I66: 49514 | J66: 부산 사하구 다대로 381 삼환2차 101동 1402호 | K66: 부산 사하구 다대로 381 삼환2차 101동 1402호 | L66: 워커힐 본갈비 3+1 최초❤️5만원대! 총1.2kg✨호텔특제 양념갈비 8인분 (✨1인분 7,375원꼴! / [300g,2인분] x 총 4팩 / ✨초이스등급 본갈비 / ❣️워커힐 특제 비법소스) | M66: ✨1인분 7,375원꼴! / [300g,2인분] x 총 4팩 / ✨초이스등급 본갈비 / ❣️워커힐 특제 비법소스) | N66: 54363 | O66: 45500 | P66: 1 | Q66: 0 | R66: 배송전 안내문자 요청드림 | S66: 143790 | T66: OPT-2474272-2720542 | U66: CJ대한통운 | W66: 0 | X66: 45500 | Y66: 41363.636 | Z66: 46058
A67: 46058.34 | B67: 2.0260205e+18 | C67: 성영아 | D67: 010-4691-0932 | E67: 010-4691-0932 | F67: 성영아 | G67: 010-4691-0932 | H67: 010-4691-0932 | I67: 2598 | J67: 서울 동대문구 답십리로 130 304동902호 | K67: 서울 동대문구 답십리로 130 304동902호 | L67: 워커힐 본갈비 3+1 최초❤️5만원대! 총1.2kg✨호텔특제 양념갈비 8인분 (✨1인분 7,375원꼴! / [300g,2인분] x 총 4팩 / ✨초이스등급 본갈비 / ❣️워커힐 특제 비법소스) | M67: ✨1인분 7,375원꼴! / [300g,2인분] x 총 4팩 / ✨초이스등급 본갈비 / ❣️워커힐 특제 비법소스) | N67: 54363 | O67: 45500 | P67: 1 | Q67: 0 | S67: 143790 | T67: OPT-2474270-2720540 | U67: CJ대한통운 | W67: 0 | X67: 45500 | Y67: 41363.636 | Z67: 46058
A68: 46058.34 | B68: 2.0260205e+18 | C68: 차은경 | D68: 010-4118-3866 | E68: 010-4118-3866 | F68: 차은경 | G68: 010-4118-3866 | H68: 010-4118-3866 | I68: 6784 | J68: 서울 서초구 동산로10길 13 이설하이츠빌라 203호 | K68: 서울 서초구 동산로10길 13 이설하이츠빌라 203호 | L68: 워커힐 본갈비 3+1 최초❤️5만원대! 총1.2kg✨호텔특제 양념갈비 8인분 (✨1인분 7,375원꼴! / [300g,2인분] x 총 4팩 / ✨초이스등급 본갈비 / ❣️워커힐 특제 비법소스) | M68: ✨1인분 7,375원꼴! / [300g,2인분] x 총 4팩 / ✨초이스등급 본갈비 / ❣️워커힐 특제 비법소스) | N68: 54363 | O68: 45500 | P68: 1 | Q68: 0 | S68: 143790 | T68: OPT-2474269-2720539 | U68: CJ대한통운 | W68: 0 | X68: 45500 | Y68: 41363.636 | Z68: 46058
A69: 46058.34 | B69: 2.0260205e+18 | C69: 이현호 | D69: 010-8939-0299 | E69: 010-8939-0299 | F69: 이현정 | G69: 010-3699-7964 | H69: 010-3699-7964 | I69: 17943 | J69: 경기 평택시 안중읍 안현로서7길 9 201동 1301호 | K69: 경기 평택시 안중읍 안현로서7길 9 201동 1301호 | L69: 워커힐 본갈비 3+1 최초❤️5만원대! 총1.2kg✨호텔특제 양념갈비 8인분 (✨1인분 7,375원꼴! / [300g,2인분] x 총 4팩 / ✨초이스등급 본갈비 / ❣️워커힐 특제 비법소스) | M69: ✨1인분 7,375원꼴! / [300g,2인분] x 총 4팩 / ✨초이스등급 본갈비 / ❣️워커힐 특제 비법소스) | N69: 54363 | O69: 45500 | P69: 1 | Q69: 0 | S69: 143790 | T69: OPT-2474268-2720538 | U69: CJ대한통운 | W69: 0 | X69: 45500 | Y69: 41363.636 | Z69: 46058
A70: 46058.34 | B70: 2.0260205e+18 | C70: 선화 | D70: 010-7544-5398 | E70: 010-7544-5398 | F70: 선화 | G70: 010-7544-5398 | H70: 010-7544-5398 | I70: 22376 | J70: 인천 중구 흰바위로 249 239-802 | K70: 인천 중구 흰바위로 249 239-802 | L70: 워커힐 본갈비 3+1 최초❤️5만원대! 총1.2kg✨호텔특제 양념갈비 8인분 (✨1인분 7,375원꼴! / [300g,2인분] x 총 4팩 / ✨초이스등급 본갈비 / ❣️워커힐 특제 비법소스) | M70: ✨1인분 7,375원꼴! / [300g,2인분] x 총 4팩 / ✨초이스등급 본갈비 / ❣️워커힐 특제 비법소스) | N70: 54363 | O70: 45500 | P70: 1 | Q70: 0 | S70: 143790 | T70: OPT-2474266-2720536 | U70: CJ대한통운 | W70: 0 | X70: 45500 | Y70: 41363.636 | Z70: 46058
A71: 46058.339 | B71: 2.0260205e+18 | C71: 조영훈 | D71: 010-9088-8007 | E71: 010-9088-8007 | F71: 조영훈 | G71: 010-9088-8007 | H71: 010-9088-8007 | I71: 17058 | J71: 경기 용인시 처인구 명지로116번길 9-70 명지엘펜하임 103-604 | K71: 경기 용인시 처인구 명지로116번길 9-70 명지엘펜하임 103-604 | L71: 워커힐 본갈비 3+1 최초❤️5만원대! 총1.2kg✨호텔특제 양념갈비 8인분 (✨1인분 7,375원꼴! / [300g,2인분] x 총 4팩 / ✨초이스등급 본갈비 / ❣️워커힐 특제 비법소스) | M71: ✨1인분 7,375원꼴! / [300g,2인분] x 총 4팩 / ✨초이스등급 본갈비 / ❣️워커힐 특제 비법소스) | N71: 54363 | O71: 45500 | P71: 1 | Q71: 0 | R71: 문앞, 전화 | S71: 143790 | T71: OPT-2474263-2720533 | U71: CJ대한통운 | W71: 0 | X71: 45500 | Y71: 41363.636 | Z71: 46058
A72: 46058.339 | B72: 2.0260205e+18 | C72: 차은경 | D72: 010-4118-3866 | E72: 010-4118-3866 | F72: 차은경 | G72: 010-4118-3866 | H72: 010-4118-3866 | I72: 2712 | J72: 서울 성북구 솔샘로 120 122동 604호 | K72: 서울 성북구 솔샘로 120 122동 604호 | L72: 워커힐 본갈비 3+1 최초❤️5만원대! 총1.2kg✨호텔특제 양념갈비 8인분 (✨1인분 7,375원꼴! / [300g,2인분] x 총 4팩 / ✨초이스등급 본갈비 / ❣️워커힐 특제 비법소스) | M72: ✨1인분 7,375원꼴! / [300g,2인분] x 총 4팩 / ✨초이스등급 본갈비 / ❣️워커힐 특제 비법소스) | N72: 54363 | O72: 45500 | P72: 1 | Q72: 0 | S72: 143790 | T72: OPT-2474262-2720532 | U72: CJ대한통운 | W72: 0 | X72: 45500 | Y72: 41363.636 | Z72: 46058
A73: 46058.339 | B73: 2.0260205e+18 | C73: 김수이 | D73: 010-7600-4839 | E73: 010-7600-4839 | F73: 김수이 | G73: 010-7600-4839 | H73: 010-7600-4839 | I73: 18439 | J73: 경기 화성시 10용사2길 38 301 | K73: 경기 화성시 10용사2길 38 301 | L73: 워커힐 본갈비 3+1 최초❤️5만원대! 총1.2kg✨호텔특제 양념갈비 8인분 (✨1인분 7,375원꼴! / [300g,2인분] x 총 4팩 / ✨초이스등급 본갈비 / ❣️워커힐 특제 비법소스) | M73: ✨1인분 7,375원꼴! / [300g,2인분] x 총 4팩 / ✨초이스등급 본갈비 / ❣️워커힐 특제 비법소스) | N73: 54363 | O73: 45500 | P73: 1 | Q73: 0 | S73: 143790 | T73: OPT-2474259-2720529 | U73: CJ대한통운 | W73: 0 | X73: 45500 | Y73: 41363.636 | Z73: 46058
A74: 46058.339 | B74: 2.0260205e+18 | C74: 임용식 | D74: 010-3459-3122 | E74: 010-3459-3122 | F74: 임용식 | G74: 010-3459-3122 | H74: 010-3459-3122 | I74: 16704 | J74: 경기 수원시 영통구 봉영로 1620 102동 2301호 | K74: 경기 수원시 영통구 봉영로 1620 102동 2301호 | L74: 워커힐 본갈비 3+1 최초❤️5만원대! 총1.2kg✨호텔특제 양념갈비 8인분 (✨1인분 7,375원꼴! / [300g,2인분] x 총 4팩 / ✨초이스등급 본갈비 / ❣️워커힐 특제 비법소스) | M74: ✨1인분 7,375원꼴! / [300g,2인분] x 총 4팩 / ✨초이스등급 본갈비 / ❣️워커힐 특제 비법소스) | N74: 54363 | O74: 45500 | P74: 1 | Q74: 0 | R74: 문앞에 놓아주시고 문자주세요 | S74: 143790 | T74: OPT-2474257-2720527 | U74: CJ대한통운 | W74: 0 | X74: 45500 | Y74: 41363.636 | Z74: 46058
A75: 46058.338 | B75: 2.0260205e+18 | C75: 권우석 | D75: 010-2692-8622 | E75: 010-2692-8622 | F75: 추정미 | G75: 010-2520-6161 | H75: 010-2520-6161 | I75: 6578 | J75: 서울 서초구 사평대로 142 신반포궁전아파트 1동306호 | K75: 서울 서초구 사평대로 142 신반포궁전아파트 1동306호 | L75: 워커힐 본갈비 3+1 최초❤️5만원대! 총1.2kg✨호텔특제 양념갈비 8인분 (✨1인분 7,375원꼴! / [300g,2인분] x 총 4팩 / ✨초이스등급 본갈비 / ❣️워커힐 특제 비법소스) | M75: ✨1인분 7,375원꼴! / [300g,2인분] x 총 4팩 / ✨초이스등급 본갈비 / ❣️워커힐 특제 비법소스) | N75: 54363 | O75: 45500 | P75: 1 | Q75: 0 | S75: 143790 | T75: OPT-2474252-2720522 | U75: CJ대한통운 | W75: 0 | X75: 45500 | Y75: 41363.636 | Z75: 46058
A76: 46058.338 | B76: 2.0260205e+18 | C76: 김연희 | D76: 010-4415-1588 | E76: 010-4415-1588 | F76: 김연희 | G76: 010-4415-1588 | H76: 010-4415-1588 | I76: 22879 | J76: 인천광역시 서구 이음2로 90 (당하동, 우미린 파크뷰 2단지) 201동 2304호 | K76: 인천광역시 서구 이음2로 90 (당하동, 우미린 파크뷰 2단지) 201동 2304호 | L76: 워커힐 본갈비 3+1 최초❤️5만원대! 총1.2kg✨호텔특제 양념갈비 8인분 (✨1인분 7,375원꼴! / [300g,2인분] x 총 4팩 / ✨초이스등급 본갈비 / ❣️워커힐 특제 비법소스) | M76: ✨1인분 7,375원꼴! / [300g,2인분] x 총 4팩 / ✨초이스등급 본갈비 / ❣️워커힐 특제 비법소스) | N76: 54363 | O76: 45500 | P76: 1 | Q76: 0 | S76: 143790 | T76: OPT-2474251-2720521 | U76: CJ대한통운 | W76: 0 | X76: 45500 | Y76: 41363.636 | Z76: 46058
A77: 46058.338 | B77: 2.0260205e+18 | C77: 정희 | D77: 010-7444-9867 | E77: 010-7444-9867 | F77: 정희 | G77: 010-7444-9867 | H77: 010-7444-9867 | I77: 31733 | J77: 충남 당진시 송악읍 틀모시로 768-38 305동301호 | K77: 충남 당진시 송악읍 틀모시로 768-38 305동301호 | L77: 워커힐 본갈비 3+1 최초❤️5만원대! 총1.2kg✨호텔특제 양념갈비 8인분 (✨1인분 7,375원꼴! / [300g,2인분] x 총 4팩 / ✨초이스등급 본갈비 / ❣️워커힐 특제 비법소스) | M77: ✨1인분 7,375원꼴! / [300g,2인분] x 총 4팩 / ✨초이스등급 본갈비 / ❣️워커힐 특제 비법소스) | N77: 54363 | O77: 45500 | P77: 1 | Q77: 0 | S77: 143790 | T77: OPT-2474250-2720520 | U77: CJ대한통운 | W77: 0 | X77: 45500 | Y77: 41363.636 | Z77: 46058
A78: 46058.337 | B78: 2.0260205e+18 | C78: 장하선 | D78: 010-2263-4795 | E78: 010-2263-4795 | F78: 장하선 | G78: 010-2263-4795 | H78: 010-2263-4795 | I78: 18032 | J78: 경기 평택시 상서재로 80 506-2504 | K78: 경기 평택시 상서재로 80 506-2504 | L78: 워커힐 본갈비 3+1 최초❤️5만원대! 총1.2kg✨호텔특제 양념갈비 8인분 (✨1인분 7,375원꼴! / [300g,2인분] x 총 4팩 / ✨초이스등급 본갈비 / ❣️워커힐 특제 비법소스) | M78: ✨1인분 7,375원꼴! / [300g,2인분] x 총 4팩 / ✨초이스등급 본갈비 / ❣️워커힐 특제 비법소스) | N78: 54363 | O78: 45500 | P78: 1 | Q78: 0 | S78: 143790 | T78: OPT-2474248-2720518 | U78: CJ대한통운 | W78: 0 | X78: 45500 | Y78: 41363.636 | Z78: 46058
A79: 46058.337 | B79: 2.0260205e+18 | C79: 진경안 (징카) | D79: 010-2609-8728 | E79: 010-2609-8728 | F79: 진경안 (징카) | G79: 010-2609-8728 | H79: 010-2609-8728 | I79: 6216 | J79: 서울 강남구 역삼로 306 105-803 | K79: 서울 강남구 역삼로 306 105-803 | L79: 워커힐 본갈비 3+1 최초❤️5만원대! 총1.2kg✨호텔특제 양념갈비 8인분 (✨1인분 7,375원꼴! / [300g,2인분] x 총 4팩 / ✨초이스등급 본갈비 / ❣️워커힐 특제 비법소스) | M79: ✨1인분 7,375원꼴! / [300g,2인분] x 총 4팩 / ✨초이스등급 본갈비 / ❣️워커힐 특제 비법소스) | N79: 54363 | O79: 45500 | P79: 1 | Q79: 0 | S79: 143790 | T79: OPT-2474246-2720516 | U79: CJ대한통운 | W79: 0 | X79: 45500 | Y79: 41363.636 | Z79: 46058
A80: 46058.337 | B80: 2.0260205e+18 | C80: 신현준 | D80: 010-7412-9077 | E80: 010-7412-9077 | F80: 신현준 | G80: 010-7412-9077 | H80: 010-7412-9077 | I80: 13339 | J80: 경기 성남시 수정구 수정로170번길 20-8 1층 | K80: 경기 성남시 수정구 수정로170번길 20-8 1층 | L80: 워커힐 본갈비 3+1 최초❤️5만원대! 총1.2kg✨호텔특제 양념갈비 8인분 (✨1인분 7,375원꼴! / [300g,2인분] x 총 4팩 / ✨초이스등급 본갈비 / ❣️워커힐 특제 비법소스) | M80: ✨1인분 7,375원꼴! / [300g,2인분] x 총 4팩 / ✨초이스등급 본갈비 / ❣️워커힐 특제 비법소스) | N80: 108726 | O80: 45500 | P80: 2 | Q80: 0 | S80: 143790 | T80: OPT-2474245-2720515 | U80: CJ대한통운 | W80: 0 | X80: 91000 | Y80: 82727.273 | Z80: 46058
A81: 46058.337 | B81: 2.0260205e+18 | C81: 전혜진 | D81: 010-3151-0372 | E81: 010-3151-0372 | F81: 전혜진 | G81: 010-3151-0372 | H81: 010-3151-0372 | I81: 3180 | J81: 서울특별시 종로구 경교장길 35 (평동, 경희궁자이 3단지) 303동1506호 | K81: 서울특별시 종로구 경교장길 35 (평동, 경희궁자이 3단지) 303동1506호 | L81: 워커힐 본갈비 3+1 최초❤️5만원대! 총1.2kg✨호텔특제 양념갈비 8인분 (✨1인분 7,375원꼴! / [300g,2인분] x 총 4팩 / ✨초이스등급 본갈비 / ❣️워커힐 특제 비법소스) | M81: ✨1인분 7,375원꼴! / [300g,2인분] x 총 4팩 / ✨초이스등급 본갈비 / ❣️워커힐 특제 비법소스) | N81: 54363 | O81: 45500 | P81: 1 | Q81: 0 | S81: 143790 | T81: OPT-2474240-2720510 | U81: CJ대한통운 | W81: 0 | X81: 45500 | Y81: 41363.636 | Z81: 46058
A82: 46058.336 | B82: 2.0260205e+18 | C82: jung | D82: 010-9181-5414 | E82: 010-9181-5414 | F82: 임정 | G82: 010-9181-5414 | H82: 010-9181-5414 | I82: 14346 | J82: 경기 광명시 양지로 16 광명역 써밋103-604 | K82: 경기 광명시 양지로 16 광명역 써밋103-604 | L82: 워커힐 본갈비 3+1 최초❤️5만원대! 총1.2kg✨호텔특제 양념갈비 8인분 (✨1인분 7,375원꼴! / [300g,2인분] x 총 4팩 / ✨초이스등급 본갈비 / ❣️워커힐 특제 비법소스) | M82: ✨1인분 7,375원꼴! / [300g,2인분] x 총 4팩 / ✨초이스등급 본갈비 / ❣️워커힐 특제 비법소스) | N82: 54363 | O82: 45500 | P82: 1 | Q82: 0 | S82: 143790 | T82: OPT-2474234-2720503 | U82: CJ대한통운 | W82: 0 | X82: 45500 | Y82: 41363.636 | Z82: 46058
A83: 46058.336 | B83: 2.0260205e+18 | C83: 홍성호 | D83: 010-8995-0281 | E83: 010-8995-0281 | F83: 홍성호 | G83: 010-8995-0281 | H83: 010-8995-0281 | I83: 15596 | J83: 경기도 안산시 상록구 해양5로 17 (사동, 그랑시티자이 2차) 203동 3003호 | K83: 경기도 안산시 상록구 해양5로 17 (사동, 그랑시티자이 2차) 203동 3003호 | L83: 워커힐 본갈비 3+1 최초❤️5만원대! 총1.2kg✨호텔특제 양념갈비 8인분 (✨1인분 7,375원꼴! / [300g,2인분] x 총 4팩 / ✨초이스등급 본갈비 / ❣️워커힐 특제 비법소스) | M83: ✨1인분 7,375원꼴! / [300g,2인분] x 총 4팩 / ✨초이스등급 본갈비 / ❣️워커힐 특제 비법소스) | N83: 54363 | O83: 45500 | P83: 1 | Q83: 0 | S83: 143790 | T83: OPT-2474233-2720502 | U83: CJ대한통운 | W83: 0 | X83: 45500 | Y83: 41363.636 | Z83: 46058
A84: 46058.336 | B84: 2.0260205e+18 | C84: 레오 | D84: 010-3129-3165 | E84: 010-3129-3165 | F84: 레오 | G84: 010-3129-3165 | H84: 010-3129-3165 | I84: 6289 | J84: 서울특별시 강남구 선릉로 120 (대치동, 개포1,2차우성아파트) 7동 1503호 | K84: 서울특별시 강남구 선릉로 120 (대치동, 개포1,2차우성아파트) 7동 1503호 | L84: 워커힐 본갈비 3+1 최초❤️5만원대! 총1.2kg✨호텔특제 양념갈비 8인분 (✨1인분 7,375원꼴! / [300g,2인분] x 총 4팩 / ✨초이스등급 본갈비 / ❣️워커힐 특제 비법소스) | M84: ✨1인분 7,375원꼴! / [300g,2인분] x 총 4팩 / ✨초이스등급 본갈비 / ❣️워커힐 특제 비법소스) | N84: 54363 | O84: 45500 | P84: 1 | Q84: 0 | S84: 143790 | T84: OPT-2474232-2720501 | U84: CJ대한통운 | W84: 0 | X84: 45500 | Y84: 41363.636 | Z84: 46058
A85: 46058.336 | B85: 2.0260205e+18 | C85: 류임식 | D85: 010-9038-2398 | E85: 010-9038-2398 | F85: 류경아 | G85: 010-9301-3583 | H85: 010-9301-3583 | I85: 50322 | J85: 경남 창녕군 창녕읍 조산서재골로 69-3 104동403호010 9301 3583 | K85: 경남 창녕군 창녕읍 조산서재골로 69-3 104동403호010 9301 3583 | L85: 워커힐 본갈비 3+1 최초❤️5만원대! 총1.2kg✨호텔특제 양념갈비 8인분 (✨1인분 7,375원꼴! / [300g,2인분] x 총 4팩 / ✨초이스등급 본갈비 / ❣️워커힐 특제 비법소스) | M85: ✨1인분 7,375원꼴! / [300g,2인분] x 총 4팩 / ✨초이스등급 본갈비 / ❣️워커힐 특제 비법소스) | N85: 54363 | O85: 45500 | P85: 1 | Q85: 0 | R85: 배송 전 안내문자주세요 | S85: 143790 | T85: OPT-2474230-2720499 | U85: CJ대한통운 | W85: 0 | X85: 45500 | Y85: 41363.636 | Z85: 46058
A86: 46058.336 | B86: 2.0260205e+18 | C86: 허경란 | D86: 010-6567-4263 | E86: 010-6567-4263 | F86: 허경란 | G86: 010-6567-4263 | H86: 010-6567-4263 | I86: 55084 | J86: 전북특별자치도 전주시 완산구 송정로 42-8 1층 | K86: 전북특별자치도 전주시 완산구 송정로 42-8 1층 | L86: 워커힐 본갈비 3+1 최초❤️5만원대! 총1.2kg✨호텔특제 양념갈비 8인분 (✨1인분 7,375원꼴! / [300g,2인분] x 총 4팩 / ✨초이스등급 본갈비 / ❣️워커힐 특제 비법소스) | M86: ✨1인분 7,375원꼴! / [300g,2인분] x 총 4팩 / ✨초이스등급 본갈비 / ❣️워커힐 특제 비법소스) | N86: 54363 | O86: 45500 | P86: 1 | Q86: 0 | R86: 대문안 1층 계단위에 올려주세요 | S86: 143790 | T86: OPT-2474229-2720498 | U86: CJ대한통운 | W86: 0 | X86: 45500 | Y86: 41363.636 | Z86: 46058
A87: 46058.336 | B87: 2.0260205e+18 | C87: 김미자 | D87: 010-4713-2179 | E87: 010-4713-2179 | F87: 허원 | G87: 010-5536-3020 | H87: 010-5536-3020 | I87: 51024 | J87: 경남 김해시 율하5로 46 109-1204 | K87: 경남 김해시 율하5로 46 109-1204 | L87: 워커힐 본갈비 3+1 최초❤️5만원대! 총1.2kg✨호텔특제 양념갈비 8인분 (✨1인분 7,375원꼴! / [300g,2인분] x 총 4팩 / ✨초이스등급 본갈비 / ❣️워커힐 특제 비법소스) | M87: ✨1인분 7,375원꼴! / [300g,2인분] x 총 4팩 / ✨초이스등급 본갈비 / ❣️워커힐 특제 비법소스) | N87: 54363 | O87: 45500 | P87: 1 | Q87: 0 | S87: 143790 | T87: OPT-2474228-2720497 | U87: CJ대한통운 | W87: 0 | X87: 45500 | Y87: 41363.636 | Z87: 46058
A88: 46058.335 | B88: 2.0260205e+18 | C88: 종윤 | D88: 010-3565-6861 | E88: 010-3565-6861 | F88: 종윤 | G88: 010-3565-6861 | H88: 010-3565-6861 | I88: 31467 | J88: 충남 아산시 배방읍 설화고길2번길 3-7 2층 | K88: 충남 아산시 배방읍 설화고길2번길 3-7 2층 | L88: 워커힐 본갈비 3+1 최초❤️5만원대! 총1.2kg✨호텔특제 양념갈비 8인분 (✨1인분 7,375원꼴! / [300g,2인분] x 총 4팩 / ✨초이스등급 본갈비 / ❣️워커힐 특제 비법소스) | M88: ✨1인분 7,375원꼴! / [300g,2인분] x 총 4팩 / ✨초이스등급 본갈비 / ❣️워커힐 특제 비법소스) | N88: 54363 | O88: 45500 | P88: 1 | Q88: 0 | R88: 배송전 연락주세요 | S88: 143790 | T88: OPT-2474227-2720496 | U88: CJ대한통운 | W88: 0 | X88: 45500 | Y88: 41363.636 | Z88: 46058
A89: 46058.335 | B89: 2.0260205e+18 | C89: 이현우 | D89: 010-4507-9876 | E89: 010-4507-9876 | F89: 이현우 | G89: 010-4507-9876 | H89: 010-4507-9876 | I89: 52353 | J89: 경남 하동군 금성면 회목길 58 103동 502호 | K89: 경남 하동군 금성면 회목길 58 103동 502호 | L89: 워커힐 본갈비 3+1 최초❤️5만원대! 총1.2kg✨호텔특제 양념갈비 8인분 (✨1인분 7,375원꼴! / [300g,2인분] x 총 4팩 / ✨초이스등급 본갈비 / ❣️워커힐 특제 비법소스) | M89: ✨1인분 7,375원꼴! / [300g,2인분] x 총 4팩 / ✨초이스등급 본갈비 / ❣️워커힐 특제 비법소스) | N89: 54363 | O89: 45500 | P89: 1 | Q89: 0 | R89: 대문앞에 놓아주세요 | S89: 143790 | T89: OPT-2474226-2720495 | U89: CJ대한통운 | W89: 0 | X89: 45500 | Y89: 41363.636 | Z89: 46058
A90: 46058.335 | B90: 2.0260205e+18 | C90: 김봉여 | D90: 010-6789-8686 | E90: 010-6789-8686 | F90: 김봉여 | G90: 010-6789-8686 | H90: 010-6789-8686 | I90: 3333 | J90: 서울 은평구 연서로27길 11-9 타미 에코빌 602호 | K90: 서울 은평구 연서로27길 11-9 타미 에코빌 602호 | L90: 워커힐 본갈비 3+1 최초❤️5만원대! 총1.2kg✨호텔특제 양념갈비 8인분 (✨1인분 7,375원꼴! / [300g,2인분] x 총 4팩 / ✨초이스등급 본갈비 / ❣️워커힐 특제 비법소스) | M90: ✨1인분 7,375원꼴! / [300g,2인분] x 총 4팩 / ✨초이스등급 본갈비 / ❣️워커힐 특제 비법소스) | N90: 54363 | O90: 45500 | P90: 1 | Q90: 0 | R90: 문앞에 | S90: 143790 | T90: OPT-2474224-2720493 | U90: CJ대한통운 | W90: 0 | X90: 45500 | Y90: 41363.636 | Z90: 46058
A91: 46058.335 | B91: 2.0260205e+18 | C91: JEONG 근자 | D91: 010-5467-2931 | E91: 010-5467-2931 | F91: JEONG 근자 | G91: 010-5467-2931 | H91: 010-5467-2931 | I91: 16699 | J91: 경기 수원시 영통구 매영로310번길 27 651동902호 | K91: 경기 수원시 영통구 매영로310번길 27 651동902호 | L91: 워커힐 본갈비 3+1 최초❤️5만원대! 총1.2kg✨호텔특제 양념갈비 8인분 (✨1인분 7,375원꼴! / [300g,2인분] x 총 4팩 / ✨초이스등급 본갈비 / ❣️워커힐 특제 비법소스) | M91: ✨1인분 7,375원꼴! / [300g,2인분] x 총 4팩 / ✨초이스등급 본갈비 / ❣️워커힐 특제 비법소스) | N91: 54363 | O91: 45500 | P91: 1 | Q91: 0 | S91: 143790 | T91: OPT-2474222-2720490 | U91: CJ대한통운 | W91: 0 | X91: 45500 | Y91: 41363.636 | Z91: 46058
A92: 46058.335 | B92: 2.0260205e+18 | C92: (예정) | D92: 010-4295-3200 | E92: 010-4295-3200 | F92: (예정) | G92: 010-4295-3200 | H92: 010-4295-3200 | I92: 18480 | J92: 경기 화성시 동탄구 동탄기흥로353번길 76 1631동 207호 | K92: 경기 화성시 동탄구 동탄기흥로353번길 76 1631동 207호 | L92: 워커힐 본갈비 3+1 최초❤️5만원대! 총1.2kg✨호텔특제 양념갈비 8인분 (✨1인분 7,375원꼴! / [300g,2인분] x 총 4팩 / ✨초이스등급 본갈비 / ❣️워커힐 특제 비법소스) | M92: ✨1인분 7,375원꼴! / [300g,2인분] x 총 4팩 / ✨초이스등급 본갈비 / ❣️워커힐 특제 비법소스) | N92: 54363 | O92: 45500 | P92: 1 | Q92: 0 | S92: 143790 | T92: OPT-2474220-2720488 | U92: CJ대한통운 | W92: 0 | X92: 45500 | Y92: 41363.636 | Z92: 46058
A93: 46058.335 | B93: 2.0260205e+18 | C93: 박미정 | D93: 010-2300-5662 | E93: 010-2300-5662 | F93: 박미정 | G93: 010-4313-5662 | H93: 010-4313-5662 | I93: 10579 | J93: 경기 고양시 덕양구 오금2로 26 201동402호 | K93: 경기 고양시 덕양구 오금2로 26 201동402호 | L93: 워커힐 본갈비 3+1 최초❤️5만원대! 총1.2kg✨호텔특제 양념갈비 8인분 (✨1인분 7,375원꼴! / [300g,2인분] x 총 4팩 / ✨초이스등급 본갈비 / ❣️워커힐 특제 비법소스) | M93: ✨1인분 7,375원꼴! / [300g,2인분] x 총 4팩 / ✨초이스등급 본갈비 / ❣️워커힐 특제 비법소스) | N93: 54363 | O93: 45500 | P93: 1 | Q93: 0 | S93: 143790 | T93: OPT-2474219-2720487 | U93: CJ대한통운 | W93: 0 | X93: 45500 | Y93: 41363.636 | Z93: 46058
A94: 46058.335 | B94: 2.0260205e+18 | C94: 이대영 | D94: 010-3043-1632 | E94: 010-3043-1632 | F94: 이대영 | G94: 010-3043-1632 | H94: 010-3043-1632 | I94: 16281 | J94: 경기 수원시 장안구 금당로39번길 34 211동1403호 | K94: 경기 수원시 장안구 금당로39번길 34 211동1403호 | L94: 워커힐 본갈비 3+1 최초❤️5만원대! 총1.2kg✨호텔특제 양념갈비 8인분 (✨1인분 7,375원꼴! / [300g,2인분] x 총 4팩 / ✨초이스등급 본갈비 / ❣️워커힐 특제 비법소스) | M94: ✨1인분 7,375원꼴! / [300g,2인분] x 총 4팩 / ✨초이스등급 본갈비 / ❣️워커힐 특제 비법소스) | N94: 54363 | O94: 45500 | P94: 1 | Q94: 0 | S94: 143790 | T94: OPT-2474218-2720486 | U94: CJ대한통운 | W94: 0 | X94: 45500 | Y94: 41363.636 | Z94: 46058
A95: 46058.335 | B95: 2.0260205e+18 | C95: 쭈니향기(현자 김) | D95: 010-4757-8078 | E95: 010-4757-8078 | F95: 쭈니향기(현자 김) | G95: 010-4757-8078 | H95: 010-4757-8078 | I95: 16809 | J95: 경기 용인시 수지구 성복2로 158 605동202호(lg빌리지6차) | K95: 경기 용인시 수지구 성복2로 158 605동202호(lg빌리지6차) | L95: 워커힐 본갈비 3+1 최초❤️5만원대! 총1.2kg✨호텔특제 양념갈비 8인분 (✨1인분 7,375원꼴! / [300g,2인분] x 총 4팩 / ✨초이스등급 본갈비 / ❣️워커힐 특제 비법소스) | M95: ✨1인분 7,375원꼴! / [300g,2인분] x 총 4팩 / ✨초이스등급 본갈비 / ❣️워커힐 특제 비법소스) | N95: 54363 | O95: 45500 | P95: 1 | Q95: 0 | S95: 143790 | T95: OPT-2474217-2720485 | U95: CJ대한통운 | W95: 0 | X95: 45500 | Y95: 41363.636 | Z95: 46058
A96: 46058.334 | B96: 2.0260205e+18 | C96: 김소정 | D96: 010-8872-3470 | E96: 010-8872-3470 | F96: 김소정 | G96: 010-8872-3470 | H96: 010-8872-3470 | I96: 6360 | J96: 서울 강남구 광평로10길 15 101-202 | K96: 서울 강남구 광평로10길 15 101-202 | L96: 워커힐 본갈비 3+1 최초❤️5만원대! 총1.2kg✨호텔특제 양념갈비 8인분 (✨1인분 7,375원꼴! / [300g,2인분] x 총 4팩 / ✨초이스등급 본갈비 / ❣️워커힐 특제 비법소스) | M96: ✨1인분 7,375원꼴! / [300g,2인분] x 총 4팩 / ✨초이스등급 본갈비 / ❣️워커힐 특제 비법소스) | N96: 54363 | O96: 45500 | P96: 1 | Q96: 0 | S96: 143790 | T96: OPT-2474215-2720483 | U96: CJ대한통운 | W96: 0 | X96: 45500 | Y96: 41363.636 | Z96: 46058
A97: 46058.334 | B97: 2.0260205e+18 | C97: 차은영 | D97: 010-2358-8874 | E97: 010-2358-8874 | F97: 차은영 | G97: 010-2358-8874 | H97: 010-2358-8874 | I97: 21070 | J97: 인천광역시 계양구 계산새로 108 (계산동, 은행마을강북.삼보아파트) 403동1502호 | K97: 인천광역시 계양구 계산새로 108 (계산동, 은행마을강북.삼보아파트) 403동1502호 | L97: 워커힐 본갈비 3+1 최초❤️5만원대! 총1.2kg✨호텔특제 양념갈비 8인분 (✨1인분 7,375원꼴! / [300g,2인분] x 총 4팩 / ✨초이스등급 본갈비 / ❣️워커힐 특제 비법소스) | M97: ✨1인분 7,375원꼴! / [300g,2인분] x 총 4팩 / ✨초이스등급 본갈비 / ❣️워커힐 특제 비법소스) | N97: 54363 | O97: 45500 | P97: 1 | Q97: 0 | R97: 문앞배송 | S97: 143790 | T97: OPT-2474214-2720482 | U97: CJ대한통운 | W97: 0 | X97: 45500 | Y97: 41363.636 | Z97: 46058
A98: 46058.334 | B98: 2.0260205e+18 | C98: 임희규 | D98: 010-2551-3537 | E98: 010-2551-3537 | F98: 임희규 | G98: 010-2551-3537 | H98: 010-2551-3537 | I98: 5501 | J98: 서울특별시 송파구 올림픽로 99 (잠실동, 잠실엘스) 129동 1601호 | K98: 서울특별시 송파구 올림픽로 99 (잠실동, 잠실엘스) 129동 1601호 | L98: 워커힐 본갈비 3+1 최초❤️5만원대! 총1.2kg✨호텔특제 양념갈비 8인분 (✨1인분 7,375원꼴! / [300g,2인분] x 총 4팩 / ✨초이스등급 본갈비 / ❣️워커힐 특제 비법소스) | M98: ✨1인분 7,375원꼴! / [300g,2인분] x 총 4팩 / ✨초이스등급 본갈비 / ❣️워커힐 특제 비법소스) | N98: 54363 | O98: 45500 | P98: 1 | Q98: 0 | S98: 143790 | T98: OPT-2474212-2720480 | U98: CJ대한통운 | W98: 0 | X98: 45500 | Y98: 41363.636 | Z98: 46058
A99: 46058.334 | B99: 2.0260205e+18 | C99: 김범준 | D99: 010-5484-9644 | E99: 010-5484-9644 | F99: Bumjoon Kim | G99: 010-5484-9644 | H99: 010-5484-9644 | I99: 3505 | J99: 서울 은평구 수색로 200 103동 303호 | K99: 서울 은평구 수색로 200 103동 303호 | L99: 워커힐 본갈비 3+1 최초❤️5만원대! 총1.2kg✨호텔특제 양념갈비 8인분 (✨1인분 7,375원꼴! / [300g,2인분] x 총 4팩 / ✨초이스등급 본갈비 / ❣️워커힐 특제 비법소스) | M99: ✨1인분 7,375원꼴! / [300g,2인분] x 총 4팩 / ✨초이스등급 본갈비 / ❣️워커힐 특제 비법소스) | N99: 54363 | O99: 45500 | P99: 1 | Q99: 0 | S99: 143790 | T99: OPT-2474210-2720478 | U99: CJ대한통운 | W99: 0 | X99: 45500 | Y99: 41363.636 | Z99: 46058
A100: 46058.334 | B100: 2.0260205e+18 | C100: 최희 | D100: 010-5156-6560 | E100: 010-5156-6560 | F100: 최희 | G100: 010-5156-6560 | H100: 010-5156-6560 | I100: 6937 | J100: 서울특별시 동작구 장승배기로11가길 11 (상도동, 상도파크자이) 101-1403 | K100: 서울특별시 동작구 장승배기로11가길 11 (상도동, 상도파크자이) 101-1403 | L100: 워커힐 본갈비 3+1 최초❤️5만원대! 총1.2kg✨호텔특제 양념갈비 8인분 (✨1인분 7,375원꼴! / [300g,2인분] x 총 4팩 / ✨초이스등급 본갈비 / ❣️워커힐 특제 비법소스) | M100: ✨1인분 7,375원꼴! / [300g,2인분] x 총 4팩 / ✨초이스등급 본갈비 / ❣️워커힐 특제 비법소스) | N100: 54363 | O100: 45500 | P100: 1 | Q100: 0 | S100: 143790 | T100: OPT-2474211-2720479 | U100: CJ대한통운 | W100: 0 | X100: 45500 | Y100: 41363.636 | Z100: 46058
A101: 46058.334 | B101: 2.0260205e+18 | C101: 전명경 | D101: 010-5556-5716 | E101: 010-5556-5716 | F101: 전명경 | G101: 010-5556-5716 | H101: 010-5556-5716 | I101: 10472 | J101: 경기 고양시 덕양구 화중로 219 118동 404호 | K101: 경기 고양시 덕양구 화중로 219 118동 404호 | L101: 워커힐 본갈비 3+1 최초❤️5만원대! 총1.2kg✨호텔특제 양념갈비 8인분 (✨1인분 7,375원꼴! / [300g,2인분] x 총 4팩 / ✨초이스등급 본갈비 / ❣️워커힐 특제 비법소스) | M101: ✨1인분 7,375원꼴! / [300g,2인분] x 총 4팩 / ✨초이스등급 본갈비 / ❣️워커힐 특제 비법소스) | N101: 54363 | O101: 45500 | P101: 1 | Q101: 0 | R101: 감사합니다 | S101: 143790 | T101: OPT-2474206-2720473 | U101: CJ대한통운 | W101: 0 | X101: 45500 | Y101: 41363.636 | Z101: 46058
A102: 46058.334 | B102: 2.0260205e+18 | C102: 김동민 | D102: 010-5037-4286 | E102: 010-5037-4286 | F102: 김송제 | G102: 010-9049-0476 | H102: 010-9049-0476 | I102: 12786 | J102: 경기 광주시 태봉로13번길 6 상가2층 미진세탁 | K102: 경기 광주시 태봉로13번길 6 상가2층 미진세탁 | L102: 워커힐 본갈비 3+1 최초❤️5만원대! 총1.2kg✨호텔특제 양념갈비 8인분 (✨1인분 7,375원꼴! / [300g,2인분] x 총 4팩 / ✨초이스등급 본갈비 / ❣️워커힐 특제 비법소스) | M102: ✨1인분 7,375원꼴! / [300g,2인분] x 총 4팩 / ✨초이스등급 본갈비 / ❣️워커힐 특제 비법소스) | N102: 54363 | O102: 45500 | P102: 1 | Q102: 0 | R102: 맛있게드세요!(경덕&동민) | S102: 143790 | T102: OPT-2474205-2720472 | U102: CJ대한통운 | W102: 0 | X102: 45500 | Y102: 41363.636 | Z102: 46058
...

Sheet 시스템 가이드
A1: 📖 시스템 가이드 & 사용 설명서
A3: 📊 데이터 흐름도
A5: 단계 | B5: 작업 | C5: 시트
A6: 1. 판매 데이터 입력 | B6: 원본데이터_SK 시트에 SK스토아 정산서 복사-붙여넣기 | C6: 원본데이터_SK
A7: 2. 정규화 | B7: 모든 채널 데이터를 통합 형식으로 변환 | C7: 정규화데이터
A8: 3. 채널-SKU 매핑 | B8: 채널 상품코드 → 자사SKU 연결 | C8: 채널매핑
A9: 4. 원가 조회 | B9: SKU별 매입원가 찾기 | C9: 제품마스터
A10: 5. 손익 계산 | B10: 매출, 원가, 공헌이익 자동 계산 | C10: 손익분석
A11: 6. 재고 관리 | B11: 기초재고 - 누적 판매량 | C11: 재고현황
A12: 7. 대시보드 표시 | B12: 주요 KPI 및 채널별 성과 시각화 | C12: 대시보드
A15: 📁 시트 구조 설명
A17: 시트명 | B17: 용도 | C17: 주요 컨럼
A18: 대시보드 | B18: 시스템 가이드 및 주요 지표 | C18: KPI, 기간별 조회, 채널 성과
A19: 제품마스터 | B19: 자사 SKU 마스터 데이터 | C19: 자사SKU, 제품명, 매입원가, 기초재고, 안전재고
A20: 채널매핑 | B20: 채널별 상품코드 ↔ 자샊SKU 매핑 | C20: 채널명, 채널상품코드, 자사SKU
A21: 원본데이터_SK | B21: SK스토아 원본 데이터 | C21: 완료일, 단품코드, 배송수량, 벤더사지급대금
A22: 정규화데이터 | B22: 모든 채널 데이터 통합 | C22: 판매채널, 주문번호, 자사SKU, 수럁, 금액
A23: 재고현황 | B23: 현재고 및 발주 알람 | C23: SKU, 현재고, 안전재고, 발주상태
A24: 손익분석 | B24: 거래별 수익성 분석 | C24: 매출, 원가, 공헌이익, 공헌이익률
A25: 채널별 원본 시트 | B25: 쿠팡, 네이버, 카카오, 리써크 | C25: 각 채널별 원본 데이터
A28: 🔧 핵심 수식 가이드
A30: 핵심 수식 | B30: 예시 | C30: 설명
A31: 채널코드→자사SKU | B31: {=VLOOKUP(단품코드, 채널매핑!B:D, 3, 0)} -> #NAME? | C31: 매핑 테이블에서 자사SKU 찾기
A32: 매입원가 찾기 | B32: {=VLOOKUP(자사SKU, 제품마스터!A:D, 4, 0)} -> #NAME? | C32: SKU별 매입원가 조회
A33: 공헌이익 계산 | B33: {=VAT제외금액 - 총원가} -> #NAME? | C33: 매출 - 변동비
A34: 현재고 계산 | B34: {=기초재고 - SUMIF(정규화데이터, 자사SKU, SKU수량)} -> #NAME? | C34: 누적 판매량만큼 차감
A35: 채널별 매출 | B35: =SUMIF(손익분석!A:A, "채널명", 손익분석!J:J) -> 0 | C35: 채널별 집계
A36: 기간별 조회 | B36: =SUMIFS(손익분석!J:J, 손익분석!B:B, ">="&B16, 손익분석!B:B, "<"&B16+1) -> 0 | C36: 주문번호로 날짜 필터링
A37: 색상 규칙 | B37: 파란색 텍스트 | C37: 하드코딩 입력값 (사용자가 변경)
A40: ⚠️ 주의사항
A42: 1. 매출액 계산 기준 | B42: VAT제외금액 (J열) 사용 | C42: 실정산금액(I열) 사용 금지!
A43: 2. 반품 처리 | B43: 음수 수량으로 포함 | C43: 제외하지 않음
A44: 3. 벤더 수수료 | B44: 제품코드 58481090에만 2% 적용 | C44: 손익분석 시트 K열 확인
A45: 4. 공헌이익 | B45: {=VAT제외금액 - 총원가} -> #NAME? | C45: 고정비는 제외됨
A46: 5. 정규화데이터 | B46: 모든 분석의 기초 | C46: 수정 시 모든 지표에 영향
A47: 6. 주문번호 형식 | B47: 14자리 (YYYYMMDD + 6자리) | C47: 예: 20260204818446
A48: 7. 카카오+리써크 | B48: 통합 표시 | C48: 두 채널 합산하여 표시
