Workbook
Name ItemList: [1]제품기본정보!$A$1:$H$144

Sheet 매출요약
B2: · 일자별 실적 현황 (vat-)
B4: 월 | C4: WK | D4: 일자 | E4: TOTAL | G4: SK스토아 | I4: 리씽크 | K4: 스마트스토어 | M4: 쿠팡 | O4: 카카오 | P4: 톡스토어 | Q4: 기타
E5: 매출 | F5: 수량 | G5: 매출 | H5: 수량 | I5: 매출 | J5: 수량 | K5: 매출 | L5: 수량 | M5: 매출 | N5: 수량 | O5: 매출 | P5: 수량 | Q5: 매출 | R5: 수량
E6: =SUM(E7:E34) -> 1.3338109e+08 | F6: =SUM(F7:F34) -> 4268 | G6: =SUM(G7:G34) -> 98870909 | H6: =SUM(H7:H34) -> 918 | I6: =SUM(I7:I34) -> 31487273 | J6: =SUM(J7:J34) -> 3086 | K6: =SUM(K7:K34) -> 94000 | L6: =SUM(L7:L34) -> 6 | ... R6: =SUM(R7:R34) -> 208
B7: 2월 | C7: W5 | D7: 46054 | E7: =SUM(G7,I7,K7,M7,Q7,O7) -> 0 | F7: =SUM(H7,J7,L7,N7,R7,P7) -> 0 | G7: =SUMIF(SK스토아_raw!$AM:$AM,매출요약!$D7,SK스토아_raw!$AQ:$AQ) -> 0 | H7: =SUMIF(SK스토아_raw!$AM:$AM,$D7,SK스토아_raw!$AN:$AN) -> 0 | I7: =SUMIFS(출고요청서_raw!$V:$V,출고요청서_raw!$Q:$Q,매출요약!$D7,출고요청서_raw!$R:$R,매출요약!$I$4) -> 0 | J7: =SUMIFS(출고요청서_raw!$W:$W,출고요청서_raw!$Q:$Q,매출요약!$D7,출고요청서_raw!$R:$R,매출요약!$I$4) -> 0 | K7: =SUMIFS(출고요청서_raw!$V:$V,출고요청서_raw!$Q:$Q,매출요약!$D7,출고요청서_raw!$R:$R,매출요약!$K$4) -> 0 | L7: =SUMIFS(출고요청서_raw!$W:$W,출고요청서_raw!$Q:$Q,매출요약!$D7,출고요청서_raw!$R:$R,매출요약!$K$4) -> 0 | M7: =SUMIFS(출고요청서_raw!$V:$V,출고요청서_raw!$Q:$Q,매출요약!$D7,출고요청서_raw!$R:$R,매출요약!$M$4) -> 0 | N7: =SUMIFS(출고요청서_raw!$W:$W,출고요청서_raw!$Q:$Q,매출요약!$D7,출고요청서_raw!$R:$R,매출요약!$M$4) -> 0 | O7: =SUMIFS(출고요청서_raw!$V:$V,출고요청서_raw!$Q:$Q,매출요약!$D7,출고요청서_raw!$R:$R,매출요약!$O$4) -> 0 | P7: =SUMIFS(출고요청서_raw!$W:$W,출고요청서_raw!$Q:$Q,매출요약!$D7,출고요청서_raw!$R:$R,매출요약!$O$4) -> 0 | Q7: =SUMIFS(출고요청서_raw!$V:$V,출고요청서_raw!$Q:$Q,매출요약!$D7,출고요청서_raw!$R:$R,매출요약!$Q$4) -> 0 | R7: =SUMIFS(출고요청서_raw!$W:$W,출고요청서_raw!$Q:$Q,매출요약!$D7,출고요청서_raw!$R:$R,매출요약!$Q$4) -> 0
C8: W6 | D8: 46055 | E8: =SUM(G8,I8,K8,M8,Q8,O8) -> 0 | F8: =SUM(H8,J8,L8,N8,R8,P8) -> 0 | G8: =SUMIF(SK스토아_raw!$AM:$AM,매출요약!$D8,SK스토아_raw!$AQ:$AQ) -> 0 | H8: =SUMIF(SK스토아_raw!$AM:$AM,$D8,SK스토아_raw!$AN:$AN) -> 0 | I8: =SUMIFS(출고요청서_raw!$V:$V,출고요청서_raw!$Q:$Q,매출요약!$D8,출고요청서_raw!$R:$R,매출요약!$I$4) -> 0 | J8: =SUMIFS(출고요청서_raw!$W:$W,출고요청서_raw!$Q:$Q,매출요약!$D8,출고요청서_raw!$R:$R,매출요약!$I$4) -> 0 | K8: =SUMIFS(출고요청서_raw!$V:$V,출고요청서_raw!$Q:$Q,매출요약!$D8,출고요청서_raw!$R:$R,매출요약!$K$4) -> 0 | L8: =SUMIFS(출고요청서_raw!$W:$W,출고요청서_raw!$Q:$Q,매출요약!$D8,출고요청서_raw!$R:$R,매출요약!$K$4) -> 0 | M8: =SUMIFS(출고요청서_raw!$V:$V,출고요청서_raw!$Q:$Q,매출요약!$D8,출고요청서_raw!$R:$R,매출요약!$M$4) -> 0 | N8: =SUMIFS(출고요청서_raw!$W:$W,출고요청서_raw!$Q:$Q,매출요약!$D8,출고요청서_raw!$R:$R,매출요약!$M$4) -> 0 | O8: =SUMIFS(출고요청서_raw!$V:$V,출고요청서_raw!$Q:$Q,매출요약!$D8,출고요청서_raw!$R:$R,매출요약!$O$4) -> 0 | P8: =SUMIFS(출고요청서_raw!$W:$W,출고요청서_raw!$Q:$Q,매출요약!$D8,출고요청서_raw!$R:$R,매출요약!$O$4) -> 0 | Q8: =SUMIFS(출고요청서_raw!$V:$V,출고요청서_raw!$Q:$Q,매출요약!$D8,출고요청서_raw!$R:$R,매출요약!$Q$4) -> 0 | R8: =SUMIFS(출고요청서_raw!$W:$W,출고요청서_raw!$Q:$Q,매출요약!$D8,출고요청서_raw!$R:$R,매출요약!$Q$4) -> 0
D9: 46056 | E9: =SUM(G9,I9,K9,M9,Q9,O9) -> 0 | F9: =SUM(H9,J9,L9,N9,R9,P9) -> 0 | G9: =SUMIF(SK스토아_raw!$AM:$AM,매출요약!$D9,SK스토아_raw!$AQ:$AQ) -> 0 | H9: =SUMIF(SK스토아_raw!$AM:$AM,$D9,SK스토아_raw!$AN:$AN) -> 0 | I9: =SUMIFS(출고요청서_raw!$V:$V,출고요청서_raw!$Q:$Q,매출요약!$D9,출고요청서_raw!$R:$R,매출요약!$I$4) -> 0 | J9: =SUMIFS(출고요청서_raw!$W:$W,출고요청서_raw!$Q:$Q,매출요약!$D9,출고요청서_raw!$R:$R,매출요약!$I$4) -> 0 | K9: =SUMIFS(출고요청서_raw!$V:$V,출고요청서_raw!$Q:$Q,매출요약!$D9,출고요청서_raw!$R:$R,매출요약!$K$4) -> 0 | L9: =SUMIFS(출고요청서_raw!$W:$W,출고요청서_raw!$Q:$Q,매출요약!$D9,출고요청서_raw!$R:$R,매출요약!$K$4) -> 0 | M9: =SUMIFS(출고요청서_raw!$V:$V,출고요청서_raw!$Q:$Q,매출요약!$D9,출고요청서_raw!$R:$R,매출요약!$M$4) -> 0 | N9: =SUMIFS(출고요청서_raw!$W:$W,출고요청서_raw!$Q:$Q,매출요약!$D9,출고요청서_raw!$R:$R,매출요약!$M$4) -> 0 | O9: =SUMIFS(출고요청서_raw!$V:$V,출고요청서_raw!$Q:$Q,매출요약!$D9,출고요청서_raw!$R:$R,매출요약!$O$4) -> 0 | P9: =SUMIFS(출고요청서_raw!$W:$W,출고요청서_raw!$Q:$Q,매출요약!$D9,출고요청서_raw!$R:$R,매출요약!$O$4) -> 0 | Q9: =SUMIFS(출고요청서_raw!$V:$V,출고요청서_raw!$Q:$Q,매출요약!$D9,출고요청서_raw!$R:$R,매출요약!$Q$4) -> 0 | R9: =SUMIFS(출고요청서_raw!$W:$W,출고요청서_raw!$Q:$Q,매출요약!$D9,출고요청서_raw!$R:$R,매출요약!$Q$4) -> 0
D10: 46057 | E10: =SUM(G10,I10,K10,M10,Q10,O10) -> 0 | F10: =SUM(H10,J10,L10,N10,R10,P10) -> 0 | G10: =SUMIF(SK스토아_raw!$AM:$AM,매출요약!$D10,SK스토아_raw!$AQ:$AQ) -> 0 | H10: =SUMIF(SK스토아_raw!$AM:$AM,$D10,SK스토아_raw!$AN:$AN) -> 0 | I10: =SUMIFS(출고요청서_raw!$V:$V,출고요청서_raw!$Q:$Q,매출요약!$D10,출고요청서_raw!$R:$R,매출요약!$I$4) -> 0 | J10: =SUMIFS(출고요청서_raw!$W:$W,출고요청서_raw!$Q:$Q,매출요약!$D10,출고요청서_raw!$R:$R,매출요약!$I$4) -> 0 | K10: =SUMIFS(출고요청서_raw!$V:$V,출고요청서_raw!$Q:$Q,매출요약!$D10,출고요청서_raw!$R:$R,매출요약!$K$4) -> 0 | L10: =SUMIFS(출고요청서_raw!$W:$W,출고요청서_raw!$Q:$Q,매출요약!$D10,출고요청서_raw!$R:$R,매출요약!$K$4) -> 0 | M10: =SUMIFS(출고요청서_raw!$V:$V,출고요청서_raw!$Q:$Q,매출요약!$D10,출고요청서_raw!$R:$R,매출요약!$M$4) -> 0 | N10: =SUMIFS(출고요청서_raw!$W:$W,출고요청서_raw!$Q:$Q,매출요약!$D10,출고요청서_raw!$R:$R,매출요약!$M$4) -> 0 | O10: =SUMIFS(출고요청서_raw!$V:$V,출고요청서_raw!$Q:$Q,매출요약!$D10,출고요청서_raw!$R:$R,매출요약!$O$4) -> 0 | P10: =SUMIFS(출고요청서_raw!$W:$W,출고요청서_raw!$Q:$Q,매출요약!$D10,출고요청서_raw!$R:$R,매출요약!$O$4) -> 0 | Q10: =SUMIFS(출고요청서_raw!$V:$V,출고요청서_raw!$Q:$Q,매출요약!$D10,출고요청서_raw!$R:$R,매출요약!$Q$4) -> 0 | R10: =SUMIFS(출고요청서_raw!$W:$W,출고요청서_raw!$Q:$Q,매출요약!$D10,출고요청서_raw!$R:$R,매출요약!$Q$4) -> 0
D11: 46058 | E11: =SUM(G11,I11,K11,M11,Q11,O11) -> 13366091 | F11: =SUM(H11,J11,L11,N11,R11,P11) -> 1303 | G11: =SUMIF(SK스토아_raw!$AM:$AM,매출요약!$D11,SK스토아_raw!$AQ:$AQ) -> 0 | H11: =SUMIF(SK스토아_raw!$AM:$AM,$D11,SK스토아_raw!$AN:$AN) -> 0 | I11: =SUMIFS(출고요청서_raw!$V:$V,출고요청서_raw!$Q:$Q,매출요약!$D11,출고요청서_raw!$R:$R,매출요약!$I$4) -> 12644545 | J11: =SUMIFS(출고요청서_raw!$W:$W,출고요청서_raw!$Q:$Q,매출요약!$D11,출고요청서_raw!$R:$R,매출요약!$I$4) -> 1238 | K11: =SUMIFS(출고요청서_raw!$V:$V,출고요청서_raw!$Q:$Q,매출요약!$D11,출고요청서_raw!$R:$R,매출요약!$K$4) -> 63181.818 | L11: =SUMIFS(출고요청서_raw!$W:$W,출고요청서_raw!$Q:$Q,매출요약!$D11,출고요청서_raw!$R:$R,매출요약!$K$4) -> 4 | M11: =SUMIFS(출고요청서_raw!$V:$V,출고요청서_raw!$Q:$Q,매출요약!$D11,출고요청서_raw!$R:$R,매출요약!$M$4) -> 92000 | N11: =SUMIFS(출고요청서_raw!$W:$W,출고요청서_raw!$Q:$Q,매출요약!$D11,출고요청서_raw!$R:$R,매출요약!$M$4) -> 5 | O11: =SUMIFS(출고요청서_raw!$V:$V,출고요청서_raw!$Q:$Q,매출요약!$D11,출고요청서_raw!$R:$R,매출요약!$O$4) -> 0 | P11: =SUMIFS(출고요청서_raw!$W:$W,출고요청서_raw!$Q:$Q,매출요약!$D11,출고요청서_raw!$R:$R,매출요약!$O$4) -> 0 | Q11: =SUMIFS(출고요청서_raw!$V:$V,출고요청서_raw!$Q:$Q,매출요약!$D11,출고요청서_raw!$R:$R,매출요약!$Q$4) -> 566363.64 | R11: =SUMIFS(출고요청서_raw!$W:$W,출고요청서_raw!$Q:$Q,매출요약!$D11,출고요청서_raw!$R:$R,매출요약!$Q$4) -> 56
D12: 46059 | E12: =SUM(G12,I12,K12,M12,Q12,O12) -> 7311090.9 | F12: =SUM(H12,J12,L12,N12,R12,P12) -> 655 | G12: =SUMIF(SK스토아_raw!$AM:$AM,매출요약!$D12,SK스토아_raw!$AQ:$AQ) -> 649090.91 | H12: =SUMIF(SK스토아_raw!$AM:$AM,$D12,SK스토아_raw!$AN:$AN) -> 6 | I12: =SUMIFS(출고요청서_raw!$V:$V,출고요청서_raw!$Q:$Q,매출요약!$D12,출고요청서_raw!$R:$R,매출요약!$I$4) -> 5883181.8 | J12: =SUMIFS(출고요청서_raw!$W:$W,출고요청서_raw!$Q:$Q,매출요약!$D12,출고요청서_raw!$R:$R,매출요약!$I$4) -> 574 | K12: =SUMIFS(출고요청서_raw!$V:$V,출고요청서_raw!$Q:$Q,매출요약!$D12,출고요청서_raw!$R:$R,매출요약!$K$4) -> 0 | L12: =SUMIFS(출고요청서_raw!$W:$W,출고요청서_raw!$Q:$Q,매출요약!$D12,출고요청서_raw!$R:$R,매출요약!$K$4) -> 0 | M12: =SUMIFS(출고요청서_raw!$V:$V,출고요청서_raw!$Q:$Q,매출요약!$D12,출고요청서_raw!$R:$R,매출요약!$M$4) -> 50636.364 | N12: =SUMIFS(출고요청서_raw!$W:$W,출고요청서_raw!$Q:$Q,매출요약!$D12,출고요청서_raw!$R:$R,매출요약!$M$4) -> 3 | O12: =SUMIFS(출고요청서_raw!$V:$V,출고요청서_raw!$Q:$Q,매출요약!$D12,출고요청서_raw!$R:$R,매출요약!$O$4) -> 0 | P12: =SUMIFS(출고요청서_raw!$W:$W,출고요청서_raw!$Q:$Q,매출요약!$D12,출고요청서_raw!$R:$R,매출요약!$O$4) -> 0 | Q12: =SUMIFS(출고요청서_raw!$V:$V,출고요청서_raw!$Q:$Q,매출요약!$D12,출고요청서_raw!$R:$R,매출요약!$Q$4) -> 728181.82 | R12: =SUMIFS(출고요청서_raw!$W:$W,출고요청서_raw!$Q:$Q,매출요약!$D12,출고요청서_raw!$R:$R,매출요약!$Q$4) -> 72
D13: 46060 | E13: =SUM(G13,I13,K13,M13,Q13,O13) -> 47130000 | F13: =SUM(H13,J13,L13,N13,R13,P13) -> 436 | G13: =SUMIF(SK스토아_raw!$AM:$AM,매출요약!$D13,SK스토아_raw!$AQ:$AQ) -> 47130000 | H13: =SUMIF(SK스토아_raw!$AM:$AM,$D13,SK스토아_raw!$AN:$AN) -> 436 | I13: =SUMIFS(출고요청서_raw!$V:$V,출고요청서_raw!$Q:$Q,매출요약!$D13,출고요청서_raw!$R:$R,매출요약!$I$4) -> 0 | J13: =SUMIFS(출고요청서_raw!$W:$W,출고요청서_raw!$Q:$Q,매출요약!$D13,출고요청서_raw!$R:$R,매출요약!$I$4) -> 0 | K13: =SUMIFS(출고요청서_raw!$V:$V,출고요청서_raw!$Q:$Q,매출요약!$D13,출고요청서_raw!$R:$R,매출요약!$K$4) -> 0 | L13: =SUMIFS(출고요청서_raw!$W:$W,출고요청서_raw!$Q:$Q,매출요약!$D13,출고요청서_raw!$R:$R,매출요약!$K$4) -> 0 | M13: =SUMIFS(출고요청서_raw!$V:$V,출고요청서_raw!$Q:$Q,매출요약!$D13,출고요청서_raw!$R:$R,매출요약!$M$4) -> 0 | N13: =SUMIFS(출고요청서_raw!$W:$W,출고요청서_raw!$Q:$Q,매출요약!$D13,출고요청서_raw!$R:$R,매출요약!$M$4) -> 0 | O13: =SUMIFS(출고요청서_raw!$V:$V,출고요청서_raw!$Q:$Q,매출요약!$D13,출고요청서_raw!$R:$R,매출요약!$O$4) -> 0 | P13: =SUMIFS(출고요청서_raw!$W:$W,출고요청서_raw!$Q:$Q,매출요약!$D13,출고요청서_raw!$R:$R,매출요약!$O$4) -> 0 | Q13: =SUMIFS(출고요청서_raw!$V:$V,출고요청서_raw!$Q:$Q,매출요약!$D13,출고요청서_raw!$R:$R,매출요약!$Q$4) -> 0 | R13: =SUMIFS(출고요청서_raw!$W:$W,출고요청서_raw!$Q:$Q,매출요약!$D13,출고요청서_raw!$R:$R,매출요약!$Q$4) -> 0
D14: 46061 | E14: =SUM(G14,I14,K14,M14,Q14,O14) -> 216363.64 | F14: =SUM(H14,J14,L14,N14,R14,P14) -> 2 | G14: =SUMIF(SK스토아_raw!$AM:$AM,매출요약!$D14,SK스토아_raw!$AQ:$AQ) -> 216363.64 | H14: =SUMIF(SK스토아_raw!$AM:$AM,$D14,SK스토아_raw!$AN:$AN) -> 2 | I14: =SUMIFS(출고요청서_raw!$V:$V,출고요청서_raw!$Q:$Q,매출요약!$D14,출고요청서_raw!$R:$R,매출요약!$I$4) -> 0 | J14: =SUMIFS(출고요청서_raw!$W:$W,출고요청서_raw!$Q:$Q,매출요약!$D14,출고요청서_raw!$R:$R,매출요약!$I$4) -> 0 | K14: =SUMIFS(출고요청서_raw!$V:$V,출고요청서_raw!$Q:$Q,매출요약!$D14,출고요청서_raw!$R:$R,매출요약!$K$4) -> 0 | L14: =SUMIFS(출고요청서_raw!$W:$W,출고요청서_raw!$Q:$Q,매출요약!$D14,출고요청서_raw!$R:$R,매출요약!$K$4) -> 0 | M14: =SUMIFS(출고요청서_raw!$V:$V,출고요청서_raw!$Q:$Q,매출요약!$D14,출고요청서_raw!$R:$R,매출요약!$M$4) -> 0 | N14: =SUMIFS(출고요청서_raw!$W:$W,출고요청서_raw!$Q:$Q,매출요약!$D14,출고요청서_raw!$R:$R,매출요약!$M$4) -> 0 | O14: =SUMIFS(출고요청서_raw!$V:$V,출고요청서_raw!$Q:$Q,매출요약!$D14,출고요청서_raw!$R:$R,매출요약!$O$4) -> 0 | P14: =SUMIFS(출고요청서_raw!$W:$W,출고요청서_raw!$Q:$Q,매출요약!$D14,출고요청서_raw!$R:$R,매출요약!$O$4) -> 0 | Q14: =SUMIFS(출고요청서_raw!$V:$V,출고요청서_raw!$Q:$Q,매출요약!$D14,출고요청서_raw!$R:$R,매출요약!$Q$4) -> 0 | R14: =SUMIFS(출고요청서_raw!$W:$W,출고요청서_raw!$Q:$Q,매출요약!$D14,출고요청서_raw!$R:$R,매출요약!$Q$4) -> 0
C15: W7 | D15: 46062 | E15: =SUM(G15,I15,K15,M15,Q15,O15) -> 9154363.6 | F15: =SUM(H15,J15,L15,N15,R15,P15) -> 894 | G15: =SUMIF(SK스토아_raw!$AM:$AM,매출요약!$D15,SK스토아_raw!$AQ:$AQ) -> 0 | H15: =SUMIF(SK스토아_raw!$AM:$AM,$D15,SK스토아_raw!$AN:$AN) -> 0 | I15: =SUMIFS(출고요청서_raw!$V:$V,출고요청서_raw!$Q:$Q,매출요약!$D15,출고요청서_raw!$R:$R,매출요약!$I$4) -> 8972727.3 | J15: =SUMIFS(출고요청서_raw!$W:$W,출고요청서_raw!$Q:$Q,매출요약!$D15,출고요청서_raw!$R:$R,매출요약!$I$4) -> 882 | K15: =SUMIFS(출고요청서_raw!$V:$V,출고요청서_raw!$Q:$Q,매출요약!$D15,출고요청서_raw!$R:$R,매출요약!$K$4) -> 30818.182 | L15: =SUMIFS(출고요청서_raw!$W:$W,출고요청서_raw!$Q:$Q,매출요약!$D15,출고요청서_raw!$R:$R,매출요약!$K$4) -> 2 | M15: =SUMIFS(출고요청서_raw!$V:$V,출고요청서_raw!$Q:$Q,매출요약!$D15,출고요청서_raw!$R:$R,매출요약!$M$4) -> 150818.18 | N15: =SUMIFS(출고요청서_raw!$W:$W,출고요청서_raw!$Q:$Q,매출요약!$D15,출고요청서_raw!$R:$R,매출요약!$M$4) -> 10 | O15: =SUMIFS(출고요청서_raw!$V:$V,출고요청서_raw!$Q:$Q,매출요약!$D15,출고요청서_raw!$R:$R,매출요약!$O$4) -> 0 | P15: =SUMIFS(출고요청서_raw!$W:$W,출고요청서_raw!$Q:$Q,매출요약!$D15,출고요청서_raw!$R:$R,매출요약!$O$4) -> 0 | Q15: =SUMIFS(출고요청서_raw!$V:$V,출고요청서_raw!$Q:$Q,매출요약!$D15,출고요청서_raw!$R:$R,매출요약!$Q$4) -> 0 | R15: =SUMIFS(출고요청서_raw!$W:$W,출고요청서_raw!$Q:$Q,매출요약!$D15,출고요청서_raw!$R:$R,매출요약!$Q$4) -> 0
D16: 46063 | E16: =SUM(G16,I16,K16,M16,Q16,O16) -> 6286818.2 | F16: =SUM(H16,J16,L16,N16,R16,P16) -> 264 | G16: =SUMIF(SK스토아_raw!$AM:$AM,매출요약!$D16,SK스토아_raw!$AQ:$AQ) -> 3999090.9 | H16: =SUMIF(SK스토아_raw!$AM:$AM,$D16,SK스토아_raw!$AN:$AN) -> 40 | I16: =SUMIFS(출고요청서_raw!$V:$V,출고요청서_raw!$Q:$Q,매출요약!$D16,출고요청서_raw!$R:$R,매출요약!$I$4) -> 2287727.3 | J16: =SUMIFS(출고요청서_raw!$W:$W,출고요청서_raw!$Q:$Q,매출요약!$D16,출고요청서_raw!$R:$R,매출요약!$I$4) -> 224 | K16: =SUMIFS(출고요청서_raw!$V:$V,출고요청서_raw!$Q:$Q,매출요약!$D16,출고요청서_raw!$R:$R,매출요약!$K$4) -> 0 | L16: =SUMIFS(출고요청서_raw!$W:$W,출고요청서_raw!$Q:$Q,매출요약!$D16,출고요청서_raw!$R:$R,매출요약!$K$4) -> 0 | M16: =SUMIFS(출고요청서_raw!$V:$V,출고요청서_raw!$Q:$Q,매출요약!$D16,출고요청서_raw!$R:$R,매출요약!$M$4) -> 0 | N16: =SUMIFS(출고요청서_raw!$W:$W,출고요청서_raw!$Q:$Q,매출요약!$D16,출고요청서_raw!$R:$R,매출요약!$M$4) -> 0 | O16: =SUMIFS(출고요청서_raw!$V:$V,출고요청서_raw!$Q:$Q,매출요약!$D16,출고요청서_raw!$R:$R,매출요약!$O$4) -> 0 | P16: =SUMIFS(출고요청서_raw!$W:$W,출고요청서_raw!$Q:$Q,매출요약!$D16,출고요청서_raw!$R:$R,매출요약!$O$4) -> 0 | Q16: =SUMIFS(출고요청서_raw!$V:$V,출고요청서_raw!$Q:$Q,매출요약!$D16,출고요청서_raw!$R:$R,매출요약!$Q$4) -> 0 | R16: =SUMIFS(출고요청서_raw!$W:$W,출고요청서_raw!$Q:$Q,매출요약!$D16,출고요청서_raw!$R:$R,매출요약!$Q$4) -> 0
D17: 46064 | E17: =SUM(G17,I17,K17,M17,Q17,O17) -> 4035545.5 | F17: =SUM(H17,J17,L17,N17,R17,P17) -> 219 | G17: =SUMIF(SK스토아_raw!$AM:$AM,매출요약!$D17,SK스토아_raw!$AQ:$AQ) -> 1910000 | H17: =SUMIF(SK스토아_raw!$AM:$AM,$D17,SK스토아_raw!$AN:$AN) -> 18 | I17: =SUMIFS(출고요청서_raw!$V:$V,출고요청서_raw!$Q:$Q,매출요약!$D17,출고요청서_raw!$R:$R,매출요약!$I$4) -> 1699090.9 | J17: =SUMIFS(출고요청서_raw!$W:$W,출고요청서_raw!$Q:$Q,매출요약!$D17,출고요청서_raw!$R:$R,매출요약!$I$4) -> 168 | K17: =SUMIFS(출고요청서_raw!$V:$V,출고요청서_raw!$Q:$Q,매출요약!$D17,출고요청서_raw!$R:$R,매출요약!$K$4) -> 0 | L17: =SUMIFS(출고요청서_raw!$W:$W,출고요청서_raw!$Q:$Q,매출요약!$D17,출고요청서_raw!$R:$R,매출요약!$K$4) -> 0 | M17: =SUMIFS(출고요청서_raw!$V:$V,출고요청서_raw!$Q:$Q,매출요약!$D17,출고요청서_raw!$R:$R,매출요약!$M$4) -> 209909.09 | N17: =SUMIFS(출고요청서_raw!$W:$W,출고요청서_raw!$Q:$Q,매출요약!$D17,출고요청서_raw!$R:$R,매출요약!$M$4) -> 14 | O17: =SUMIFS(출고요청서_raw!$V:$V,출고요청서_raw!$Q:$Q,매출요약!$D17,출고요청서_raw!$R:$R,매출요약!$O$4) -> 54727.273 | P17: =SUMIFS(출고요청서_raw!$W:$W,출고요청서_raw!$Q:$Q,매출요약!$D17,출고요청서_raw!$R:$R,매출요약!$O$4) -> 3 | Q17: =SUMIFS(출고요청서_raw!$V:$V,출고요청서_raw!$Q:$Q,매출요약!$D17,출고요청서_raw!$R:$R,매출요약!$Q$4) -> 161818.18 | R17: =SUMIFS(출고요청서_raw!$W:$W,출고요청서_raw!$Q:$Q,매출요약!$D17,출고요청서_raw!$R:$R,매출요약!$Q$4) -> 16
D18: 46065 | E18: =SUM(G18,I18,K18,M18,Q18,O18) -> 43051000 | F18: =SUM(H18,J18,L18,N18,R18,P18) -> 466 | G18: =SUMIF(SK스토아_raw!$AM:$AM,매출요약!$D18,SK스토아_raw!$AQ:$AQ) -> 42190909 | H18: =SUMIF(SK스토아_raw!$AM:$AM,$D18,SK스토아_raw!$AN:$AN) -> 390 | I18: =SUMIFS(출고요청서_raw!$V:$V,출고요청서_raw!$Q:$Q,매출요약!$D18,출고요청서_raw!$R:$R,매출요약!$I$4) -> 0 | J18: =SUMIFS(출고요청서_raw!$W:$W,출고요청서_raw!$Q:$Q,매출요약!$D18,출고요청서_raw!$R:$R,매출요약!$I$4) -> 0 | K18: =SUMIFS(출고요청서_raw!$V:$V,출고요청서_raw!$Q:$Q,매출요약!$D18,출고요청서_raw!$R:$R,매출요약!$K$4) -> 0 | L18: =SUMIFS(출고요청서_raw!$W:$W,출고요청서_raw!$Q:$Q,매출요약!$D18,출고요청서_raw!$R:$R,매출요약!$K$4) -> 0 | M18: =SUMIFS(출고요청서_raw!$V:$V,출고요청서_raw!$Q:$Q,매출요약!$D18,출고요청서_raw!$R:$R,매출요약!$M$4) -> 119636.36 | N18: =SUMIFS(출고요청서_raw!$W:$W,출고요청서_raw!$Q:$Q,매출요약!$D18,출고요청서_raw!$R:$R,매출요약!$M$4) -> 7 | O18: =SUMIFS(출고요청서_raw!$V:$V,출고요청서_raw!$Q:$Q,매출요약!$D18,출고요청서_raw!$R:$R,매출요약!$O$4) -> 93181.818 | P18: =SUMIFS(출고요청서_raw!$W:$W,출고요청서_raw!$Q:$Q,매출요약!$D18,출고요청서_raw!$R:$R,매출요약!$O$4) -> 5 | Q18: =SUMIFS(출고요청서_raw!$V:$V,출고요청서_raw!$Q:$Q,매출요약!$D18,출고요청서_raw!$R:$R,매출요약!$Q$4) -> 647272.73 | R18: =SUMIFS(출고요청서_raw!$W:$W,출고요청서_raw!$Q:$Q,매출요약!$D18,출고요청서_raw!$R:$R,매출요약!$Q$4) -> 64
D19: 46066 | E19: =SUM(G19,I19,K19,M19,Q19,O19) -> 2667272.7 | F19: =SUM(H19,J19,L19,N19,R19,P19) -> 25 | G19: =SUMIF(SK스토아_raw!$AM:$AM,매출요약!$D19,SK스토아_raw!$AQ:$AQ) -> 2667272.7 | H19: =SUMIF(SK스토아_raw!$AM:$AM,$D19,SK스토아_raw!$AN:$AN) -> 25 | I19: =SUMIFS(출고요청서_raw!$V:$V,출고요청서_raw!$Q:$Q,매출요약!$D19,출고요청서_raw!$R:$R,매출요약!$I$4) -> 0 | J19: =SUMIFS(출고요청서_raw!$W:$W,출고요청서_raw!$Q:$Q,매출요약!$D19,출고요청서_raw!$R:$R,매출요약!$I$4) -> 0 | K19: =SUMIFS(출고요청서_raw!$V:$V,출고요청서_raw!$Q:$Q,매출요약!$D19,출고요청서_raw!$R:$R,매출요약!$K$4) -> 0 | L19: =SUMIFS(출고요청서_raw!$W:$W,출고요청서_raw!$Q:$Q,매출요약!$D19,출고요청서_raw!$R:$R,매출요약!$K$4) -> 0 | M19: =SUMIFS(출고요청서_raw!$V:$V,출고요청서_raw!$Q:$Q,매출요약!$D19,출고요청서_raw!$R:$R,매출요약!$M$4) -> 0 | N19: =SUMIFS(출고요청서_raw!$W:$W,출고요청서_raw!$Q:$Q,매출요약!$D19,출고요청서_raw!$R:$R,매출요약!$M$4) -> 0 | O19: =SUMIFS(출고요청서_raw!$V:$V,출고요청서_raw!$Q:$Q,매출요약!$D19,출고요청서_raw!$R:$R,매출요약!$O$4) -> 0 | P19: =SUMIFS(출고요청서_raw!$W:$W,출고요청서_raw!$Q:$Q,매출요약!$D19,출고요청서_raw!$R:$R,매출요약!$O$4) -> 0 | Q19: =SUMIFS(출고요청서_raw!$V:$V,출고요청서_raw!$Q:$Q,매출요약!$D19,출고요청서_raw!$R:$R,매출요약!$Q$4) -> 0 | R19: =SUMIFS(출고요청서_raw!$W:$W,출고요청서_raw!$Q:$Q,매출요약!$D19,출고요청서_raw!$R:$R,매출요약!$Q$4) -> 0
D20: 46067 | E20: =SUM(G20,I20,K20,M20,Q20,O20) -> 108181.82 | F20: =SUM(H20,J20,L20,N20,R20,P20) -> 1 | G20: =SUMIF(SK스토아_raw!$AM:$AM,매출요약!$D20,SK스토아_raw!$AQ:$AQ) -> 108181.82 | H20: =SUMIF(SK스토아_raw!$AM:$AM,$D20,SK스토아_raw!$AN:$AN) -> 1 | I20: =SUMIFS(출고요청서_raw!$V:$V,출고요청서_raw!$Q:$Q,매출요약!$D20,출고요청서_raw!$R:$R,매출요약!$I$4) -> 0 | J20: =SUMIFS(출고요청서_raw!$W:$W,출고요청서_raw!$Q:$Q,매출요약!$D20,출고요청서_raw!$R:$R,매출요약!$I$4) -> 0 | K20: =SUMIFS(출고요청서_raw!$V:$V,출고요청서_raw!$Q:$Q,매출요약!$D20,출고요청서_raw!$R:$R,매출요약!$K$4) -> 0 | L20: =SUMIFS(출고요청서_raw!$W:$W,출고요청서_raw!$Q:$Q,매출요약!$D20,출고요청서_raw!$R:$R,매출요약!$K$4) -> 0 | M20: =SUMIFS(출고요청서_raw!$V:$V,출고요청서_raw!$Q:$Q,매출요약!$D20,출고요청서_raw!$R:$R,매출요약!$M$4) -> 0 | N20: =SUMIFS(출고요청서_raw!$W:$W,출고요청서_raw!$Q:$Q,매출요약!$D20,출고요청서_raw!$R:$R,매출요약!$M$4) -> 0 | O20: =SUMIFS(출고요청서_raw!$V:$V,출고요청서_raw!$Q:$Q,매출요약!$D20,출고요청서_raw!$R:$R,매출요약!$O$4) -> 0 | P20: =SUMIFS(출고요청서_raw!$W:$W,출고요청서_raw!$Q:$Q,매출요약!$D20,출고요청서_raw!$R:$R,매출요약!$O$4) -> 0 | Q20: =SUMIFS(출고요청서_raw!$V:$V,출고요청서_raw!$Q:$Q,매출요약!$D20,출고요청서_raw!$R:$R,매출요약!$Q$4) -> 0 | R20: =SUMIFS(출고요청서_raw!$W:$W,출고요청서_raw!$Q:$Q,매출요약!$D20,출고요청서_raw!$R:$R,매출요약!$Q$4) -> 0
D21: 46068 | E21: =SUM(G21,I21,K21,M21,Q21,O21) -> 0 | F21: =SUM(H21,J21,L21,N21,R21,P21) -> 0 | G21: =SUMIF(SK스토아_raw!$AM:$AM,매출요약!$D21,SK스토아_raw!$AQ:$AQ) -> 0 | H21: =SUMIF(SK스토아_raw!$AM:$AM,$D21,SK스토아_raw!$AN:$AN) -> 0 | I21: =SUMIFS(출고요청서_raw!$V:$V,출고요청서_raw!$Q:$Q,매출요약!$D21,출고요청서_raw!$R:$R,매출요약!$I$4) -> 0 | J21: =SUMIFS(출고요청서_raw!$W:$W,출고요청서_raw!$Q:$Q,매출요약!$D21,출고요청서_raw!$R:$R,매출요약!$I$4) -> 0 | K21: =SUMIFS(출고요청서_raw!$V:$V,출고요청서_raw!$Q:$Q,매출요약!$D21,출고요청서_raw!$R:$R,매출요약!$K$4) -> 0 | L21: =SUMIFS(출고요청서_raw!$W:$W,출고요청서_raw!$Q:$Q,매출요약!$D21,출고요청서_raw!$R:$R,매출요약!$K$4) -> 0 | M21: =SUMIFS(출고요청서_raw!$V:$V,출고요청서_raw!$Q:$Q,매출요약!$D21,출고요청서_raw!$R:$R,매출요약!$M$4) -> 0 | N21: =SUMIFS(출고요청서_raw!$W:$W,출고요청서_raw!$Q:$Q,매출요약!$D21,출고요청서_raw!$R:$R,매출요약!$M$4) -> 0 | O21: =SUMIFS(출고요청서_raw!$V:$V,출고요청서_raw!$Q:$Q,매출요약!$D21,출고요청서_raw!$R:$R,매출요약!$O$4) -> 0 | P21: =SUMIFS(출고요청서_raw!$W:$W,출고요청서_raw!$Q:$Q,매출요약!$D21,출고요청서_raw!$R:$R,매출요약!$O$4) -> 0 | Q21: =SUMIFS(출고요청서_raw!$V:$V,출고요청서_raw!$Q:$Q,매출요약!$D21,출고요청서_raw!$R:$R,매출요약!$Q$4) -> 0 | R21: =SUMIFS(출고요청서_raw!$W:$W,출고요청서_raw!$Q:$Q,매출요약!$D21,출고요청서_raw!$R:$R,매출요약!$Q$4) -> 0
C22: W8 | D22: 46069 | E22: =SUM(G22,I22,K22,M22,Q22,O22) -> 0 | F22: =SUM(H22,J22,L22,N22,R22,P22) -> 0 | G22: =SUMIF(SK스토아_raw!$AM:$AM,매출요약!$D22,SK스토아_raw!$AQ:$AQ) -> 0 | H22: =SUMIF(SK스토아_raw!$AM:$AM,$D22,SK스토아_raw!$AN:$AN) -> 0 | I22: =SUMIFS(출고요청서_raw!$V:$V,출고요청서_raw!$Q:$Q,매출요약!$D22,출고요청서_raw!$R:$R,매출요약!$I$4) -> 0 | J22: =SUMIFS(출고요청서_raw!$W:$W,출고요청서_raw!$Q:$Q,매출요약!$D22,출고요청서_raw!$R:$R,매출요약!$I$4) -> 0 | K22: =SUMIFS(출고요청서_raw!$V:$V,출고요청서_raw!$Q:$Q,매출요약!$D22,출고요청서_raw!$R:$R,매출요약!$K$4) -> 0 | L22: =SUMIFS(출고요청서_raw!$W:$W,출고요청서_raw!$Q:$Q,매출요약!$D22,출고요청서_raw!$R:$R,매출요약!$K$4) -> 0 | M22: =SUMIFS(출고요청서_raw!$V:$V,출고요청서_raw!$Q:$Q,매출요약!$D22,출고요청서_raw!$R:$R,매출요약!$M$4) -> 0 | N22: =SUMIFS(출고요청서_raw!$W:$W,출고요청서_raw!$Q:$Q,매출요약!$D22,출고요청서_raw!$R:$R,매출요약!$M$4) -> 0 | O22: =SUMIFS(출고요청서_raw!$V:$V,출고요청서_raw!$Q:$Q,매출요약!$D22,출고요청서_raw!$R:$R,매출요약!$O$4) -> 0 | P22: =SUMIFS(출고요청서_raw!$W:$W,출고요청서_raw!$Q:$Q,매출요약!$D22,출고요청서_raw!$R:$R,매출요약!$O$4) -> 0 | Q22: =SUMIFS(출고요청서_raw!$V:$V,출고요청서_raw!$Q:$Q,매출요약!$D22,출고요청서_raw!$R:$R,매출요약!$Q$4) -> 0 | R22: =SUMIFS(출고요청서_raw!$W:$W,출고요청서_raw!$Q:$Q,매출요약!$D22,출고요청서_raw!$R:$R,매출요약!$Q$4) -> 0
D23: 46070 | E23: =SUM(G23,I23,K23,M23,Q23,O23) -> 0 | F23: =SUM(H23,J23,L23,N23,R23,P23) -> 0 | G23: =SUMIF(SK스토아_raw!$AM:$AM,매출요약!$D23,SK스토아_raw!$AQ:$AQ) -> 0 | H23: =SUMIF(SK스토아_raw!$AM:$AM,$D23,SK스토아_raw!$AN:$AN) -> 0 | I23: =SUMIFS(출고요청서_raw!$V:$V,출고요청서_raw!$Q:$Q,매출요약!$D23,출고요청서_raw!$R:$R,매출요약!$I$4) -> 0 | J23: =SUMIFS(출고요청서_raw!$W:$W,출고요청서_raw!$Q:$Q,매출요약!$D23,출고요청서_raw!$R:$R,매출요약!$I$4) -> 0 | K23: =SUMIFS(출고요청서_raw!$V:$V,출고요청서_raw!$Q:$Q,매출요약!$D23,출고요청서_raw!$R:$R,매출요약!$K$4) -> 0 | L23: =SUMIFS(출고요청서_raw!$W:$W,출고요청서_raw!$Q:$Q,매출요약!$D23,출고요청서_raw!$R:$R,매출요약!$K$4) -> 0 | M23: =SUMIFS(출고요청서_raw!$V:$V,출고요청서_raw!$Q:$Q,매출요약!$D23,출고요청서_raw!$R:$R,매출요약!$M$4) -> 0 | N23: =SUMIFS(출고요청서_raw!$W:$W,출고요청서_raw!$Q:$Q,매출요약!$D23,출고요청서_raw!$R:$R,매출요약!$M$4) -> 0 | O23: =SUMIFS(출고요청서_raw!$V:$V,출고요청서_raw!$Q:$Q,매출요약!$D23,출고요청서_raw!$R:$R,매출요약!$O$4) -> 0 | P23: =SUMIFS(출고요청서_raw!$W:$W,출고요청서_raw!$Q:$Q,매출요약!$D23,출고요청서_raw!$R:$R,매출요약!$O$4) -> 0 | Q23: =SUMIFS(출고요청서_raw!$V:$V,출고요청서_raw!$Q:$Q,매출요약!$D23,출고요청서_raw!$R:$R,매출요약!$Q$4) -> 0 | R23: =SUMIFS(출고요청서_raw!$W:$W,출고요청서_raw!$Q:$Q,매출요약!$D23,출고요청서_raw!$R:$R,매출요약!$Q$4) -> 0
D24: 46071 | E24: =SUM(G24,I24,K24,M24,Q24,O24) -> 0 | F24: =SUM(H24,J24,L24,N24,R24,P24) -> 0 | G24: =SUMIF(SK스토아_raw!$AM:$AM,매출요약!$D24,SK스토아_raw!$AQ:$AQ) -> 0 | H24: =SUMIF(SK스토아_raw!$AM:$AM,$D24,SK스토아_raw!$AN:$AN) -> 0 | I24: =SUMIFS(출고요청서_raw!$V:$V,출고요청서_raw!$Q:$Q,매출요약!$D24,출고요청서_raw!$R:$R,매출요약!$I$4) -> 0 | J24: =SUMIFS(출고요청서_raw!$W:$W,출고요청서_raw!$Q:$Q,매출요약!$D24,출고요청서_raw!$R:$R,매출요약!$I$4) -> 0 | K24: =SUMIFS(출고요청서_raw!$V:$V,출고요청서_raw!$Q:$Q,매출요약!$D24,출고요청서_raw!$R:$R,매출요약!$K$4) -> 0 | L24: =SUMIFS(출고요청서_raw!$W:$W,출고요청서_raw!$Q:$Q,매출요약!$D24,출고요청서_raw!$R:$R,매출요약!$K$4) -> 0 | M24: =SUMIFS(출고요청서_raw!$V:$V,출고요청서_raw!$Q:$Q,매출요약!$D24,출고요청서_raw!$R:$R,매출요약!$M$4) -> 0 | N24: =SUMIFS(출고요청서_raw!$W:$W,출고요청서_raw!$Q:$Q,매출요약!$D24,출고요청서_raw!$R:$R,매출요약!$M$4) -> 0 | O24: =SUMIFS(출고요청서_raw!$V:$V,출고요청서_raw!$Q:$Q,매출요약!$D24,출고요청서_raw!$R:$R,매출요약!$O$4) -> 0 | P24: =SUMIFS(출고요청서_raw!$W:$W,출고요청서_raw!$Q:$Q,매출요약!$D24,출고요청서_raw!$R:$R,매출요약!$O$4) -> 0 | Q24: =SUMIFS(출고요청서_raw!$V:$V,출고요청서_raw!$Q:$Q,매출요약!$D24,출고요청서_raw!$R:$R,매출요약!$Q$4) -> 0 | R24: =SUMIFS(출고요청서_raw!$W:$W,출고요청서_raw!$Q:$Q,매출요약!$D24,출고요청서_raw!$R:$R,매출요약!$Q$4) -> 0
D25: 46072 | E25: =SUM(G25,I25,K25,M25,Q25,O25) -> 0 | F25: =SUM(H25,J25,L25,N25,R25,P25) -> 0 | G25: =SUMIF(SK스토아_raw!$AM:$AM,매출요약!$D25,SK스토아_raw!$AQ:$AQ) -> 0 | H25: =SUMIF(SK스토아_raw!$AM:$AM,$D25,SK스토아_raw!$AN:$AN) -> 0 | I25: =SUMIFS(출고요청서_raw!$V:$V,출고요청서_raw!$Q:$Q,매출요약!$D25,출고요청서_raw!$R:$R,매출요약!$I$4) -> 0 | J25: =SUMIFS(출고요청서_raw!$W:$W,출고요청서_raw!$Q:$Q,매출요약!$D25,출고요청서_raw!$R:$R,매출요약!$I$4) -> 0 | K25: =SUMIFS(출고요청서_raw!$V:$V,출고요청서_raw!$Q:$Q,매출요약!$D25,출고요청서_raw!$R:$R,매출요약!$K$4) -> 0 | L25: =SUMIFS(출고요청서_raw!$W:$W,출고요청서_raw!$Q:$Q,매출요약!$D25,출고요청서_raw!$R:$R,매출요약!$K$4) -> 0 | M25: =SUMIFS(출고요청서_raw!$V:$V,출고요청서_raw!$Q:$Q,매출요약!$D25,출고요청서_raw!$R:$R,매출요약!$M$4) -> 0 | N25: =SUMIFS(출고요청서_raw!$W:$W,출고요청서_raw!$Q:$Q,매출요약!$D25,출고요청서_raw!$R:$R,매출요약!$M$4) -> 0 | O25: =SUMIFS(출고요청서_raw!$V:$V,출고요청서_raw!$Q:$Q,매출요약!$D25,출고요청서_raw!$R:$R,매출요약!$O$4) -> 0 | P25: =SUMIFS(출고요청서_raw!$W:$W,출고요청서_raw!$Q:$Q,매출요약!$D25,출고요청서_raw!$R:$R,매출요약!$O$4) -> 0 | Q25: =SUMIFS(출고요청서_raw!$V:$V,출고요청서_raw!$Q:$Q,매출요약!$D25,출고요청서_raw!$R:$R,매출요약!$Q$4) -> 0 | R25: =SUMIFS(출고요청서_raw!$W:$W,출고요청서_raw!$Q:$Q,매출요약!$D25,출고요청서_raw!$R:$R,매출요약!$Q$4) -> 0
D26: 46073 | E26: =SUM(G26,I26,K26,M26,Q26,O26) -> 0 | F26: =SUM(H26,J26,L26,N26,R26,P26) -> 0 | G26: =SUMIF(SK스토아_raw!$AM:$AM,매출요약!$D26,SK스토아_raw!$AQ:$AQ) -> 0 | H26: =SUMIF(SK스토아_raw!$AM:$AM,$D26,SK스토아_raw!$AN:$AN) -> 0 | I26: =SUMIFS(출고요청서_raw!$V:$V,출고요청서_raw!$Q:$Q,매출요약!$D26,출고요청서_raw!$R:$R,매출요약!$I$4) -> 0 | J26: =SUMIFS(출고요청서_raw!$W:$W,출고요청서_raw!$Q:$Q,매출요약!$D26,출고요청서_raw!$R:$R,매출요약!$I$4) -> 0 | K26: =SUMIFS(출고요청서_raw!$V:$V,출고요청서_raw!$Q:$Q,매출요약!$D26,출고요청서_raw!$R:$R,매출요약!$K$4) -> 0 | L26: =SUMIFS(출고요청서_raw!$W:$W,출고요청서_raw!$Q:$Q,매출요약!$D26,출고요청서_raw!$R:$R,매출요약!$K$4) -> 0 | M26: =SUMIFS(출고요청서_raw!$V:$V,출고요청서_raw!$Q:$Q,매출요약!$D26,출고요청서_raw!$R:$R,매출요약!$M$4) -> 0 | N26: =SUMIFS(출고요청서_raw!$W:$W,출고요청서_raw!$Q:$Q,매출요약!$D26,출고요청서_raw!$R:$R,매출요약!$M$4) -> 0 | O26: =SUMIFS(출고요청서_raw!$V:$V,출고요청서_raw!$Q:$Q,매출요약!$D26,출고요청서_raw!$R:$R,매출요약!$O$4) -> 0 | P26: =SUMIFS(출고요청서_raw!$W:$W,출고요청서_raw!$Q:$Q,매출요약!$D26,출고요청서_raw!$R:$R,매출요약!$O$4) -> 0 | Q26: =SUMIFS(출고요청서_raw!$V:$V,출고요청서_raw!$Q:$Q,매출요약!$D26,출고요청서_raw!$R:$R,매출요약!$Q$4) -> 0 | R26: =SUMIFS(출고요청서_raw!$W:$W,출고요청서_raw!$Q:$Q,매출요약!$D26,출고요청서_raw!$R:$R,매출요약!$Q$4) -> 0
D27: 46074 | E27: =SUM(G27,I27,K27,M27,Q27,O27) -> 0 | F27: =SUM(H27,J27,L27,N27,R27,P27) -> 0 | G27: =SUMIF(SK스토아_raw!$AM:$AM,매출요약!$D27,SK스토아_raw!$AQ:$AQ) -> 0 | H27: =SUMIF(SK스토아_raw!$AM:$AM,$D27,SK스토아_raw!$AN:$AN) -> 0 | I27: =SUMIFS(출고요청서_raw!$V:$V,출고요청서_raw!$Q:$Q,매출요약!$D27,출고요청서_raw!$R:$R,매출요약!$I$4) -> 0 | J27: =SUMIFS(출고요청서_raw!$W:$W,출고요청서_raw!$Q:$Q,매출요약!$D27,출고요청서_raw!$R:$R,매출요약!$I$4) -> 0 | K27: =SUMIFS(출고요청서_raw!$V:$V,출고요청서_raw!$Q:$Q,매출요약!$D27,출고요청서_raw!$R:$R,매출요약!$K$4) -> 0 | L27: =SUMIFS(출고요청서_raw!$W:$W,출고요청서_raw!$Q:$Q,매출요약!$D27,출고요청서_raw!$R:$R,매출요약!$K$4) -> 0 | M27: =SUMIFS(출고요청서_raw!$V:$V,출고요청서_raw!$Q:$Q,매출요약!$D27,출고요청서_raw!$R:$R,매출요약!$M$4) -> 0 | N27: =SUMIFS(출고요청서_raw!$W:$W,출고요청서_raw!$Q:$Q,매출요약!$D27,출고요청서_raw!$R:$R,매출요약!$M$4) -> 0 | O27: =SUMIFS(출고요청서_raw!$V:$V,출고요청서_raw!$Q:$Q,매출요약!$D27,출고요청서_raw!$R:$R,매출요약!$O$4) -> 0 | P27: =SUMIFS(출고요청서_raw!$W:$W,출고요청서_raw!$Q:$Q,매출요약!$D27,출고요청서_raw!$R:$R,매출요약!$O$4) -> 0 | Q27: =SUMIFS(출고요청서_raw!$V:$V,출고요청서_raw!$Q:$Q,매출요약!$D27,출고요청서_raw!$R:$R,매출요약!$Q$4) -> 0 | R27: =SUMIFS(출고요청서_raw!$W:$W,출고요청서_raw!$Q:$Q,매출요약!$D27,출고요청서_raw!$R:$R,매출요약!$Q$4) -> 0
D28: 46075 | E28: =SUM(G28,I28,K28,M28,Q28,O28) -> 0 | F28: =SUM(H28,J28,L28,N28,R28,P28) -> 0 | G28: =SUMIF(SK스토아_raw!$AM:$AM,매출요약!$D28,SK스토아_raw!$AQ:$AQ) -> 0 | H28: =SUMIF(SK스토아_raw!$AM:$AM,$D28,SK스토아_raw!$AN:$AN) -> 0 | I28: =SUMIFS(출고요청서_raw!$V:$V,출고요청서_raw!$Q:$Q,매출요약!$D28,출고요청서_raw!$R:$R,매출요약!$I$4) -> 0 | J28: =SUMIFS(출고요청서_raw!$W:$W,출고요청서_raw!$Q:$Q,매출요약!$D28,출고요청서_raw!$R:$R,매출요약!$I$4) -> 0 | K28: =SUMIFS(출고요청서_raw!$V:$V,출고요청서_raw!$Q:$Q,매출요약!$D28,출고요청서_raw!$R:$R,매출요약!$K$4) -> 0 | L28: =SUMIFS(출고요청서_raw!$W:$W,출고요청서_raw!$Q:$Q,매출요약!$D28,출고요청서_raw!$R:$R,매출요약!$K$4) -> 0 | M28: =SUMIFS(출고요청서_raw!$V:$V,출고요청서_raw!$Q:$Q,매출요약!$D28,출고요청서_raw!$R:$R,매출요약!$M$4) -> 0 | N28: =SUMIFS(출고요청서_raw!$W:$W,출고요청서_raw!$Q:$Q,매출요약!$D28,출고요청서_raw!$R:$R,매출요약!$M$4) -> 0 | O28: =SUMIFS(출고요청서_raw!$V:$V,출고요청서_raw!$Q:$Q,매출요약!$D28,출고요청서_raw!$R:$R,매출요약!$O$4) -> 0 | P28: =SUMIFS(출고요청서_raw!$W:$W,출고요청서_raw!$Q:$Q,매출요약!$D28,출고요청서_raw!$R:$R,매출요약!$O$4) -> 0 | Q28: =SUMIFS(출고요청서_raw!$V:$V,출고요청서_raw!$Q:$Q,매출요약!$D28,출고요청서_raw!$R:$R,매출요약!$Q$4) -> 0 | R28: =SUMIFS(출고요청서_raw!$W:$W,출고요청서_raw!$Q:$Q,매출요약!$D28,출고요청서_raw!$R:$R,매출요약!$Q$4) -> 0
C29: W9 | D29: 46076 | E29: =SUM(G29,I29,K29,M29,Q29,O29) -> 54363.636 | F29: =SUM(H29,J29,L29,N29,R29,P29) -> 3 | G29: =SUMIF(SK스토아_raw!$AM:$AM,매출요약!$D29,SK스토아_raw!$AQ:$AQ) -> 0 | H29: =SUMIF(SK스토아_raw!$AM:$AM,$D29,SK스토아_raw!$AN:$AN) -> 0 | I29: =SUMIFS(출고요청서_raw!$V:$V,출고요청서_raw!$Q:$Q,매출요약!$D29,출고요청서_raw!$R:$R,매출요약!$I$4) -> 0 | J29: =SUMIFS(출고요청서_raw!$W:$W,출고요청서_raw!$Q:$Q,매출요약!$D29,출고요청서_raw!$R:$R,매출요약!$I$4) -> 0 | K29: =SUMIFS(출고요청서_raw!$V:$V,출고요청서_raw!$Q:$Q,매출요약!$D29,출고요청서_raw!$R:$R,매출요약!$K$4) -> 0 | L29: =SUMIFS(출고요청서_raw!$W:$W,출고요청서_raw!$Q:$Q,매출요약!$D29,출고요청서_raw!$R:$R,매출요약!$K$4) -> 0 | M29: =SUMIFS(출고요청서_raw!$V:$V,출고요청서_raw!$Q:$Q,매출요약!$D29,출고요청서_raw!$R:$R,매출요약!$M$4) -> 54363.636 | N29: =SUMIFS(출고요청서_raw!$W:$W,출고요청서_raw!$Q:$Q,매출요약!$D29,출고요청서_raw!$R:$R,매출요약!$M$4) -> 3 | O29: =SUMIFS(출고요청서_raw!$V:$V,출고요청서_raw!$Q:$Q,매출요약!$D29,출고요청서_raw!$R:$R,매출요약!$O$4) -> 0 | P29: =SUMIFS(출고요청서_raw!$W:$W,출고요청서_raw!$Q:$Q,매출요약!$D29,출고요청서_raw!$R:$R,매출요약!$O$4) -> 0 | Q29: =SUMIFS(출고요청서_raw!$V:$V,출고요청서_raw!$Q:$Q,매출요약!$D29,출고요청서_raw!$R:$R,매출요약!$Q$4) -> 0 | R29: =SUMIFS(출고요청서_raw!$W:$W,출고요청서_raw!$Q:$Q,매출요약!$D29,출고요청서_raw!$R:$R,매출요약!$Q$4) -> 0
D30: 46077 | E30: =SUM(G30,I30,K30,M30,Q30,O30) -> 0 | F30: =SUM(H30,J30,L30,N30,R30,P30) -> 0 | G30: =SUMIF(SK스토아_raw!$AM:$AM,매출요약!$D30,SK스토아_raw!$AQ:$AQ) -> 0 | H30: =SUMIF(SK스토아_raw!$AM:$AM,$D30,SK스토아_raw!$AN:$AN) -> 0 | I30: =SUMIFS(출고요청서_raw!$V:$V,출고요청서_raw!$Q:$Q,매출요약!$D30,출고요청서_raw!$R:$R,매출요약!$I$4) -> 0 | J30: =SUMIFS(출고요청서_raw!$W:$W,출고요청서_raw!$Q:$Q,매출요약!$D30,출고요청서_raw!$R:$R,매출요약!$I$4) -> 0 | K30: =SUMIFS(출고요청서_raw!$V:$V,출고요청서_raw!$Q:$Q,매출요약!$D30,출고요청서_raw!$R:$R,매출요약!$K$4) -> 0 | L30: =SUMIFS(출고요청서_raw!$W:$W,출고요청서_raw!$Q:$Q,매출요약!$D30,출고요청서_raw!$R:$R,매출요약!$K$4) -> 0 | M30: =SUMIFS(출고요청서_raw!$V:$V,출고요청서_raw!$Q:$Q,매출요약!$D30,출고요청서_raw!$R:$R,매출요약!$M$4) -> 0 | N30: =SUMIFS(출고요청서_raw!$W:$W,출고요청서_raw!$Q:$Q,매출요약!$D30,출고요청서_raw!$R:$R,매출요약!$M$4) -> 0 | O30: =SUMIFS(출고요청서_raw!$V:$V,출고요청서_raw!$Q:$Q,매출요약!$D30,출고요청서_raw!$R:$R,매출요약!$O$4) -> 0 | P30: =SUMIFS(출고요청서_raw!$W:$W,출고요청서_raw!$Q:$Q,매출요약!$D30,출고요청서_raw!$R:$R,매출요약!$O$4) -> 0 | Q30: =SUMIFS(출고요청서_raw!$V:$V,출고요청서_raw!$Q:$Q,매출요약!$D30,출고요청서_raw!$R:$R,매출요약!$Q$4) -> 0 | R30: =SUMIFS(출고요청서_raw!$W:$W,출고요청서_raw!$Q:$Q,매출요약!$D30,출고요청서_raw!$R:$R,매출요약!$Q$4) -> 0
D31: 46078 | E31: =SUM(G31,I31,K31,M31,Q31,O31) -> 0 | F31: =SUM(H31,J31,L31,N31,R31,P31) -> 0 | G31: =SUMIF(SK스토아_raw!$AM:$AM,매출요약!$D31,SK스토아_raw!$AQ:$AQ) -> 0 | H31: =SUMIF(SK스토아_raw!$AM:$AM,$D31,SK스토아_raw!$AN:$AN) -> 0 | I31: =SUMIFS(출고요청서_raw!$V:$V,출고요청서_raw!$Q:$Q,매출요약!$D31,출고요청서_raw!$R:$R,매출요약!$I$4) -> 0 | J31: =SUMIFS(출고요청서_raw!$W:$W,출고요청서_raw!$Q:$Q,매출요약!$D31,출고요청서_raw!$R:$R,매출요약!$I$4) -> 0 | K31: =SUMIFS(출고요청서_raw!$V:$V,출고요청서_raw!$Q:$Q,매출요약!$D31,출고요청서_raw!$R:$R,매출요약!$K$4) -> 0 | L31: =SUMIFS(출고요청서_raw!$W:$W,출고요청서_raw!$Q:$Q,매출요약!$D31,출고요청서_raw!$R:$R,매출요약!$K$4) -> 0 | M31: =SUMIFS(출고요청서_raw!$V:$V,출고요청서_raw!$Q:$Q,매출요약!$D31,출고요청서_raw!$R:$R,매출요약!$M$4) -> 0 | N31: =SUMIFS(출고요청서_raw!$W:$W,출고요청서_raw!$Q:$Q,매출요약!$D31,출고요청서_raw!$R:$R,매출요약!$M$4) -> 0 | O31: =SUMIFS(출고요청서_raw!$V:$V,출고요청서_raw!$Q:$Q,매출요약!$D31,출고요청서_raw!$R:$R,매출요약!$O$4) -> 0 | P31: =SUMIFS(출고요청서_raw!$W:$W,출고요청서_raw!$Q:$Q,매출요약!$D31,출고요청서_raw!$R:$R,매출요약!$O$4) -> 0 | Q31: =SUMIFS(출고요청서_raw!$V:$V,출고요청서_raw!$Q:$Q,매출요약!$D31,출고요청서_raw!$R:$R,매출요약!$Q$4) -> 0 | R31: =SUMIFS(출고요청서_raw!$W:$W,출고요청서_raw!$Q:$Q,매출요약!$D31,출고요청서_raw!$R:$R,매출요약!$Q$4) -> 0
D32: 46079 | E32: =SUM(G32,I32,K32,M32,Q32,O32) -> 0 | F32: =SUM(H32,J32,L32,N32,R32,P32) -> 0 | G32: =SUMIF(SK스토아_raw!$AM:$AM,매출요약!$D32,SK스토아_raw!$AQ:$AQ) -> 0 | H32: =SUMIF(SK스토아_raw!$AM:$AM,$D32,SK스토아_raw!$AN:$AN) -> 0 | I32: =SUMIFS(출고요청서_raw!$V:$V,출고요청서_raw!$Q:$Q,매출요약!$D32,출고요청서_raw!$R:$R,매출요약!$I$4) -> 0 | J32: =SUMIFS(출고요청서_raw!$W:$W,출고요청서_raw!$Q:$Q,매출요약!$D32,출고요청서_raw!$R:$R,매출요약!$I$4) -> 0 | K32: =SUMIFS(출고요청서_raw!$V:$V,출고요청서_raw!$Q:$Q,매출요약!$D32,출고요청서_raw!$R:$R,매출요약!$K$4) -> 0 | L32: =SUMIFS(출고요청서_raw!$W:$W,출고요청서_raw!$Q:$Q,매출요약!$D32,출고요청서_raw!$R:$R,매출요약!$K$4) -> 0 | M32: =SUMIFS(출고요청서_raw!$V:$V,출고요청서_raw!$Q:$Q,매출요약!$D32,출고요청서_raw!$R:$R,매출요약!$M$4) -> 0 | N32: =SUMIFS(출고요청서_raw!$W:$W,출고요청서_raw!$Q:$Q,매출요약!$D32,출고요청서_raw!$R:$R,매출요약!$M$4) -> 0 | O32: =SUMIFS(출고요청서_raw!$V:$V,출고요청서_raw!$Q:$Q,매출요약!$D32,출고요청서_raw!$R:$R,매출요약!$O$4) -> 0 | P32: =SUMIFS(출고요청서_raw!$W:$W,출고요청서_raw!$Q:$Q,매출요약!$D32,출고요청서_raw!$R:$R,매출요약!$O$4) -> 0 | Q32: =SUMIFS(출고요청서_raw!$V:$V,출고요청서_raw!$Q:$Q,매출요약!$D32,출고요청서_raw!$R:$R,매출요약!$Q$4) -> 0 | R32: =SUMIFS(출고요청서_raw!$W:$W,출고요청서_raw!$Q:$Q,매출요약!$D32,출고요청서_raw!$R:$R,매출요약!$Q$4) -> 0
D33: 46080 | E33: =SUM(G33,I33,K33,M33,Q33,O33) -> 0 | F33: =SUM(H33,J33,L33,N33,R33,P33) -> 0 | G33: =SUMIF(SK스토아_raw!$AM:$AM,매출요약!$D33,SK스토아_raw!$AQ:$AQ) -> 0 | H33: =SUMIF(SK스토아_raw!$AM:$AM,$D33,SK스토아_raw!$AN:$AN) -> 0 | I33: =SUMIFS(출고요청서_raw!$V:$V,출고요청서_raw!$Q:$Q,매출요약!$D33,출고요청서_raw!$R:$R,매출요약!$I$4) -> 0 | J33: =SUMIFS(출고요청서_raw!$W:$W,출고요청서_raw!$Q:$Q,매출요약!$D33,출고요청서_raw!$R:$R,매출요약!$I$4) -> 0 | K33: =SUMIFS(출고요청서_raw!$V:$V,출고요청서_raw!$Q:$Q,매출요약!$D33,출고요청서_raw!$R:$R,매출요약!$K$4) -> 0 | L33: =SUMIFS(출고요청서_raw!$W:$W,출고요청서_raw!$Q:$Q,매출요약!$D33,출고요청서_raw!$R:$R,매출요약!$K$4) -> 0 | M33: =SUMIFS(출고요청서_raw!$V:$V,출고요청서_raw!$Q:$Q,매출요약!$D33,출고요청서_raw!$R:$R,매출요약!$M$4) -> 0 | N33: =SUMIFS(출고요청서_raw!$W:$W,출고요청서_raw!$Q:$Q,매출요약!$D33,출고요청서_raw!$R:$R,매출요약!$M$4) -> 0 | O33: =SUMIFS(출고요청서_raw!$V:$V,출고요청서_raw!$Q:$Q,매출요약!$D33,출고요청서_raw!$R:$R,매출요약!$O$4) -> 0 | P33: =SUMIFS(출고요청서_raw!$W:$W,출고요청서_raw!$Q:$Q,매출요약!$D33,출고요청서_raw!$R:$R,매출요약!$O$4) -> 0 | Q33: =SUMIFS(출고요청서_raw!$V:$V,출고요청서_raw!$Q:$Q,매출요약!$D33,출고요청서_raw!$R:$R,매출요약!$Q$4) -> 0 | R33: =SUMIFS(출고요청서_raw!$W:$W,출고요청서_raw!$Q:$Q,매출요약!$D33,출고요청서_raw!$R:$R,매출요약!$Q$4) -> 0
D34: 46081 | E34: =SUM(G34,I34,K34,M34,Q34,O34) -> 0 | F34: =SUM(H34,J34,L34,N34,R34,P34) -> 0 | G34: =SUMIF(SK스토아_raw!$AM:$AM,매출요약!$D34,SK스토아_raw!$AQ:$AQ) -> 0 | H34: =SUMIF(SK스토아_raw!$AM:$AM,$D34,SK스토아_raw!$AN:$AN) -> 0 | I34: =SUMIFS(출고요청서_raw!$V:$V,출고요청서_raw!$Q:$Q,매출요약!$D34,출고요청서_raw!$R:$R,매출요약!$I$4) -> 0 | J34: =SUMIFS(출고요청서_raw!$W:$W,출고요청서_raw!$Q:$Q,매출요약!$D34,출고요청서_raw!$R:$R,매출요약!$I$4) -> 0 | K34: =SUMIFS(출고요청서_raw!$V:$V,출고요청서_raw!$Q:$Q,매출요약!$D34,출고요청서_raw!$R:$R,매출요약!$K$4) -> 0 | L34: =SUMIFS(출고요청서_raw!$W:$W,출고요청서_raw!$Q:$Q,매출요약!$D34,출고요청서_raw!$R:$R,매출요약!$K$4) -> 0 | M34: =SUMIFS(출고요청서_raw!$V:$V,출고요청서_raw!$Q:$Q,매출요약!$D34,출고요청서_raw!$R:$R,매출요약!$M$4) -> 0 | N34: =SUMIFS(출고요청서_raw!$W:$W,출고요청서_raw!$Q:$Q,매출요약!$D34,출고요청서_raw!$R:$R,매출요약!$M$4) -> 0 | O34: =SUMIFS(출고요청서_raw!$V:$V,출고요청서_raw!$Q:$Q,매출요약!$D34,출고요청서_raw!$R:$R,매출요약!$O$4) -> 0 | P34: =SUMIFS(출고요청서_raw!$W:$W,출고요청서_raw!$Q:$Q,매출요약!$D34,출고요청서_raw!$R:$R,매출요약!$O$4) -> 0 | Q34: =SUMIFS(출고요청서_raw!$V:$V,출고요청서_raw!$Q:$Q,매출요약!$D34,출고요청서_raw!$R:$R,매출요약!$Q$4) -> 0 | R34: =SUMIFS(출고요청서_raw!$W:$W,출고요청서_raw!$Q:$Q,매출요약!$D34,출고요청서_raw!$R:$R,매출요약!$Q$4) -> 0
E35: =SUM(E36:E66) -> 0 | F35: =SUM(F36:F66) -> 0 | G35: =SUM(G36:G66) -> 0 | H35: =SUM(H36:H66) -> 0 | I35: =SUM(I36:I66) -> 0 | J35: =SUM(J36:J66) -> 0 | K35: =SUM(K36:K66) -> 0 | L35: =SUM(L36:L66) -> 0 | ... R35: =SUM(R36:R66) -> 0
B36: 3월 | C36: W9 | D36: 46082 | E36: =SUM(G36,I36,K36,M36,Q36) -> 0 | F36: =SUM(H36,J36,L36,N36,R36) -> 0 | G36: =SUMIF(SK스토아_raw!$AM:$AM,매출요약!$D36,SK스토아_raw!$AQ:$AQ) -> 0 | H36: =SUMIF(SK스토아_raw!$AM:$AM,$D36,SK스토아_raw!$AN:$AN) -> 0 | I36: =SUMIFS(출고요청서_raw!$V:$V,출고요청서_raw!$Q:$Q,매출요약!$D36,출고요청서_raw!$R:$R,매출요약!$I$4) -> 0 | J36: =SUMIFS(출고요청서_raw!$W:$W,출고요청서_raw!$Q:$Q,매출요약!$D36,출고요청서_raw!$R:$R,매출요약!$I$4) -> 0 | K36: =SUMIFS(출고요청서_raw!$V:$V,출고요청서_raw!$Q:$Q,매출요약!$D36,출고요청서_raw!$R:$R,매출요약!$K$4) -> 0 | L36: =SUMIFS(출고요청서_raw!$W:$W,출고요청서_raw!$Q:$Q,매출요약!$D36,출고요청서_raw!$R:$R,매출요약!$K$4) -> 0 | M36: =SUMIFS(출고요청서_raw!$V:$V,출고요청서_raw!$Q:$Q,매출요약!$D36,출고요청서_raw!$R:$R,매출요약!$M$4) -> 0 | N36: =SUMIFS(출고요청서_raw!$W:$W,출고요청서_raw!$Q:$Q,매출요약!$D36,출고요청서_raw!$R:$R,매출요약!$M$4) -> 0 | O36: =SUMIFS(출고요청서_raw!$V:$V,출고요청서_raw!$Q:$Q,매출요약!$D36,출고요청서_raw!$R:$R,매출요약!$O$4) -> 0 | P36: =SUMIFS(출고요청서_raw!$W:$W,출고요청서_raw!$Q:$Q,매출요약!$D36,출고요청서_raw!$R:$R,매출요약!$O$4) -> 0 | Q36: =SUMIFS(출고요청서_raw!$V:$V,출고요청서_raw!$Q:$Q,매출요약!$D36,출고요청서_raw!$R:$R,매출요약!$Q$4) -> 0 | R36: =SUMIFS(출고요청서_raw!$W:$W,출고요청서_raw!$Q:$Q,매출요약!$D36,출고요청서_raw!$R:$R,매출요약!$Q$4) -> 0
C37: W10 | D37: 46083 | E37: =SUM(G37,I37,K37,M37,Q37) -> 0 | F37: =SUM(H37,J37,L37,N37,R37) -> 0 | G37: =SUMIF(SK스토아_raw!$AM:$AM,매출요약!$D37,SK스토아_raw!$AQ:$AQ) -> 0 | H37: =SUMIF(SK스토아_raw!$AM:$AM,$D37,SK스토아_raw!$AN:$AN) -> 0 | I37: =SUMIFS(출고요청서_raw!$V:$V,출고요청서_raw!$Q:$Q,매출요약!$D37,출고요청서_raw!$R:$R,매출요약!$I$4) -> 0 | J37: =SUMIFS(출고요청서_raw!$W:$W,출고요청서_raw!$Q:$Q,매출요약!$D37,출고요청서_raw!$R:$R,매출요약!$I$4) -> 0 | K37: =SUMIFS(출고요청서_raw!$V:$V,출고요청서_raw!$Q:$Q,매출요약!$D37,출고요청서_raw!$R:$R,매출요약!$K$4) -> 0 | L37: =SUMIFS(출고요청서_raw!$W:$W,출고요청서_raw!$Q:$Q,매출요약!$D37,출고요청서_raw!$R:$R,매출요약!$K$4) -> 0 | M37: =SUMIFS(출고요청서_raw!$V:$V,출고요청서_raw!$Q:$Q,매출요약!$D37,출고요청서_raw!$R:$R,매출요약!$M$4) -> 0 | N37: =SUMIFS(출고요청서_raw!$W:$W,출고요청서_raw!$Q:$Q,매출요약!$D37,출고요청서_raw!$R:$R,매출요약!$M$4) -> 0 | O37: =SUMIFS(출고요청서_raw!$V:$V,출고요청서_raw!$Q:$Q,매출요약!$D37,출고요청서_raw!$R:$R,매출요약!$O$4) -> 0 | P37: =SUMIFS(출고요청서_raw!$W:$W,출고요청서_raw!$Q:$Q,매출요약!$D37,출고요청서_raw!$R:$R,매출요약!$O$4) -> 0 | Q37: =SUMIFS(출고요청서_raw!$V:$V,출고요청서_raw!$Q:$Q,매출요약!$D37,출고요청서_raw!$R:$R,매출요약!$Q$4) -> 0 | R37: =SUMIFS(출고요청서_raw!$W:$W,출고요청서_raw!$Q:$Q,매출요약!$D37,출고요청서_raw!$R:$R,매출요약!$Q$4) -> 0
D38: 46084 | E38: =SUM(G38,I38,K38,M38,Q38) -> 0 | F38: =SUM(H38,J38,L38,N38,R38) -> 0 | G38: =SUMIF(SK스토아_raw!$AM:$AM,매출요약!$D38,SK스토아_raw!$AQ:$AQ) -> 0 | H38: =SUMIF(SK스토아_raw!$AM:$AM,$D38,SK스토아_raw!$AN:$AN) -> 0 | I38: =SUMIFS(출고요청서_raw!$V:$V,출고요청서_raw!$Q:$Q,매출요약!$D38,출고요청서_raw!$R:$R,매출요약!$I$4) -> 0 | J38: =SUMIFS(출고요청서_raw!$W:$W,출고요청서_raw!$Q:$Q,매출요약!$D38,출고요청서_raw!$R:$R,매출요약!$I$4) -> 0 | K38: =SUMIFS(출고요청서_raw!$V:$V,출고요청서_raw!$Q:$Q,매출요약!$D38,출고요청서_raw!$R:$R,매출요약!$K$4) -> 0 | L38: =SUMIFS(출고요청서_raw!$W:$W,출고요청서_raw!$Q:$Q,매출요약!$D38,출고요청서_raw!$R:$R,매출요약!$K$4) -> 0 | M38: =SUMIFS(출고요청서_raw!$V:$V,출고요청서_raw!$Q:$Q,매출요약!$D38,출고요청서_raw!$R:$R,매출요약!$M$4) -> 0 | N38: =SUMIFS(출고요청서_raw!$W:$W,출고요청서_raw!$Q:$Q,매출요약!$D38,출고요청서_raw!$R:$R,매출요약!$M$4) -> 0 | O38: =SUMIFS(출고요청서_raw!$V:$V,출고요청서_raw!$Q:$Q,매출요약!$D38,출고요청서_raw!$R:$R,매출요약!$O$4) -> 0 | P38: =SUMIFS(출고요청서_raw!$W:$W,출고요청서_raw!$Q:$Q,매출요약!$D38,출고요청서_raw!$R:$R,매출요약!$O$4) -> 0 | Q38: =SUMIFS(출고요청서_raw!$V:$V,출고요청서_raw!$Q:$Q,매출요약!$D38,출고요청서_raw!$R:$R,매출요약!$Q$4) -> 0 | R38: =SUMIFS(출고요청서_raw!$W:$W,출고요청서_raw!$Q:$Q,매출요약!$D38,출고요청서_raw!$R:$R,매출요약!$Q$4) -> 0
D39: 46085 | E39: =SUM(G39,I39,K39,M39,Q39) -> 0 | F39: =SUM(H39,J39,L39,N39,R39) -> 0 | G39: =SUMIF(SK스토아_raw!$AM:$AM,매출요약!$D39,SK스토아_raw!$AQ:$AQ) -> 0 | H39: =SUMIF(SK스토아_raw!$AM:$AM,$D39,SK스토아_raw!$AN:$AN) -> 0 | I39: =SUMIFS(출고요청서_raw!$V:$V,출고요청서_raw!$Q:$Q,매출요약!$D39,출고요청서_raw!$R:$R,매출요약!$I$4) -> 0 | J39: =SUMIFS(출고요청서_raw!$W:$W,출고요청서_raw!$Q:$Q,매출요약!$D39,출고요청서_raw!$R:$R,매출요약!$I$4) -> 0 | K39: =SUMIFS(출고요청서_raw!$V:$V,출고요청서_raw!$Q:$Q,매출요약!$D39,출고요청서_raw!$R:$R,매출요약!$K$4) -> 0 | L39: =SUMIFS(출고요청서_raw!$W:$W,출고요청서_raw!$Q:$Q,매출요약!$D39,출고요청서_raw!$R:$R,매출요약!$K$4) -> 0 | M39: =SUMIFS(출고요청서_raw!$V:$V,출고요청서_raw!$Q:$Q,매출요약!$D39,출고요청서_raw!$R:$R,매출요약!$M$4) -> 0 | N39: =SUMIFS(출고요청서_raw!$W:$W,출고요청서_raw!$Q:$Q,매출요약!$D39,출고요청서_raw!$R:$R,매출요약!$M$4) -> 0 | O39: =SUMIFS(출고요청서_raw!$V:$V,출고요청서_raw!$Q:$Q,매출요약!$D39,출고요청서_raw!$R:$R,매출요약!$O$4) -> 0 | P39: =SUMIFS(출고요청서_raw!$W:$W,출고요청서_raw!$Q:$Q,매출요약!$D39,출고요청서_raw!$R:$R,매출요약!$O$4) -> 0 | Q39: =SUMIFS(출고요청서_raw!$V:$V,출고요청서_raw!$Q:$Q,매출요약!$D39,출고요청서_raw!$R:$R,매출요약!$Q$4) -> 0 | R39: =SUMIFS(출고요청서_raw!$W:$W,출고요청서_raw!$Q:$Q,매출요약!$D39,출고요청서_raw!$R:$R,매출요약!$Q$4) -> 0
D40: 46086 | E40: =SUM(G40,I40,K40,M40,Q40) -> 0 | F40: =SUM(H40,J40,L40,N40,R40) -> 0 | G40: =SUMIF(SK스토아_raw!$AM:$AM,매출요약!$D40,SK스토아_raw!$AQ:$AQ) -> 0 | H40: =SUMIF(SK스토아_raw!$AM:$AM,$D40,SK스토아_raw!$AN:$AN) -> 0 | I40: =SUMIFS(출고요청서_raw!$V:$V,출고요청서_raw!$Q:$Q,매출요약!$D40,출고요청서_raw!$R:$R,매출요약!$I$4) -> 0 | J40: =SUMIFS(출고요청서_raw!$W:$W,출고요청서_raw!$Q:$Q,매출요약!$D40,출고요청서_raw!$R:$R,매출요약!$I$4) -> 0 | K40: =SUMIFS(출고요청서_raw!$V:$V,출고요청서_raw!$Q:$Q,매출요약!$D40,출고요청서_raw!$R:$R,매출요약!$K$4) -> 0 | L40: =SUMIFS(출고요청서_raw!$W:$W,출고요청서_raw!$Q:$Q,매출요약!$D40,출고요청서_raw!$R:$R,매출요약!$K$4) -> 0 | M40: =SUMIFS(출고요청서_raw!$V:$V,출고요청서_raw!$Q:$Q,매출요약!$D40,출고요청서_raw!$R:$R,매출요약!$M$4) -> 0 | N40: =SUMIFS(출고요청서_raw!$W:$W,출고요청서_raw!$Q:$Q,매출요약!$D40,출고요청서_raw!$R:$R,매출요약!$M$4) -> 0 | O40: =SUMIFS(출고요청서_raw!$V:$V,출고요청서_raw!$Q:$Q,매출요약!$D40,출고요청서_raw!$R:$R,매출요약!$O$4) -> 0 | P40: =SUMIFS(출고요청서_raw!$W:$W,출고요청서_raw!$Q:$Q,매출요약!$D40,출고요청서_raw!$R:$R,매출요약!$O$4) -> 0 | Q40: =SUMIFS(출고요청서_raw!$V:$V,출고요청서_raw!$Q:$Q,매출요약!$D40,출고요청서_raw!$R:$R,매출요약!$Q$4) -> 0 | R40: =SUMIFS(출고요청서_raw!$W:$W,출고요청서_raw!$Q:$Q,매출요약!$D40,출고요청서_raw!$R:$R,매출요약!$Q$4) -> 0
D41: 46087 | E41: =SUM(G41,I41,K41,M41,Q41) -> 0 | F41: =SUM(H41,J41,L41,N41,R41) -> 0 | G41: =SUMIF(SK스토아_raw!$AM:$AM,매출요약!$D41,SK스토아_raw!$AQ:$AQ) -> 0 | H41: =SUMIF(SK스토아_raw!$AM:$AM,$D41,SK스토아_raw!$AN:$AN) -> 0 | I41: =SUMIFS(출고요청서_raw!$V:$V,출고요청서_raw!$Q:$Q,매출요약!$D41,출고요청서_raw!$R:$R,매출요약!$I$4) -> 0 | J41: =SUMIFS(출고요청서_raw!$W:$W,출고요청서_raw!$Q:$Q,매출요약!$D41,출고요청서_raw!$R:$R,매출요약!$I$4) -> 0 | K41: =SUMIFS(출고요청서_raw!$V:$V,출고요청서_raw!$Q:$Q,매출요약!$D41,출고요청서_raw!$R:$R,매출요약!$K$4) -> 0 | L41: =SUMIFS(출고요청서_raw!$W:$W,출고요청서_raw!$Q:$Q,매출요약!$D41,출고요청서_raw!$R:$R,매출요약!$K$4) -> 0 | M41: =SUMIFS(출고요청서_raw!$V:$V,출고요청서_raw!$Q:$Q,매출요약!$D41,출고요청서_raw!$R:$R,매출요약!$M$4) -> 0 | N41: =SUMIFS(출고요청서_raw!$W:$W,출고요청서_raw!$Q:$Q,매출요약!$D41,출고요청서_raw!$R:$R,매출요약!$M$4) -> 0 | O41: =SUMIFS(출고요청서_raw!$V:$V,출고요청서_raw!$Q:$Q,매출요약!$D41,출고요청서_raw!$R:$R,매출요약!$O$4) -> 0 | P41: =SUMIFS(출고요청서_raw!$W:$W,출고요청서_raw!$Q:$Q,매출요약!$D41,출고요청서_raw!$R:$R,매출요약!$O$4) -> 0 | Q41: =SUMIFS(출고요청서_raw!$V:$V,출고요청서_raw!$Q:$Q,매출요약!$D41,출고요청서_raw!$R:$R,매출요약!$Q$4) -> 0 | R41: =SUMIFS(출고요청서_raw!$W:$W,출고요청서_raw!$Q:$Q,매출요약!$D41,출고요청서_raw!$R:$R,매출요약!$Q$4) -> 0
D42: 46088 | E42: =SUM(G42,I42,K42,M42,Q42) -> 0 | F42: =SUM(H42,J42,L42,N42,R42) -> 0 | G42: =SUMIF(SK스토아_raw!$AM:$AM,매출요약!$D42,SK스토아_raw!$AQ:$AQ) -> 0 | H42: =SUMIF(SK스토아_raw!$AM:$AM,$D42,SK스토아_raw!$AN:$AN) -> 0 | I42: =SUMIFS(출고요청서_raw!$V:$V,출고요청서_raw!$Q:$Q,매출요약!$D42,출고요청서_raw!$R:$R,매출요약!$I$4) -> 0 | J42: =SUMIFS(출고요청서_raw!$W:$W,출고요청서_raw!$Q:$Q,매출요약!$D42,출고요청서_raw!$R:$R,매출요약!$I$4) -> 0 | K42: =SUMIFS(출고요청서_raw!$V:$V,출고요청서_raw!$Q:$Q,매출요약!$D42,출고요청서_raw!$R:$R,매출요약!$K$4) -> 0 | L42: =SUMIFS(출고요청서_raw!$W:$W,출고요청서_raw!$Q:$Q,매출요약!$D42,출고요청서_raw!$R:$R,매출요약!$K$4) -> 0 | M42: =SUMIFS(출고요청서_raw!$V:$V,출고요청서_raw!$Q:$Q,매출요약!$D42,출고요청서_raw!$R:$R,매출요약!$M$4) -> 0 | N42: =SUMIFS(출고요청서_raw!$W:$W,출고요청서_raw!$Q:$Q,매출요약!$D42,출고요청서_raw!$R:$R,매출요약!$M$4) -> 0 | O42: =SUMIFS(출고요청서_raw!$V:$V,출고요청서_raw!$Q:$Q,매출요약!$D42,출고요청서_raw!$R:$R,매출요약!$O$4) -> 0 | P42: =SUMIFS(출고요청서_raw!$W:$W,출고요청서_raw!$Q:$Q,매출요약!$D42,출고요청서_raw!$R:$R,매출요약!$O$4) -> 0 | Q42: =SUMIFS(출고요청서_raw!$V:$V,출고요청서_raw!$Q:$Q,매출요약!$D42,출고요청서_raw!$R:$R,매출요약!$Q$4) -> 0 | R42: =SUMIFS(출고요청서_raw!$W:$W,출고요청서_raw!$Q:$Q,매출요약!$D42,출고요청서_raw!$R:$R,매출요약!$Q$4) -> 0
D43: 46089 | E43: =SUM(G43,I43,K43,M43,Q43) -> 0 | F43: =SUM(H43,J43,L43,N43,R43) -> 0 | G43: =SUMIF(SK스토아_raw!$AM:$AM,매출요약!$D43,SK스토아_raw!$AQ:$AQ) -> 0 | H43: =SUMIF(SK스토아_raw!$AM:$AM,$D43,SK스토아_raw!$AN:$AN) -> 0 | I43: =SUMIFS(출고요청서_raw!$V:$V,출고요청서_raw!$Q:$Q,매출요약!$D43,출고요청서_raw!$R:$R,매출요약!$I$4) -> 0 | J43: =SUMIFS(출고요청서_raw!$W:$W,출고요청서_raw!$Q:$Q,매출요약!$D43,출고요청서_raw!$R:$R,매출요약!$I$4) -> 0 | K43: =SUMIFS(출고요청서_raw!$V:$V,출고요청서_raw!$Q:$Q,매출요약!$D43,출고요청서_raw!$R:$R,매출요약!$K$4) -> 0 | L43: =SUMIFS(출고요청서_raw!$W:$W,출고요청서_raw!$Q:$Q,매출요약!$D43,출고요청서_raw!$R:$R,매출요약!$K$4) -> 0 | M43: =SUMIFS(출고요청서_raw!$V:$V,출고요청서_raw!$Q:$Q,매출요약!$D43,출고요청서_raw!$R:$R,매출요약!$M$4) -> 0 | N43: =SUMIFS(출고요청서_raw!$W:$W,출고요청서_raw!$Q:$Q,매출요약!$D43,출고요청서_raw!$R:$R,매출요약!$M$4) -> 0 | O43: =SUMIFS(출고요청서_raw!$V:$V,출고요청서_raw!$Q:$Q,매출요약!$D43,출고요청서_raw!$R:$R,매출요약!$O$4) -> 0 | P43: =SUMIFS(출고요청서_raw!$W:$W,출고요청서_raw!$Q:$Q,매출요약!$D43,출고요청서_raw!$R:$R,매출요약!$O$4) -> 0 | Q43: =SUMIFS(출고요청서_raw!$V:$V,출고요청서_raw!$Q:$Q,매출요약!$D43,출고요청서_raw!$R:$R,매출요약!$Q$4) -> 0 | R43: =SUMIFS(출고요청서_raw!$W:$W,출고요청서_raw!$Q:$Q,매출요약!$D43,출고요청서_raw!$R:$R,매출요약!$Q$4) -> 0
C44: W11 | D44: 46090 | E44: =SUM(G44,I44,K44,M44,Q44) -> 0 | F44: =SUM(H44,J44,L44,N44,R44) -> 0 | G44: =SUMIF(SK스토아_raw!$AM:$AM,매출요약!$D44,SK스토아_raw!$AQ:$AQ) -> 0 | H44: =SUMIF(SK스토아_raw!$AM:$AM,$D44,SK스토아_raw!$AN:$AN) -> 0 | I44: =SUMIFS(출고요청서_raw!$V:$V,출고요청서_raw!$Q:$Q,매출요약!$D44,출고요청서_raw!$R:$R,매출요약!$I$4) -> 0 | J44: =SUMIFS(출고요청서_raw!$W:$W,출고요청서_raw!$Q:$Q,매출요약!$D44,출고요청서_raw!$R:$R,매출요약!$I$4) -> 0 | K44: =SUMIFS(출고요청서_raw!$V:$V,출고요청서_raw!$Q:$Q,매출요약!$D44,출고요청서_raw!$R:$R,매출요약!$K$4) -> 0 | L44: =SUMIFS(출고요청서_raw!$W:$W,출고요청서_raw!$Q:$Q,매출요약!$D44,출고요청서_raw!$R:$R,매출요약!$K$4) -> 0 | M44: =SUMIFS(출고요청서_raw!$V:$V,출고요청서_raw!$Q:$Q,매출요약!$D44,출고요청서_raw!$R:$R,매출요약!$M$4) -> 0 | N44: =SUMIFS(출고요청서_raw!$W:$W,출고요청서_raw!$Q:$Q,매출요약!$D44,출고요청서_raw!$R:$R,매출요약!$M$4) -> 0 | O44: =SUMIFS(출고요청서_raw!$V:$V,출고요청서_raw!$Q:$Q,매출요약!$D44,출고요청서_raw!$R:$R,매출요약!$O$4) -> 0 | P44: =SUMIFS(출고요청서_raw!$W:$W,출고요청서_raw!$Q:$Q,매출요약!$D44,출고요청서_raw!$R:$R,매출요약!$O$4) -> 0 | Q44: =SUMIFS(출고요청서_raw!$V:$V,출고요청서_raw!$Q:$Q,매출요약!$D44,출고요청서_raw!$R:$R,매출요약!$Q$4) -> 0 | R44: =SUMIFS(출고요청서_raw!$W:$W,출고요청서_raw!$Q:$Q,매출요약!$D44,출고요청서_raw!$R:$R,매출요약!$Q$4) -> 0
D45: 46091 | E45: =SUM(G45,I45,K45,M45,Q45) -> 0 | F45: =SUM(H45,J45,L45,N45,R45) -> 0 | G45: =SUMIF(SK스토아_raw!$AM:$AM,매출요약!$D45,SK스토아_raw!$AQ:$AQ) -> 0 | H45: =SUMIF(SK스토아_raw!$AM:$AM,$D45,SK스토아_raw!$AN:$AN) -> 0 | I45: =SUMIFS(출고요청서_raw!$V:$V,출고요청서_raw!$Q:$Q,매출요약!$D45,출고요청서_raw!$R:$R,매출요약!$I$4) -> 0 | J45: =SUMIFS(출고요청서_raw!$W:$W,출고요청서_raw!$Q:$Q,매출요약!$D45,출고요청서_raw!$R:$R,매출요약!$I$4) -> 0 | K45: =SUMIFS(출고요청서_raw!$V:$V,출고요청서_raw!$Q:$Q,매출요약!$D45,출고요청서_raw!$R:$R,매출요약!$K$4) -> 0 | L45: =SUMIFS(출고요청서_raw!$W:$W,출고요청서_raw!$Q:$Q,매출요약!$D45,출고요청서_raw!$R:$R,매출요약!$K$4) -> 0 | M45: =SUMIFS(출고요청서_raw!$V:$V,출고요청서_raw!$Q:$Q,매출요약!$D45,출고요청서_raw!$R:$R,매출요약!$M$4) -> 0 | N45: =SUMIFS(출고요청서_raw!$W:$W,출고요청서_raw!$Q:$Q,매출요약!$D45,출고요청서_raw!$R:$R,매출요약!$M$4) -> 0 | O45: =SUMIFS(출고요청서_raw!$V:$V,출고요청서_raw!$Q:$Q,매출요약!$D45,출고요청서_raw!$R:$R,매출요약!$O$4) -> 0 | P45: =SUMIFS(출고요청서_raw!$W:$W,출고요청서_raw!$Q:$Q,매출요약!$D45,출고요청서_raw!$R:$R,매출요약!$O$4) -> 0 | Q45: =SUMIFS(출고요청서_raw!$V:$V,출고요청서_raw!$Q:$Q,매출요약!$D45,출고요청서_raw!$R:$R,매출요약!$Q$4) -> 0 | R45: =SUMIFS(출고요청서_raw!$W:$W,출고요청서_raw!$Q:$Q,매출요약!$D45,출고요청서_raw!$R:$R,매출요약!$Q$4) -> 0
D46: 46092 | E46: =SUM(G46,I46,K46,M46,Q46) -> 0 | F46: =SUM(H46,J46,L46,N46,R46) -> 0 | G46: =SUMIF(SK스토아_raw!$AM:$AM,매출요약!$D46,SK스토아_raw!$AQ:$AQ) -> 0 | H46: =SUMIF(SK스토아_raw!$AM:$AM,$D46,SK스토아_raw!$AN:$AN) -> 0 | I46: =SUMIFS(출고요청서_raw!$V:$V,출고요청서_raw!$Q:$Q,매출요약!$D46,출고요청서_raw!$R:$R,매출요약!$I$4) -> 0 | J46: =SUMIFS(출고요청서_raw!$W:$W,출고요청서_raw!$Q:$Q,매출요약!$D46,출고요청서_raw!$R:$R,매출요약!$I$4) -> 0 | K46: =SUMIFS(출고요청서_raw!$V:$V,출고요청서_raw!$Q:$Q,매출요약!$D46,출고요청서_raw!$R:$R,매출요약!$K$4) -> 0 | L46: =SUMIFS(출고요청서_raw!$W:$W,출고요청서_raw!$Q:$Q,매출요약!$D46,출고요청서_raw!$R:$R,매출요약!$K$4) -> 0 | M46: =SUMIFS(출고요청서_raw!$V:$V,출고요청서_raw!$Q:$Q,매출요약!$D46,출고요청서_raw!$R:$R,매출요약!$M$4) -> 0 | N46: =SUMIFS(출고요청서_raw!$W:$W,출고요청서_raw!$Q:$Q,매출요약!$D46,출고요청서_raw!$R:$R,매출요약!$M$4) -> 0 | O46: =SUMIFS(출고요청서_raw!$V:$V,출고요청서_raw!$Q:$Q,매출요약!$D46,출고요청서_raw!$R:$R,매출요약!$O$4) -> 0 | P46: =SUMIFS(출고요청서_raw!$W:$W,출고요청서_raw!$Q:$Q,매출요약!$D46,출고요청서_raw!$R:$R,매출요약!$O$4) -> 0 | Q46: =SUMIFS(출고요청서_raw!$V:$V,출고요청서_raw!$Q:$Q,매출요약!$D46,출고요청서_raw!$R:$R,매출요약!$Q$4) -> 0 | R46: =SUMIFS(출고요청서_raw!$W:$W,출고요청서_raw!$Q:$Q,매출요약!$D46,출고요청서_raw!$R:$R,매출요약!$Q$4) -> 0
D47: 46093 | E47: =SUM(G47,I47,K47,M47,Q47) -> 0 | F47: =SUM(H47,J47,L47,N47,R47) -> 0 | G47: =SUMIF(SK스토아_raw!$AM:$AM,매출요약!$D47,SK스토아_raw!$AQ:$AQ) -> 0 | H47: =SUMIF(SK스토아_raw!$AM:$AM,$D47,SK스토아_raw!$AN:$AN) -> 0 | I47: =SUMIFS(출고요청서_raw!$V:$V,출고요청서_raw!$Q:$Q,매출요약!$D47,출고요청서_raw!$R:$R,매출요약!$I$4) -> 0 | J47: =SUMIFS(출고요청서_raw!$W:$W,출고요청서_raw!$Q:$Q,매출요약!$D47,출고요청서_raw!$R:$R,매출요약!$I$4) -> 0 | K47: =SUMIFS(출고요청서_raw!$V:$V,출고요청서_raw!$Q:$Q,매출요약!$D47,출고요청서_raw!$R:$R,매출요약!$K$4) -> 0 | L47: =SUMIFS(출고요청서_raw!$W:$W,출고요청서_raw!$Q:$Q,매출요약!$D47,출고요청서_raw!$R:$R,매출요약!$K$4) -> 0 | M47: =SUMIFS(출고요청서_raw!$V:$V,출고요청서_raw!$Q:$Q,매출요약!$D47,출고요청서_raw!$R:$R,매출요약!$M$4) -> 0 | N47: =SUMIFS(출고요청서_raw!$W:$W,출고요청서_raw!$Q:$Q,매출요약!$D47,출고요청서_raw!$R:$R,매출요약!$M$4) -> 0 | O47: =SUMIFS(출고요청서_raw!$V:$V,출고요청서_raw!$Q:$Q,매출요약!$D47,출고요청서_raw!$R:$R,매출요약!$O$4) -> 0 | P47: =SUMIFS(출고요청서_raw!$W:$W,출고요청서_raw!$Q:$Q,매출요약!$D47,출고요청서_raw!$R:$R,매출요약!$O$4) -> 0 | Q47: =SUMIFS(출고요청서_raw!$V:$V,출고요청서_raw!$Q:$Q,매출요약!$D47,출고요청서_raw!$R:$R,매출요약!$Q$4) -> 0 | R47: =SUMIFS(출고요청서_raw!$W:$W,출고요청서_raw!$Q:$Q,매출요약!$D47,출고요청서_raw!$R:$R,매출요약!$Q$4) -> 0
D48: 46094 | E48: =SUM(G48,I48,K48,M48,Q48) -> 0 | F48: =SUM(H48,J48,L48,N48,R48) -> 0 | G48: =SUMIF(SK스토아_raw!$AM:$AM,매출요약!$D48,SK스토아_raw!$AQ:$AQ) -> 0 | H48: =SUMIF(SK스토아_raw!$AM:$AM,$D48,SK스토아_raw!$AN:$AN) -> 0 | I48: =SUMIFS(출고요청서_raw!$V:$V,출고요청서_raw!$Q:$Q,매출요약!$D48,출고요청서_raw!$R:$R,매출요약!$I$4) -> 0 | J48: =SUMIFS(출고요청서_raw!$W:$W,출고요청서_raw!$Q:$Q,매출요약!$D48,출고요청서_raw!$R:$R,매출요약!$I$4) -> 0 | K48: =SUMIFS(출고요청서_raw!$V:$V,출고요청서_raw!$Q:$Q,매출요약!$D48,출고요청서_raw!$R:$R,매출요약!$K$4) -> 0 | L48: =SUMIFS(출고요청서_raw!$W:$W,출고요청서_raw!$Q:$Q,매출요약!$D48,출고요청서_raw!$R:$R,매출요약!$K$4) -> 0 | M48: =SUMIFS(출고요청서_raw!$V:$V,출고요청서_raw!$Q:$Q,매출요약!$D48,출고요청서_raw!$R:$R,매출요약!$M$4) -> 0 | N48: =SUMIFS(출고요청서_raw!$W:$W,출고요청서_raw!$Q:$Q,매출요약!$D48,출고요청서_raw!$R:$R,매출요약!$M$4) -> 0 | O48: =SUMIFS(출고요청서_raw!$V:$V,출고요청서_raw!$Q:$Q,매출요약!$D48,출고요청서_raw!$R:$R,매출요약!$O$4) -> 0 | P48: =SUMIFS(출고요청서_raw!$W:$W,출고요청서_raw!$Q:$Q,매출요약!$D48,출고요청서_raw!$R:$R,매출요약!$O$4) -> 0 | Q48: =SUMIFS(출고요청서_raw!$V:$V,출고요청서_raw!$Q:$Q,매출요약!$D48,출고요청서_raw!$R:$R,매출요약!$Q$4) -> 0 | R48: =SUMIFS(출고요청서_raw!$W:$W,출고요청서_raw!$Q:$Q,매출요약!$D48,출고요청서_raw!$R:$R,매출요약!$Q$4) -> 0
D49: 46095 | E49: =SUM(G49,I49,K49,M49,Q49) -> 0 | F49: =SUM(H49,J49,L49,N49,R49) -> 0 | G49: =SUMIF(SK스토아_raw!$AM:$AM,매출요약!$D49,SK스토아_raw!$AQ:$AQ) -> 0 | H49: =SUMIF(SK스토아_raw!$AM:$AM,$D49,SK스토아_raw!$AN:$AN) -> 0 | I49: =SUMIFS(출고요청서_raw!$V:$V,출고요청서_raw!$Q:$Q,매출요약!$D49,출고요청서_raw!$R:$R,매출요약!$I$4) -> 0 | J49: =SUMIFS(출고요청서_raw!$W:$W,출고요청서_raw!$Q:$Q,매출요약!$D49,출고요청서_raw!$R:$R,매출요약!$I$4) -> 0 | K49: =SUMIFS(출고요청서_raw!$V:$V,출고요청서_raw!$Q:$Q,매출요약!$D49,출고요청서_raw!$R:$R,매출요약!$K$4) -> 0 | L49: =SUMIFS(출고요청서_raw!$W:$W,출고요청서_raw!$Q:$Q,매출요약!$D49,출고요청서_raw!$R:$R,매출요약!$K$4) -> 0 | M49: =SUMIFS(출고요청서_raw!$V:$V,출고요청서_raw!$Q:$Q,매출요약!$D49,출고요청서_raw!$R:$R,매출요약!$M$4) -> 0 | N49: =SUMIFS(출고요청서_raw!$W:$W,출고요청서_raw!$Q:$Q,매출요약!$D49,출고요청서_raw!$R:$R,매출요약!$M$4) -> 0 | O49: =SUMIFS(출고요청서_raw!$V:$V,출고요청서_raw!$Q:$Q,매출요약!$D49,출고요청서_raw!$R:$R,매출요약!$O$4) -> 0 | P49: =SUMIFS(출고요청서_raw!$W:$W,출고요청서_raw!$Q:$Q,매출요약!$D49,출고요청서_raw!$R:$R,매출요약!$O$4) -> 0 | Q49: =SUMIFS(출고요청서_raw!$V:$V,출고요청서_raw!$Q:$Q,매출요약!$D49,출고요청서_raw!$R:$R,매출요약!$Q$4) -> 0 | R49: =SUMIFS(출고요청서_raw!$W:$W,출고요청서_raw!$Q:$Q,매출요약!$D49,출고요청서_raw!$R:$R,매출요약!$Q$4) -> 0
D50: 46096 | E50: =SUM(G50,I50,K50,M50,Q50) -> 0 | F50: =SUM(H50,J50,L50,N50,R50) -> 0 | G50: =SUMIF(SK스토아_raw!$AM:$AM,매출요약!$D50,SK스토아_raw!$AQ:$AQ) -> 0 | H50: =SUMIF(SK스토아_raw!$AM:$AM,$D50,SK스토아_raw!$AN:$AN) -> 0 | I50: =SUMIFS(출고요청서_raw!$V:$V,출고요청서_raw!$Q:$Q,매출요약!$D50,출고요청서_raw!$R:$R,매출요약!$I$4) -> 0 | J50: =SUMIFS(출고요청서_raw!$W:$W,출고요청서_raw!$Q:$Q,매출요약!$D50,출고요청서_raw!$R:$R,매출요약!$I$4) -> 0 | K50: =SUMIFS(출고요청서_raw!$V:$V,출고요청서_raw!$Q:$Q,매출요약!$D50,출고요청서_raw!$R:$R,매출요약!$K$4) -> 0 | L50: =SUMIFS(출고요청서_raw!$W:$W,출고요청서_raw!$Q:$Q,매출요약!$D50,출고요청서_raw!$R:$R,매출요약!$K$4) -> 0 | M50: =SUMIFS(출고요청서_raw!$V:$V,출고요청서_raw!$Q:$Q,매출요약!$D50,출고요청서_raw!$R:$R,매출요약!$M$4) -> 0 | N50: =SUMIFS(출고요청서_raw!$W:$W,출고요청서_raw!$Q:$Q,매출요약!$D50,출고요청서_raw!$R:$R,매출요약!$M$4) -> 0 | O50: =SUMIFS(출고요청서_raw!$V:$V,출고요청서_raw!$Q:$Q,매출요약!$D50,출고요청서_raw!$R:$R,매출요약!$O$4) -> 0 | P50: =SUMIFS(출고요청서_raw!$W:$W,출고요청서_raw!$Q:$Q,매출요약!$D50,출고요청서_raw!$R:$R,매출요약!$O$4) -> 0 | Q50: =SUMIFS(출고요청서_raw!$V:$V,출고요청서_raw!$Q:$Q,매출요약!$D50,출고요청서_raw!$R:$R,매출요약!$Q$4) -> 0 | R50: =SUMIFS(출고요청서_raw!$W:$W,출고요청서_raw!$Q:$Q,매출요약!$D50,출고요청서_raw!$R:$R,매출요약!$Q$4) -> 0
C51: W12 | D51: 46097 | E51: =SUM(G51,I51,K51,M51,Q51) -> 0 | F51: =SUM(H51,J51,L51,N51,R51) -> 0 | G51: =SUMIF(SK스토아_raw!$AM:$AM,매출요약!$D51,SK스토아_raw!$AQ:$AQ) -> 0 | H51: =SUMIF(SK스토아_raw!$AM:$AM,$D51,SK스토아_raw!$AN:$AN) -> 0 | I51: =SUMIFS(출고요청서_raw!$V:$V,출고요청서_raw!$Q:$Q,매출요약!$D51,출고요청서_raw!$R:$R,매출요약!$I$4) -> 0 | J51: =SUMIFS(출고요청서_raw!$W:$W,출고요청서_raw!$Q:$Q,매출요약!$D51,출고요청서_raw!$R:$R,매출요약!$I$4) -> 0 | K51: =SUMIFS(출고요청서_raw!$V:$V,출고요청서_raw!$Q:$Q,매출요약!$D51,출고요청서_raw!$R:$R,매출요약!$K$4) -> 0 | L51: =SUMIFS(출고요청서_raw!$W:$W,출고요청서_raw!$Q:$Q,매출요약!$D51,출고요청서_raw!$R:$R,매출요약!$K$4) -> 0 | M51: =SUMIFS(출고요청서_raw!$V:$V,출고요청서_raw!$Q:$Q,매출요약!$D51,출고요청서_raw!$R:$R,매출요약!$M$4) -> 0 | N51: =SUMIFS(출고요청서_raw!$W:$W,출고요청서_raw!$Q:$Q,매출요약!$D51,출고요청서_raw!$R:$R,매출요약!$M$4) -> 0 | O51: =SUMIFS(출고요청서_raw!$V:$V,출고요청서_raw!$Q:$Q,매출요약!$D51,출고요청서_raw!$R:$R,매출요약!$O$4) -> 0 | P51: =SUMIFS(출고요청서_raw!$W:$W,출고요청서_raw!$Q:$Q,매출요약!$D51,출고요청서_raw!$R:$R,매출요약!$O$4) -> 0 | Q51: =SUMIFS(출고요청서_raw!$V:$V,출고요청서_raw!$Q:$Q,매출요약!$D51,출고요청서_raw!$R:$R,매출요약!$Q$4) -> 0 | R51: =SUMIFS(출고요청서_raw!$W:$W,출고요청서_raw!$Q:$Q,매출요약!$D51,출고요청서_raw!$R:$R,매출요약!$Q$4) -> 0
D52: 46098 | E52: =SUM(G52,I52,K52,M52,Q52) -> 0 | F52: =SUM(H52,J52,L52,N52,R52) -> 0 | G52: =SUMIF(SK스토아_raw!$AM:$AM,매출요약!$D52,SK스토아_raw!$AQ:$AQ) -> 0 | H52: =SUMIF(SK스토아_raw!$AM:$AM,$D52,SK스토아_raw!$AN:$AN) -> 0 | I52: =SUMIFS(출고요청서_raw!$V:$V,출고요청서_raw!$Q:$Q,매출요약!$D52,출고요청서_raw!$R:$R,매출요약!$I$4) -> 0 | J52: =SUMIFS(출고요청서_raw!$W:$W,출고요청서_raw!$Q:$Q,매출요약!$D52,출고요청서_raw!$R:$R,매출요약!$I$4) -> 0 | K52: =SUMIFS(출고요청서_raw!$V:$V,출고요청서_raw!$Q:$Q,매출요약!$D52,출고요청서_raw!$R:$R,매출요약!$K$4) -> 0 | L52: =SUMIFS(출고요청서_raw!$W:$W,출고요청서_raw!$Q:$Q,매출요약!$D52,출고요청서_raw!$R:$R,매출요약!$K$4) -> 0 | M52: =SUMIFS(출고요청서_raw!$V:$V,출고요청서_raw!$Q:$Q,매출요약!$D52,출고요청서_raw!$R:$R,매출요약!$M$4) -> 0 | N52: =SUMIFS(출고요청서_raw!$W:$W,출고요청서_raw!$Q:$Q,매출요약!$D52,출고요청서_raw!$R:$R,매출요약!$M$4) -> 0 | O52: =SUMIFS(출고요청서_raw!$V:$V,출고요청서_raw!$Q:$Q,매출요약!$D52,출고요청서_raw!$R:$R,매출요약!$O$4) -> 0 | P52: =SUMIFS(출고요청서_raw!$W:$W,출고요청서_raw!$Q:$Q,매출요약!$D52,출고요청서_raw!$R:$R,매출요약!$O$4) -> 0 | Q52: =SUMIFS(출고요청서_raw!$V:$V,출고요청서_raw!$Q:$Q,매출요약!$D52,출고요청서_raw!$R:$R,매출요약!$Q$4) -> 0 | R52: =SUMIFS(출고요청서_raw!$W:$W,출고요청서_raw!$Q:$Q,매출요약!$D52,출고요청서_raw!$R:$R,매출요약!$Q$4) -> 0
D53: 46099 | E53: =SUM(G53,I53,K53,M53,Q53) -> 0 | F53: =SUM(H53,J53,L53,N53,R53) -> 0 | G53: =SUMIF(SK스토아_raw!$AM:$AM,매출요약!$D53,SK스토아_raw!$AQ:$AQ) -> 0 | H53: =SUMIF(SK스토아_raw!$AM:$AM,$D53,SK스토아_raw!$AN:$AN) -> 0 | I53: =SUMIFS(출고요청서_raw!$V:$V,출고요청서_raw!$Q:$Q,매출요약!$D53,출고요청서_raw!$R:$R,매출요약!$I$4) -> 0 | J53: =SUMIFS(출고요청서_raw!$W:$W,출고요청서_raw!$Q:$Q,매출요약!$D53,출고요청서_raw!$R:$R,매출요약!$I$4) -> 0 | K53: =SUMIFS(출고요청서_raw!$V:$V,출고요청서_raw!$Q:$Q,매출요약!$D53,출고요청서_raw!$R:$R,매출요약!$K$4) -> 0 | L53: =SUMIFS(출고요청서_raw!$W:$W,출고요청서_raw!$Q:$Q,매출요약!$D53,출고요청서_raw!$R:$R,매출요약!$K$4) -> 0 | M53: =SUMIFS(출고요청서_raw!$V:$V,출고요청서_raw!$Q:$Q,매출요약!$D53,출고요청서_raw!$R:$R,매출요약!$M$4) -> 0 | N53: =SUMIFS(출고요청서_raw!$W:$W,출고요청서_raw!$Q:$Q,매출요약!$D53,출고요청서_raw!$R:$R,매출요약!$M$4) -> 0 | O53: =SUMIFS(출고요청서_raw!$V:$V,출고요청서_raw!$Q:$Q,매출요약!$D53,출고요청서_raw!$R:$R,매출요약!$O$4) -> 0 | P53: =SUMIFS(출고요청서_raw!$W:$W,출고요청서_raw!$Q:$Q,매출요약!$D53,출고요청서_raw!$R:$R,매출요약!$O$4) -> 0 | Q53: =SUMIFS(출고요청서_raw!$V:$V,출고요청서_raw!$Q:$Q,매출요약!$D53,출고요청서_raw!$R:$R,매출요약!$Q$4) -> 0 | R53: =SUMIFS(출고요청서_raw!$W:$W,출고요청서_raw!$Q:$Q,매출요약!$D53,출고요청서_raw!$R:$R,매출요약!$Q$4) -> 0
D54: 46100 | E54: =SUM(G54,I54,K54,M54,Q54) -> 0 | F54: =SUM(H54,J54,L54,N54,R54) -> 0 | G54: =SUMIF(SK스토아_raw!$AM:$AM,매출요약!$D54,SK스토아_raw!$AQ:$AQ) -> 0 | H54: =SUMIF(SK스토아_raw!$AM:$AM,$D54,SK스토아_raw!$AN:$AN) -> 0 | I54: =SUMIFS(출고요청서_raw!$V:$V,출고요청서_raw!$Q:$Q,매출요약!$D54,출고요청서_raw!$R:$R,매출요약!$I$4) -> 0 | J54: =SUMIFS(출고요청서_raw!$W:$W,출고요청서_raw!$Q:$Q,매출요약!$D54,출고요청서_raw!$R:$R,매출요약!$I$4) -> 0 | K54: =SUMIFS(출고요청서_raw!$V:$V,출고요청서_raw!$Q:$Q,매출요약!$D54,출고요청서_raw!$R:$R,매출요약!$K$4) -> 0 | L54: =SUMIFS(출고요청서_raw!$W:$W,출고요청서_raw!$Q:$Q,매출요약!$D54,출고요청서_raw!$R:$R,매출요약!$K$4) -> 0 | M54: =SUMIFS(출고요청서_raw!$V:$V,출고요청서_raw!$Q:$Q,매출요약!$D54,출고요청서_raw!$R:$R,매출요약!$M$4) -> 0 | N54: =SUMIFS(출고요청서_raw!$W:$W,출고요청서_raw!$Q:$Q,매출요약!$D54,출고요청서_raw!$R:$R,매출요약!$M$4) -> 0 | O54: =SUMIFS(출고요청서_raw!$V:$V,출고요청서_raw!$Q:$Q,매출요약!$D54,출고요청서_raw!$R:$R,매출요약!$O$4) -> 0 | P54: =SUMIFS(출고요청서_raw!$W:$W,출고요청서_raw!$Q:$Q,매출요약!$D54,출고요청서_raw!$R:$R,매출요약!$O$4) -> 0 | Q54: =SUMIFS(출고요청서_raw!$V:$V,출고요청서_raw!$Q:$Q,매출요약!$D54,출고요청서_raw!$R:$R,매출요약!$Q$4) -> 0 | R54: =SUMIFS(출고요청서_raw!$W:$W,출고요청서_raw!$Q:$Q,매출요약!$D54,출고요청서_raw!$R:$R,매출요약!$Q$4) -> 0
D55: 46101 | E55: =SUM(G55,I55,K55,M55,Q55) -> 0 | F55: =SUM(H55,J55,L55,N55,R55) -> 0 | G55: =SUMIF(SK스토아_raw!$AM:$AM,매출요약!$D55,SK스토아_raw!$AQ:$AQ) -> 0 | H55: =SUMIF(SK스토아_raw!$AM:$AM,$D55,SK스토아_raw!$AN:$AN) -> 0 | I55: =SUMIFS(출고요청서_raw!$V:$V,출고요청서_raw!$Q:$Q,매출요약!$D55,출고요청서_raw!$R:$R,매출요약!$I$4) -> 0 | J55: =SUMIFS(출고요청서_raw!$W:$W,출고요청서_raw!$Q:$Q,매출요약!$D55,출고요청서_raw!$R:$R,매출요약!$I$4) -> 0 | K55: =SUMIFS(출고요청서_raw!$V:$V,출고요청서_raw!$Q:$Q,매출요약!$D55,출고요청서_raw!$R:$R,매출요약!$K$4) -> 0 | L55: =SUMIFS(출고요청서_raw!$W:$W,출고요청서_raw!$Q:$Q,매출요약!$D55,출고요청서_raw!$R:$R,매출요약!$K$4) -> 0 | M55: =SUMIFS(출고요청서_raw!$V:$V,출고요청서_raw!$Q:$Q,매출요약!$D55,출고요청서_raw!$R:$R,매출요약!$M$4) -> 0 | N55: =SUMIFS(출고요청서_raw!$W:$W,출고요청서_raw!$Q:$Q,매출요약!$D55,출고요청서_raw!$R:$R,매출요약!$M$4) -> 0 | O55: =SUMIFS(출고요청서_raw!$V:$V,출고요청서_raw!$Q:$Q,매출요약!$D55,출고요청서_raw!$R:$R,매출요약!$O$4) -> 0 | P55: =SUMIFS(출고요청서_raw!$W:$W,출고요청서_raw!$Q:$Q,매출요약!$D55,출고요청서_raw!$R:$R,매출요약!$O$4) -> 0 | Q55: =SUMIFS(출고요청서_raw!$V:$V,출고요청서_raw!$Q:$Q,매출요약!$D55,출고요청서_raw!$R:$R,매출요약!$Q$4) -> 0 | R55: =SUMIFS(출고요청서_raw!$W:$W,출고요청서_raw!$Q:$Q,매출요약!$D55,출고요청서_raw!$R:$R,매출요약!$Q$4) -> 0
D56: 46102 | E56: =SUM(G56,I56,K56,M56,Q56) -> 0 | F56: =SUM(H56,J56,L56,N56,R56) -> 0 | G56: =SUMIF(SK스토아_raw!$AM:$AM,매출요약!$D56,SK스토아_raw!$AQ:$AQ) -> 0 | H56: =SUMIF(SK스토아_raw!$AM:$AM,$D56,SK스토아_raw!$AN:$AN) -> 0 | I56: =SUMIFS(출고요청서_raw!$V:$V,출고요청서_raw!$Q:$Q,매출요약!$D56,출고요청서_raw!$R:$R,매출요약!$I$4) -> 0 | J56: =SUMIFS(출고요청서_raw!$W:$W,출고요청서_raw!$Q:$Q,매출요약!$D56,출고요청서_raw!$R:$R,매출요약!$I$4) -> 0 | K56: =SUMIFS(출고요청서_raw!$V:$V,출고요청서_raw!$Q:$Q,매출요약!$D56,출고요청서_raw!$R:$R,매출요약!$K$4) -> 0 | L56: =SUMIFS(출고요청서_raw!$W:$W,출고요청서_raw!$Q:$Q,매출요약!$D56,출고요청서_raw!$R:$R,매출요약!$K$4) -> 0 | M56: =SUMIFS(출고요청서_raw!$V:$V,출고요청서_raw!$Q:$Q,매출요약!$D56,출고요청서_raw!$R:$R,매출요약!$M$4) -> 0 | N56: =SUMIFS(출고요청서_raw!$W:$W,출고요청서_raw!$Q:$Q,매출요약!$D56,출고요청서_raw!$R:$R,매출요약!$M$4) -> 0 | O56: =SUMIFS(출고요청서_raw!$V:$V,출고요청서_raw!$Q:$Q,매출요약!$D56,출고요청서_raw!$R:$R,매출요약!$O$4) -> 0 | P56: =SUMIFS(출고요청서_raw!$W:$W,출고요청서_raw!$Q:$Q,매출요약!$D56,출고요청서_raw!$R:$R,매출요약!$O$4) -> 0 | Q56: =SUMIFS(출고요청서_raw!$V:$V,출고요청서_raw!$Q:$Q,매출요약!$D56,출고요청서_raw!$R:$R,매출요약!$Q$4) -> 0 | R56: =SUMIFS(출고요청서_raw!$W:$W,출고요청서_raw!$Q:$Q,매출요약!$D56,출고요청서_raw!$R:$R,매출요약!$Q$4) -> 0
D57: 46103 | E57: =SUM(G57,I57,K57,M57,Q57) -> 0 | F57: =SUM(H57,J57,L57,N57,R57) -> 0 | G57: =SUMIF(SK스토아_raw!$AM:$AM,매출요약!$D57,SK스토아_raw!$AQ:$AQ) -> 0 | H57: =SUMIF(SK스토아_raw!$AM:$AM,$D57,SK스토아_raw!$AN:$AN) -> 0 | I57: =SUMIFS(출고요청서_raw!$V:$V,출고요청서_raw!$Q:$Q,매출요약!$D57,출고요청서_raw!$R:$R,매출요약!$I$4) -> 0 | J57: =SUMIFS(출고요청서_raw!$W:$W,출고요청서_raw!$Q:$Q,매출요약!$D57,출고요청서_raw!$R:$R,매출요약!$I$4) -> 0 | K57: =SUMIFS(출고요청서_raw!$V:$V,출고요청서_raw!$Q:$Q,매출요약!$D57,출고요청서_raw!$R:$R,매출요약!$K$4) -> 0 | L57: =SUMIFS(출고요청서_raw!$W:$W,출고요청서_raw!$Q:$Q,매출요약!$D57,출고요청서_raw!$R:$R,매출요약!$K$4) -> 0 | M57: =SUMIFS(출고요청서_raw!$V:$V,출고요청서_raw!$Q:$Q,매출요약!$D57,출고요청서_raw!$R:$R,매출요약!$M$4) -> 0 | N57: =SUMIFS(출고요청서_raw!$W:$W,출고요청서_raw!$Q:$Q,매출요약!$D57,출고요청서_raw!$R:$R,매출요약!$M$4) -> 0 | O57: =SUMIFS(출고요청서_raw!$V:$V,출고요청서_raw!$Q:$Q,매출요약!$D57,출고요청서_raw!$R:$R,매출요약!$O$4) -> 0 | P57: =SUMIFS(출고요청서_raw!$W:$W,출고요청서_raw!$Q:$Q,매출요약!$D57,출고요청서_raw!$R:$R,매출요약!$O$4) -> 0 | Q57: =SUMIFS(출고요청서_raw!$V:$V,출고요청서_raw!$Q:$Q,매출요약!$D57,출고요청서_raw!$R:$R,매출요약!$Q$4) -> 0 | R57: =SUMIFS(출고요청서_raw!$W:$W,출고요청서_raw!$Q:$Q,매출요약!$D57,출고요청서_raw!$R:$R,매출요약!$Q$4) -> 0
C58: W13 | D58: 46104 | E58: =SUM(G58,I58,K58,M58,Q58) -> 0 | F58: =SUM(H58,J58,L58,N58,R58) -> 0 | G58: =SUMIF(SK스토아_raw!$AM:$AM,매출요약!$D58,SK스토아_raw!$AQ:$AQ) -> 0 | H58: =SUMIF(SK스토아_raw!$AM:$AM,$D58,SK스토아_raw!$AN:$AN) -> 0 | I58: =SUMIFS(출고요청서_raw!$V:$V,출고요청서_raw!$Q:$Q,매출요약!$D58,출고요청서_raw!$R:$R,매출요약!$I$4) -> 0 | J58: =SUMIFS(출고요청서_raw!$W:$W,출고요청서_raw!$Q:$Q,매출요약!$D58,출고요청서_raw!$R:$R,매출요약!$I$4) -> 0 | K58: =SUMIFS(출고요청서_raw!$V:$V,출고요청서_raw!$Q:$Q,매출요약!$D58,출고요청서_raw!$R:$R,매출요약!$K$4) -> 0 | L58: =SUMIFS(출고요청서_raw!$W:$W,출고요청서_raw!$Q:$Q,매출요약!$D58,출고요청서_raw!$R:$R,매출요약!$K$4) -> 0 | M58: =SUMIFS(출고요청서_raw!$V:$V,출고요청서_raw!$Q:$Q,매출요약!$D58,출고요청서_raw!$R:$R,매출요약!$M$4) -> 0 | N58: =SUMIFS(출고요청서_raw!$W:$W,출고요청서_raw!$Q:$Q,매출요약!$D58,출고요청서_raw!$R:$R,매출요약!$M$4) -> 0 | O58: =SUMIFS(출고요청서_raw!$V:$V,출고요청서_raw!$Q:$Q,매출요약!$D58,출고요청서_raw!$R:$R,매출요약!$O$4) -> 0 | P58: =SUMIFS(출고요청서_raw!$W:$W,출고요청서_raw!$Q:$Q,매출요약!$D58,출고요청서_raw!$R:$R,매출요약!$O$4) -> 0 | Q58: =SUMIFS(출고요청서_raw!$V:$V,출고요청서_raw!$Q:$Q,매출요약!$D58,출고요청서_raw!$R:$R,매출요약!$Q$4) -> 0 | R58: =SUMIFS(출고요청서_raw!$W:$W,출고요청서_raw!$Q:$Q,매출요약!$D58,출고요청서_raw!$R:$R,매출요약!$Q$4) -> 0
D59: 46105 | E59: =SUM(G59,I59,K59,M59,Q59) -> 0 | F59: =SUM(H59,J59,L59,N59,R59) -> 0 | G59: =SUMIF(SK스토아_raw!$AM:$AM,매출요약!$D59,SK스토아_raw!$AQ:$AQ) -> 0 | H59: =SUMIF(SK스토아_raw!$AM:$AM,$D59,SK스토아_raw!$AN:$AN) -> 0 | I59: =SUMIFS(출고요청서_raw!$V:$V,출고요청서_raw!$Q:$Q,매출요약!$D59,출고요청서_raw!$R:$R,매출요약!$I$4) -> 0 | J59: =SUMIFS(출고요청서_raw!$W:$W,출고요청서_raw!$Q:$Q,매출요약!$D59,출고요청서_raw!$R:$R,매출요약!$I$4) -> 0 | K59: =SUMIFS(출고요청서_raw!$V:$V,출고요청서_raw!$Q:$Q,매출요약!$D59,출고요청서_raw!$R:$R,매출요약!$K$4) -> 0 | L59: =SUMIFS(출고요청서_raw!$W:$W,출고요청서_raw!$Q:$Q,매출요약!$D59,출고요청서_raw!$R:$R,매출요약!$K$4) -> 0 | M59: =SUMIFS(출고요청서_raw!$V:$V,출고요청서_raw!$Q:$Q,매출요약!$D59,출고요청서_raw!$R:$R,매출요약!$M$4) -> 0 | N59: =SUMIFS(출고요청서_raw!$W:$W,출고요청서_raw!$Q:$Q,매출요약!$D59,출고요청서_raw!$R:$R,매출요약!$M$4) -> 0 | O59: =SUMIFS(출고요청서_raw!$V:$V,출고요청서_raw!$Q:$Q,매출요약!$D59,출고요청서_raw!$R:$R,매출요약!$O$4) -> 0 | P59: =SUMIFS(출고요청서_raw!$W:$W,출고요청서_raw!$Q:$Q,매출요약!$D59,출고요청서_raw!$R:$R,매출요약!$O$4) -> 0 | Q59: =SUMIFS(출고요청서_raw!$V:$V,출고요청서_raw!$Q:$Q,매출요약!$D59,출고요청서_raw!$R:$R,매출요약!$Q$4) -> 0 | R59: =SUMIFS(출고요청서_raw!$W:$W,출고요청서_raw!$Q:$Q,매출요약!$D59,출고요청서_raw!$R:$R,매출요약!$Q$4) -> 0
D60: 46106 | E60: =SUM(G60,I60,K60,M60,Q60) -> 0 | F60: =SUM(H60,J60,L60,N60,R60) -> 0 | G60: =SUMIF(SK스토아_raw!$AM:$AM,매출요약!$D60,SK스토아_raw!$AQ:$AQ) -> 0 | H60: =SUMIF(SK스토아_raw!$AM:$AM,$D60,SK스토아_raw!$AN:$AN) -> 0 | I60: =SUMIFS(출고요청서_raw!$V:$V,출고요청서_raw!$Q:$Q,매출요약!$D60,출고요청서_raw!$R:$R,매출요약!$I$4) -> 0 | J60: =SUMIFS(출고요청서_raw!$W:$W,출고요청서_raw!$Q:$Q,매출요약!$D60,출고요청서_raw!$R:$R,매출요약!$I$4) -> 0 | K60: =SUMIFS(출고요청서_raw!$V:$V,출고요청서_raw!$Q:$Q,매출요약!$D60,출고요청서_raw!$R:$R,매출요약!$K$4) -> 0 | L60: =SUMIFS(출고요청서_raw!$W:$W,출고요청서_raw!$Q:$Q,매출요약!$D60,출고요청서_raw!$R:$R,매출요약!$K$4) -> 0 | M60: =SUMIFS(출고요청서_raw!$V:$V,출고요청서_raw!$Q:$Q,매출요약!$D60,출고요청서_raw!$R:$R,매출요약!$M$4) -> 0 | N60: =SUMIFS(출고요청서_raw!$W:$W,출고요청서_raw!$Q:$Q,매출요약!$D60,출고요청서_raw!$R:$R,매출요약!$M$4) -> 0 | O60: =SUMIFS(출고요청서_raw!$V:$V,출고요청서_raw!$Q:$Q,매출요약!$D60,출고요청서_raw!$R:$R,매출요약!$O$4) -> 0 | P60: =SUMIFS(출고요청서_raw!$W:$W,출고요청서_raw!$Q:$Q,매출요약!$D60,출고요청서_raw!$R:$R,매출요약!$O$4) -> 0 | Q60: =SUMIFS(출고요청서_raw!$V:$V,출고요청서_raw!$Q:$Q,매출요약!$D60,출고요청서_raw!$R:$R,매출요약!$Q$4) -> 0 | R60: =SUMIFS(출고요청서_raw!$W:$W,출고요청서_raw!$Q:$Q,매출요약!$D60,출고요청서_raw!$R:$R,매출요약!$Q$4) -> 0
D61: 46107 | E61: =SUM(G61,I61,K61,M61,Q61) -> 0 | F61: =SUM(H61,J61,L61,N61,R61) -> 0 | G61: =SUMIF(SK스토아_raw!$AM:$AM,매출요약!$D61,SK스토아_raw!$AQ:$AQ) -> 0 | H61: =SUMIF(SK스토아_raw!$AM:$AM,$D61,SK스토아_raw!$AN:$AN) -> 0 | I61: =SUMIFS(출고요청서_raw!$V:$V,출고요청서_raw!$Q:$Q,매출요약!$D61,출고요청서_raw!$R:$R,매출요약!$I$4) -> 0 | J61: =SUMIFS(출고요청서_raw!$W:$W,출고요청서_raw!$Q:$Q,매출요약!$D61,출고요청서_raw!$R:$R,매출요약!$I$4) -> 0 | K61: =SUMIFS(출고요청서_raw!$V:$V,출고요청서_raw!$Q:$Q,매출요약!$D61,출고요청서_raw!$R:$R,매출요약!$K$4) -> 0 | L61: =SUMIFS(출고요청서_raw!$W:$W,출고요청서_raw!$Q:$Q,매출요약!$D61,출고요청서_raw!$R:$R,매출요약!$K$4) -> 0 | M61: =SUMIFS(출고요청서_raw!$V:$V,출고요청서_raw!$Q:$Q,매출요약!$D61,출고요청서_raw!$R:$R,매출요약!$M$4) -> 0 | N61: =SUMIFS(출고요청서_raw!$W:$W,출고요청서_raw!$Q:$Q,매출요약!$D61,출고요청서_raw!$R:$R,매출요약!$M$4) -> 0 | O61: =SUMIFS(출고요청서_raw!$V:$V,출고요청서_raw!$Q:$Q,매출요약!$D61,출고요청서_raw!$R:$R,매출요약!$O$4) -> 0 | P61: =SUMIFS(출고요청서_raw!$W:$W,출고요청서_raw!$Q:$Q,매출요약!$D61,출고요청서_raw!$R:$R,매출요약!$O$4) -> 0 | Q61: =SUMIFS(출고요청서_raw!$V:$V,출고요청서_raw!$Q:$Q,매출요약!$D61,출고요청서_raw!$R:$R,매출요약!$Q$4) -> 0 | R61: =SUMIFS(출고요청서_raw!$W:$W,출고요청서_raw!$Q:$Q,매출요약!$D61,출고요청서_raw!$R:$R,매출요약!$Q$4) -> 0
D62: 46108 | E62: =SUM(G62,I62,K62,M62,Q62) -> 0 | F62: =SUM(H62,J62,L62,N62,R62) -> 0 | G62: =SUMIF(SK스토아_raw!$AM:$AM,매출요약!$D62,SK스토아_raw!$AQ:$AQ) -> 0 | H62: =SUMIF(SK스토아_raw!$AM:$AM,$D62,SK스토아_raw!$AN:$AN) -> 0 | I62: =SUMIFS(출고요청서_raw!$V:$V,출고요청서_raw!$Q:$Q,매출요약!$D62,출고요청서_raw!$R:$R,매출요약!$I$4) -> 0 | J62: =SUMIFS(출고요청서_raw!$W:$W,출고요청서_raw!$Q:$Q,매출요약!$D62,출고요청서_raw!$R:$R,매출요약!$I$4) -> 0 | K62: =SUMIFS(출고요청서_raw!$V:$V,출고요청서_raw!$Q:$Q,매출요약!$D62,출고요청서_raw!$R:$R,매출요약!$K$4) -> 0 | L62: =SUMIFS(출고요청서_raw!$W:$W,출고요청서_raw!$Q:$Q,매출요약!$D62,출고요청서_raw!$R:$R,매출요약!$K$4) -> 0 | M62: =SUMIFS(출고요청서_raw!$V:$V,출고요청서_raw!$Q:$Q,매출요약!$D62,출고요청서_raw!$R:$R,매출요약!$M$4) -> 0 | N62: =SUMIFS(출고요청서_raw!$W:$W,출고요청서_raw!$Q:$Q,매출요약!$D62,출고요청서_raw!$R:$R,매출요약!$M$4) -> 0 | O62: =SUMIFS(출고요청서_raw!$V:$V,출고요청서_raw!$Q:$Q,매출요약!$D62,출고요청서_raw!$R:$R,매출요약!$O$4) -> 0 | P62: =SUMIFS(출고요청서_raw!$W:$W,출고요청서_raw!$Q:$Q,매출요약!$D62,출고요청서_raw!$R:$R,매출요약!$O$4) -> 0 | Q62: =SUMIFS(출고요청서_raw!$V:$V,출고요청서_raw!$Q:$Q,매출요약!$D62,출고요청서_raw!$R:$R,매출요약!$Q$4) -> 0 | R62: =SUMIFS(출고요청서_raw!$W:$W,출고요청서_raw!$Q:$Q,매출요약!$D62,출고요청서_raw!$R:$R,매출요약!$Q$4) -> 0
D63: 46109 | E63: =SUM(G63,I63,K63,M63,Q63) -> 0 | F63: =SUM(H63,J63,L63,N63,R63) -> 0 | G63: =SUMIF(SK스토아_raw!$AM:$AM,매출요약!$D63,SK스토아_raw!$AQ:$AQ) -> 0 | H63: =SUMIF(SK스토아_raw!$AM:$AM,$D63,SK스토아_raw!$AN:$AN) -> 0 | I63: =SUMIFS(출고요청서_raw!$V:$V,출고요청서_raw!$Q:$Q,매출요약!$D63,출고요청서_raw!$R:$R,매출요약!$I$4) -> 0 | J63: =SUMIFS(출고요청서_raw!$W:$W,출고요청서_raw!$Q:$Q,매출요약!$D63,출고요청서_raw!$R:$R,매출요약!$I$4) -> 0 | K63: =SUMIFS(출고요청서_raw!$V:$V,출고요청서_raw!$Q:$Q,매출요약!$D63,출고요청서_raw!$R:$R,매출요약!$K$4) -> 0 | L63: =SUMIFS(출고요청서_raw!$W:$W,출고요청서_raw!$Q:$Q,매출요약!$D63,출고요청서_raw!$R:$R,매출요약!$K$4) -> 0 | M63: =SUMIFS(출고요청서_raw!$V:$V,출고요청서_raw!$Q:$Q,매출요약!$D63,출고요청서_raw!$R:$R,매출요약!$M$4) -> 0 | N63: =SUMIFS(출고요청서_raw!$W:$W,출고요청서_raw!$Q:$Q,매출요약!$D63,출고요청서_raw!$R:$R,매출요약!$M$4) -> 0 | O63: =SUMIFS(출고요청서_raw!$V:$V,출고요청서_raw!$Q:$Q,매출요약!$D63,출고요청서_raw!$R:$R,매출요약!$O$4) -> 0 | P63: =SUMIFS(출고요청서_raw!$W:$W,출고요청서_raw!$Q:$Q,매출요약!$D63,출고요청서_raw!$R:$R,매출요약!$O$4) -> 0 | Q63: =SUMIFS(출고요청서_raw!$V:$V,출고요청서_raw!$Q:$Q,매출요약!$D63,출고요청서_raw!$R:$R,매출요약!$Q$4) -> 0 | R63: =SUMIFS(출고요청서_raw!$W:$W,출고요청서_raw!$Q:$Q,매출요약!$D63,출고요청서_raw!$R:$R,매출요약!$Q$4) -> 0
D64: 46110 | E64: =SUM(G64,I64,K64,M64,Q64) -> 0 | F64: =SUM(H64,J64,L64,N64,R64) -> 0 | G64: =SUMIF(SK스토아_raw!$AM:$AM,매출요약!$D64,SK스토아_raw!$AQ:$AQ) -> 0 | H64: =SUMIF(SK스토아_raw!$AM:$AM,$D64,SK스토아_raw!$AN:$AN) -> 0 | I64: =SUMIFS(출고요청서_raw!$V:$V,출고요청서_raw!$Q:$Q,매출요약!$D64,출고요청서_raw!$R:$R,매출요약!$I$4) -> 0 | J64: =SUMIFS(출고요청서_raw!$W:$W,출고요청서_raw!$Q:$Q,매출요약!$D64,출고요청서_raw!$R:$R,매출요약!$I$4) -> 0 | K64: =SUMIFS(출고요청서_raw!$V:$V,출고요청서_raw!$Q:$Q,매출요약!$D64,출고요청서_raw!$R:$R,매출요약!$K$4) -> 0 | L64: =SUMIFS(출고요청서_raw!$W:$W,출고요청서_raw!$Q:$Q,매출요약!$D64,출고요청서_raw!$R:$R,매출요약!$K$4) -> 0 | M64: =SUMIFS(출고요청서_raw!$V:$V,출고요청서_raw!$Q:$Q,매출요약!$D64,출고요청서_raw!$R:$R,매출요약!$M$4) -> 0 | N64: =SUMIFS(출고요청서_raw!$W:$W,출고요청서_raw!$Q:$Q,매출요약!$D64,출고요청서_raw!$R:$R,매출요약!$M$4) -> 0 | O64: =SUMIFS(출고요청서_raw!$V:$V,출고요청서_raw!$Q:$Q,매출요약!$D64,출고요청서_raw!$R:$R,매출요약!$O$4) -> 0 | P64: =SUMIFS(출고요청서_raw!$W:$W,출고요청서_raw!$Q:$Q,매출요약!$D64,출고요청서_raw!$R:$R,매출요약!$O$4) -> 0 | Q64: =SUMIFS(출고요청서_raw!$V:$V,출고요청서_raw!$Q:$Q,매출요약!$D64,출고요청서_raw!$R:$R,매출요약!$Q$4) -> 0 | R64: =SUMIFS(출고요청서_raw!$W:$W,출고요청서_raw!$Q:$Q,매출요약!$D64,출고요청서_raw!$R:$R,매출요약!$Q$4) -> 0
C65: W14 | D65: 46111 | E65: =SUM(G65,I65,K65,M65,Q65) -> 0 | F65: =SUM(H65,J65,L65,N65,R65) -> 0 | G65: =SUMIF(SK스토아_raw!$AM:$AM,매출요약!$D65,SK스토아_raw!$AQ:$AQ) -> 0 | H65: =SUMIF(SK스토아_raw!$AM:$AM,$D65,SK스토아_raw!$AN:$AN) -> 0 | I65: =SUMIFS(출고요청서_raw!$V:$V,출고요청서_raw!$Q:$Q,매출요약!$D65,출고요청서_raw!$R:$R,매출요약!$I$4) -> 0 | J65: =SUMIFS(출고요청서_raw!$W:$W,출고요청서_raw!$Q:$Q,매출요약!$D65,출고요청서_raw!$R:$R,매출요약!$I$4) -> 0 | K65: =SUMIFS(출고요청서_raw!$V:$V,출고요청서_raw!$Q:$Q,매출요약!$D65,출고요청서_raw!$R:$R,매출요약!$K$4) -> 0 | L65: =SUMIFS(출고요청서_raw!$W:$W,출고요청서_raw!$Q:$Q,매출요약!$D65,출고요청서_raw!$R:$R,매출요약!$K$4) -> 0 | M65: =SUMIFS(출고요청서_raw!$V:$V,출고요청서_raw!$Q:$Q,매출요약!$D65,출고요청서_raw!$R:$R,매출요약!$M$4) -> 0 | N65: =SUMIFS(출고요청서_raw!$W:$W,출고요청서_raw!$Q:$Q,매출요약!$D65,출고요청서_raw!$R:$R,매출요약!$M$4) -> 0 | O65: =SUMIFS(출고요청서_raw!$V:$V,출고요청서_raw!$Q:$Q,매출요약!$D65,출고요청서_raw!$R:$R,매출요약!$O$4) -> 0 | P65: =SUMIFS(출고요청서_raw!$W:$W,출고요청서_raw!$Q:$Q,매출요약!$D65,출고요청서_raw!$R:$R,매출요약!$O$4) -> 0 | Q65: =SUMIFS(출고요청서_raw!$V:$V,출고요청서_raw!$Q:$Q,매출요약!$D65,출고요청서_raw!$R:$R,매출요약!$Q$4) -> 0 | R65: =SUMIFS(출고요청서_raw!$W:$W,출고요청서_raw!$Q:$Q,매출요약!$D65,출고요청서_raw!$R:$R,매출요약!$Q$4) -> 0
D66: 46112 | E66: =SUM(G66,I66,K66,M66,Q66) -> 0 | F66: =SUM(H66,J66,L66,N66,R66) -> 0 | G66: =SUMIF(SK스토아_raw!$AM:$AM,매출요약!$D66,SK스토아_raw!$AQ:$AQ) -> 0 | H66: =SUMIF(SK스토아_raw!$AM:$AM,$D66,SK스토아_raw!$AN:$AN) -> 0 | I66: =SUMIFS(출고요청서_raw!$V:$V,출고요청서_raw!$Q:$Q,매출요약!$D66,출고요청서_raw!$R:$R,매출요약!$I$4) -> 0 | J66: =SUMIFS(출고요청서_raw!$W:$W,출고요청서_raw!$Q:$Q,매출요약!$D66,출고요청서_raw!$R:$R,매출요약!$I$4) -> 0 | K66: =SUMIFS(출고요청서_raw!$V:$V,출고요청서_raw!$Q:$Q,매출요약!$D66,출고요청서_raw!$R:$R,매출요약!$K$4) -> 0 | L66: =SUMIFS(출고요청서_raw!$W:$W,출고요청서_raw!$Q:$Q,매출요약!$D66,출고요청서_raw!$R:$R,매출요약!$K$4) -> 0 | M66: =SUMIFS(출고요청서_raw!$V:$V,출고요청서_raw!$Q:$Q,매출요약!$D66,출고요청서_raw!$R:$R,매출요약!$M$4) -> 0 | N66: =SUMIFS(출고요청서_raw!$W:$W,출고요청서_raw!$Q:$Q,매출요약!$D66,출고요청서_raw!$R:$R,매출요약!$M$4) -> 0 | O66: =SUMIFS(출고요청서_raw!$V:$V,출고요청서_raw!$Q:$Q,매출요약!$D66,출고요청서_raw!$R:$R,매출요약!$O$4) -> 0 | P66: =SUMIFS(출고요청서_raw!$W:$W,출고요청서_raw!$Q:$Q,매출요약!$D66,출고요청서_raw!$R:$R,매출요약!$O$4) -> 0 | Q66: =SUMIFS(출고요청서_raw!$V:$V,출고요청서_raw!$Q:$Q,매출요약!$D66,출고요청서_raw!$R:$R,매출요약!$Q$4) -> 0 | R66: =SUMIFS(출고요청서_raw!$W:$W,출고요청서_raw!$Q:$Q,매출요약!$D66,출고요청서_raw!$R:$R,매출요약!$Q$4) -> 0
B68: · 월별 실적 현황 (vat-)
I70: *샘플, 이벤트/광고 비용, 채널 수수료 등
B71: 팀 | C71: 채널 | D71: 매출(차감전) | E71: 매출(차감후) | F71: 쿠폰비 | G71: 원가 | H71: 물류비 | I71: 판관비 | J71: 공헌이익 | K71: 공헌이익율
B72: 플랫폼커머스팀 | C72: 2월 누계 | D72: =SUM(D73:D77) -> 34510182 | E72: =SUM(E73:E77) -> 34510182 | F72: =SUM(F73:F77) -> 0 | G72: =SUM(G73:G77) -> 25751450 | H72: =SUM(H73:H77) -> 3235050 | I72: =SUM(I73:I77) -> 252838.16 | J72: =SUM(J73:J77) -> 5270843.7 | K72: =J72/E72 -> 0.152733
B73: 플랫폼커머스팀 | C73: 리씽크 | D73: =SUMIF(출고요청서_raw!$R:$R,매출요약!$C73,출고요청서_raw!$V:$V) -> 31487273 | E73: =D73-F73 -> 31487273 | F73: 0 | G73: =SUMIF(출고요청서_raw!$R:$R,매출요약!$C73,출고요청서_raw!$Z:$Z) -> 23722082 | H73: =SUMIF(출고요청서_raw!$R:$R,매출요약!$C73,출고요청서_raw!$AA:$AA) -> 2998450 | I73: =재고내역!M6*20+SUMIF(출고요청서_raw!$R:$R,매출요약!$C73,출고요청서_raw!$Y:$Y) -> 153740 | J73: =D73-F73-G73-H73-I73 -> 4613000.7 | K73: =J73/E73 -> 0.14650366
B74: 플랫폼커머스팀 | C74: 스마트스토어 | D74: =SUMIF(출고요청서_raw!$R:$R,매출요약!$C74,출고요청서_raw!$V:$V) -> 94000 | E74: =D74-F74 -> 94000 | F74: 0 | G74: =SUMIF(출고요청서_raw!$R:$R,매출요약!$C74,출고요청서_raw!$Z:$Z) -> 46122 | H74: =SUMIF(출고요청서_raw!$R:$R,매출요약!$C74,출고요청서_raw!$AA:$AA) -> 18200 | I74: =SUMIF(출고요청서_raw!$R:$R,매출요약!$C74,출고요청서_raw!$Y:$Y) -> 6854 | J74: =D74-F74-G74-H74-I74 -> 22824 | K74: =J74/E74 -> 0.24280851
B75: 플랫폼커머스팀 | C75: 쿠팡 | D75: =SUMIF(출고요청서_raw!$R:$R,매출요약!$C75,출고요청서_raw!$V:$V) -> 677363.64 | E75: =D75-F75 -> 677363.64 | F75: 0 | G75: =SUMIF(출고요청서_raw!$R:$R,매출요약!$C75,출고요청서_raw!$Z:$Z) -> 322854 | H75: =SUMIF(출고요청서_raw!$R:$R,매출요약!$C75,출고요청서_raw!$AA:$AA) -> 77350 | I75: =SUMIF(출고요청서_raw!$R:$R,매출요약!$C75,출고요청서_raw!$Y:$Y) -> 86875.06 | J75: =D75-F75-G75-H75-I75 -> 190284.58 | K75: =J75/E75 -> 0.28091939
B76: 플랫폼커머스팀 | C76: 기타 | D76: =SUMIF(출고요청서_raw!$R:$R,매출요약!$C76,출고요청서_raw!$V:$V) -> 2103636.4 | E76: =D76-F76 -> 2103636.4 | F76: 0 | G76: =SUMIF(출고요청서_raw!$R:$R,매출요약!$C76,출고요청서_raw!$Z:$Z) -> 1598896 | H76: =SUMIF(출고요청서_raw!$R:$R,매출요약!$C76,출고요청서_raw!$AA:$AA) -> 118300 | I76: =SUMIF(출고요청서_raw!$R:$R,매출요약!$C76,출고요청서_raw!$Y:$Y) -> 0 | J76: =D76-F76-G76-H76-I76 -> 386440.36 | K76: =J76/E76 -> 0.18370112
B77: 플랫폼커머스팀 | C77: 카카오 | D77: =SUMIF(출고요청서_raw!$R:$R,매출요약!$C77,출고요청서_raw!$V:$V) -> 147909.09 | E77: =D77-F77 -> 147909.09 | F77: 0 | G77: =SUMIF(출고요청서_raw!$R:$R,매출요약!$C77,출고요청서_raw!$Z:$Z) -> 61496 | H77: =SUMIF(출고요청서_raw!$R:$R,매출요약!$C77,출고요청서_raw!$AA:$AA) -> 22750 | I77: =SUMIF(출고요청서_raw!$R:$R,매출요약!$C77,출고요청서_raw!$Y:$Y) -> 5369.1 | J77: =D77-F77-G77-H77-I77 -> 58293.991 | K77: =J77/E77 -> 0.39412041
B81: 팀 | C81: 채널 | D81: 매출(차감전) | E81: 매출(차감후) | F81: 쿠폰비 | G81: 원가 | H81: 물류비 | I81: 판관비 | J81: 공헌이익 | K81: 공헌이익율
B82: 미디어커머스팀 | C82: 2월 누계 | D82: =RAW!K12 -> 98654545 | E82: =RAW!O12 -> 98654545 | F82: =SUM(F83:F87) -> 0 | G82: =RAW!P12 -> 56022856 | H82: =RAW!Q12 -> 4158700 | I82: =RAW!X12 -> 32789530 | J82: =RAW!AK12 -> 5683459.1 | K82: =J82/E82 -> 0.057609703
C88: 0

Sheet 재고내역
B2: 재고내역 | G2: 차이 | H2: =H4-H3 -> 0 | I2: =I4-I3 -> 0 | J2: =J4-J3 -> 22
G3: 정인 | H3: 20000 | I3: 10759 | J3: 9219
G4: 로가온 | H4: =H6 -> 20000 | I4: 10759 | J4: =J3+22 -> 9241 | N4: =SUBTOTAL(9,N6:N9851) -> 71019384 | O4: =SUBTOTAL(9,O6:O9851) -> 153754640 | P4: =SUBTOTAL(9,P6:P9851) -> 83188129
A5: x | B5: 유통전문판매원 | C5: 창고명 | D5: 보관유형 | E5: 분류 | F5: 상품명 | G5: 단위 | H5: 입고 | I5: 출고 | J5: 현 재고 | K5: 유통기한 | L5: 비고 | M5: 단가 | N5: 재고금액(VAT별도) | O5: 입고금액(VAT별도) | P5: 출고금액(VAT별도)
B6: SK네트웍스 | C6: 정인 | D6: 냉동 | E6: 상품 | F6: [워커힐] 시그니처 양념본갈비 300G | G6: EA | H6: 20000 | I6: =SUM(H9:J9)*1+SUM(H10:J10)*2+SUM(H11:J11)*4+SUM(H12:J12)*6+SUM(H13:J13)*8 -> 10762 | J6: =H6-I6 -> 9238 | K6: 46412 | M6: 7687 | N6: =J6*M6 -> 71012506 | O6: =H6*M6 -> 153740000 | P6: =I6*M6 -> 82727494
F8: 옵션 | H8: 샘플 | I8: 플랫폼커머스팀 | J8: 미디어커머스팀
F9: 워커힐 시그니처 양념 본갈비 300g, 1개 | G9: EA | H9: 28 | I9: =SUMIF(출고요청서_raw!$H:$H,F9, 출고요청서_raw!$G:$G) -> 18 | J9: =SUMIF(SK스토아_raw!$W:$W,F9, SK스토아_raw!$Y:$Y) -> 0
F10: 워커힐 시그니처 양념 본갈비 300g, 2개 | G10: EA | I10: =SUMIF(출고요청서_raw!$H:$H,F10, 출고요청서_raw!$G:$G) -> 9 | J10: =SUMIF(SK스토아_raw!$W:$W,F10, SK스토아_raw!$Y:$Y) -> 0
F11: 워커힐 시그니처 양념 본갈비 300g, 4개 | G11: EA | I11: =SUMIF(출고요청서_raw!$H:$H,F11, 출고요청서_raw!$G:$G) -> 643 | J11: {=SUMPRODUCT((SK스토아_raw!AL$3:AL$2922=F11)*(SK스토아_raw!AN$3:AN$2922>0)*SK스토아_raw!AN$3:AN$2922)} -> 6
F12: 워커힐 시그니처 양념 본갈비 300g, 6개 | G12: EA | I12: =SUMIF(출고요청서_raw!$H:$H,F12, 출고요청서_raw!$G:$G) -> 89 | J12: {=SUMPRODUCT((SK스토아_raw!AL$3:AL$2922=F12)*(SK스토아_raw!AN$3:AN$2922>0)*SK스토아_raw!AN$3:AN$2922)} -> 0
F13: 워커힐 시그니처 양념 본갈비 300g, 8개 | G13: EA | H13: 8 | I13: =SUMIF(출고요청서_raw!$H:$H,F13, 출고요청서_raw!$G:$G) -> 26 | J13: {=SUMPRODUCT((SK스토아_raw!AL$3:AL$2922=F13)*(SK스토아_raw!AN$3:AN$2922>0)*SK스토아_raw!AN$3:AN$2922)} -> 912
L15: 정인 출고수량 | N15: 홈쇼핑 외 출고수량 | O15: 차이 수량 | P15: 날짜 | Q15: 8개입 출고 (+) | R15: 8개입 반품 (-) | S15: 4개입 출고 (+) | T15: 4개입 반품 (-)
K16: 46049 | L16: 8 | M16: 46049 | N16: 8 | O16: =L16-N16 -> 0 | P16: 46059 | Q16: {=SUMPRODUCT((SK스토아_raw!M$3:M$2922=TEXT(P16,"yyyy-mm-dd"))*(SK스토아_raw!AN$3:AN$2922>0)*(SK스토아_raw!AO$3:AO$2922=119000)*SK스토아_raw!AN$3:AN$2922)} -> 6 | R16: {=SUMPRODUCT((SK스토아_raw!M$3:M$2922=TEXT(P16,"yyyy-mm-dd"))*(SK스토아_raw!AN$3:AN$2922<0)*(SK스토아_raw!AO$3:AO$2922=119000)*SK스토아_raw!AN$3:AN$2922)} -> -1 | S16: {=SUMPRODUCT((SK스토아_raw!M$3:M$2922=TEXT(P16,"yyyy-mm-dd"))*(SK스토아_raw!AN$3:AN$2922>0)*(SK스토아_raw!AO$3:AO$2922=78000)*SK스토아_raw!AN$3:AN$2922)} -> 0 | T16: {=SUMPRODUCT((SK스토아_raw!M$3:M$2922=TEXT(P16,"yyyy-mm-dd"))*(SK스토아_raw!AN$3:AN$2922<0)*(SK스토아_raw!AO$3:AO$2922=78000)*SK스토아_raw!AN$3:AN$2922)} -> 0
K17: 46056 | L17: 20 | M17: 46056 | N17: 20 | O17: =L17-N17 -> 0 | P17: 46060 | Q17: {=SUMPRODUCT((SK스토아_raw!M$3:M$2922=TEXT(P17,"yyyy-mm-dd"))*(SK스토아_raw!AN$3:AN$2922>0)*(SK스토아_raw!AO$3:AO$2922=119000)*SK스토아_raw!AN$3:AN$2922)} -> 435 | R17: {=SUMPRODUCT((SK스토아_raw!M$3:M$2922=TEXT(P17,"yyyy-mm-dd"))*(SK스토아_raw!AN$3:AN$2922<0)*(SK스토아_raw!AO$3:AO$2922=119000)*SK스토아_raw!AN$3:AN$2922)} -> 0 | S17: {=SUMPRODUCT((SK스토아_raw!M$3:M$2922=TEXT(P17,"yyyy-mm-dd"))*(SK스토아_raw!AN$3:AN$2922>0)*(SK스토아_raw!AO$3:AO$2922=78000)*SK스토아_raw!AN$3:AN$2922)} -> 1 | T17: {=SUMPRODUCT((SK스토아_raw!M$3:M$2922=TEXT(P17,"yyyy-mm-dd"))*(SK스토아_raw!AN$3:AN$2922<0)*(SK스토아_raw!AO$3:AO$2922=78000)*SK스토아_raw!AN$3:AN$2922)} -> 0
K18: 46058 | L18: 1343 | M18: 46058 | N18: 1303 | O18: =L18-N18 -> 40 | P18: 46061 | Q18: {=SUMPRODUCT((SK스토아_raw!M$3:M$2922=TEXT(P18,"yyyy-mm-dd"))*(SK스토아_raw!AN$3:AN$2922>0)*(SK스토아_raw!AO$3:AO$2922=119000)*SK스토아_raw!AN$3:AN$2922)} -> 2 | R18: {=SUMPRODUCT((SK스토아_raw!M$3:M$2922=TEXT(P18,"yyyy-mm-dd"))*(SK스토아_raw!AN$3:AN$2922<0)*(SK스토아_raw!AO$3:AO$2922=119000)*SK스토아_raw!AN$3:AN$2922)} -> 0 | S18: {=SUMPRODUCT((SK스토아_raw!M$3:M$2922=TEXT(P18,"yyyy-mm-dd"))*(SK스토아_raw!AN$3:AN$2922>0)*(SK스토아_raw!AO$3:AO$2922=78000)*SK스토아_raw!AN$3:AN$2922)} -> 0 | T18: {=SUMPRODUCT((SK스토아_raw!M$3:M$2922=TEXT(P18,"yyyy-mm-dd"))*(SK스토아_raw!AN$3:AN$2922<0)*(SK스토아_raw!AO$3:AO$2922=78000)*SK스토아_raw!AN$3:AN$2922)} -> 0
K19: 46059 | L19: 4153 | M19: 46059 | N19: 649 | O19: =L19-N19 -> 3504 | P19: 46062 | Q19: {=SUMPRODUCT((SK스토아_raw!M$3:M$2922=TEXT(P19,"yyyy-mm-dd"))*(SK스토아_raw!AN$3:AN$2922>0)*(SK스토아_raw!AO$3:AO$2922=119000)*SK스토아_raw!AN$3:AN$2922)} -> 0 | R19: {=SUMPRODUCT((SK스토아_raw!M$3:M$2922=TEXT(P19,"yyyy-mm-dd"))*(SK스토아_raw!AN$3:AN$2922<0)*(SK스토아_raw!AO$3:AO$2922=119000)*SK스토아_raw!AN$3:AN$2922)} -> 0 | S19: {=SUMPRODUCT((SK스토아_raw!M$3:M$2922=TEXT(P19,"yyyy-mm-dd"))*(SK스토아_raw!AN$3:AN$2922>0)*(SK스토아_raw!AO$3:AO$2922=78000)*SK스토아_raw!AN$3:AN$2922)} -> 0 | T19: {=SUMPRODUCT((SK스토아_raw!M$3:M$2922=TEXT(P19,"yyyy-mm-dd"))*(SK스토아_raw!AN$3:AN$2922<0)*(SK스토아_raw!AO$3:AO$2922=78000)*SK스토아_raw!AN$3:AN$2922)} -> 0
K20: 46062 | L20: 1214 | M20: 46062 | N20: 894 | O20: =L20-N20 -> 320 | P20: 46063 | Q20: {=SUMPRODUCT((SK스토아_raw!M$3:M$2922=TEXT(P20,"yyyy-mm-dd"))*(SK스토아_raw!AN$3:AN$2922>0)*(SK스토아_raw!AO$3:AO$2922=119000)*SK스토아_raw!AN$3:AN$2922)} -> 37 | R20: {=SUMPRODUCT((SK스토아_raw!M$3:M$2922=TEXT(P20,"yyyy-mm-dd"))*(SK스토아_raw!AN$3:AN$2922<0)*(SK스토아_raw!AO$3:AO$2922=119000)*SK스토아_raw!AN$3:AN$2922)} -> -1 | S20: {=SUMPRODUCT((SK스토아_raw!M$3:M$2922=TEXT(P20,"yyyy-mm-dd"))*(SK스토아_raw!AN$3:AN$2922>0)*(SK스토아_raw!AO$3:AO$2922=78000)*SK스토아_raw!AN$3:AN$2922)} -> 3 | T20: {=SUMPRODUCT((SK스토아_raw!M$3:M$2922=TEXT(P20,"yyyy-mm-dd"))*(SK스토아_raw!AN$3:AN$2922<0)*(SK스토아_raw!AO$3:AO$2922=78000)*SK스토아_raw!AN$3:AN$2922)} -> 0
K21: 46063 | L21: 360 | M21: 46063 | N21: 224 | O21: =L21-N21 -> 136 | P21: 46064 | Q21: {=SUMPRODUCT((SK스토아_raw!M$3:M$2922=TEXT(P21,"yyyy-mm-dd"))*(SK스토아_raw!AN$3:AN$2922>0)*(SK스토아_raw!AO$3:AO$2922=119000)*SK스토아_raw!AN$3:AN$2922)} -> 17 | R21: {=SUMPRODUCT((SK스토아_raw!M$3:M$2922=TEXT(P21,"yyyy-mm-dd"))*(SK스토아_raw!AN$3:AN$2922<0)*(SK스토아_raw!AO$3:AO$2922=119000)*SK스토아_raw!AN$3:AN$2922)} -> -1 | S21: {=SUMPRODUCT((SK스토아_raw!M$3:M$2922=TEXT(P21,"yyyy-mm-dd"))*(SK스토아_raw!AN$3:AN$2922>0)*(SK스토아_raw!AO$3:AO$2922=78000)*SK스토아_raw!AN$3:AN$2922)} -> 1 | T21: {=SUMPRODUCT((SK스토아_raw!M$3:M$2922=TEXT(P21,"yyyy-mm-dd"))*(SK스토아_raw!AN$3:AN$2922<0)*(SK스토아_raw!AO$3:AO$2922=78000)*SK스토아_raw!AN$3:AN$2922)} -> 0
K22: 46064 | L22: 3425 | M22: 46064 | N22: 265 | O22: =L22-N22 -> 3160 | P22: 46065 | Q22: {=SUMPRODUCT((SK스토아_raw!M$3:M$2922=TEXT(P22,"yyyy-mm-dd"))*(SK스토아_raw!AN$3:AN$2922>0)*(SK스토아_raw!AO$3:AO$2922=119000)*SK스토아_raw!AN$3:AN$2922)} -> 390 | R22: {=SUMPRODUCT((SK스토아_raw!M$3:M$2922=TEXT(P22,"yyyy-mm-dd"))*(SK스토아_raw!AN$3:AN$2922<0)*(SK스토아_raw!AO$3:AO$2922=119000)*SK스토아_raw!AN$3:AN$2922)} -> 0 | S22: {=SUMPRODUCT((SK스토아_raw!M$3:M$2922=TEXT(P22,"yyyy-mm-dd"))*(SK스토아_raw!AN$3:AN$2922>0)*(SK스토아_raw!AO$3:AO$2922=78000)*SK스토아_raw!AN$3:AN$2922)} -> 0 | T22: {=SUMPRODUCT((SK스토아_raw!M$3:M$2922=TEXT(P22,"yyyy-mm-dd"))*(SK스토아_raw!AN$3:AN$2922<0)*(SK스토아_raw!AO$3:AO$2922=78000)*SK스토아_raw!AN$3:AN$2922)} -> 0
K23: 46065 | L23: 236 | M23: 46065 | N23: 76 | O23: =L23-N23 -> 160 | P23: 46066 | Q23: {=SUMPRODUCT((SK스토아_raw!M$3:M$2922=TEXT(P23,"yyyy-mm-dd"))*(SK스토아_raw!AN$3:AN$2922>0)*(SK스토아_raw!AO$3:AO$2922=119000)*SK스토아_raw!AN$3:AN$2922)} -> 24 | R23: {=SUMPRODUCT((SK스토아_raw!M$3:M$2922=TEXT(P23,"yyyy-mm-dd"))*(SK스토아_raw!AN$3:AN$2922<0)*(SK스토아_raw!AO$3:AO$2922=119000)*SK스토아_raw!AN$3:AN$2922)} -> 0 | S23: {=SUMPRODUCT((SK스토아_raw!M$3:M$2922=TEXT(P23,"yyyy-mm-dd"))*(SK스토아_raw!AN$3:AN$2922>0)*(SK스토아_raw!AO$3:AO$2922=78000)*SK스토아_raw!AN$3:AN$2922)} -> 1 | T23: {=SUMPRODUCT((SK스토아_raw!M$3:M$2922=TEXT(P23,"yyyy-mm-dd"))*(SK스토아_raw!AN$3:AN$2922<0)*(SK스토아_raw!AO$3:AO$2922=78000)*SK스토아_raw!AN$3:AN$2922)} -> 0
L24: =SUM(L16:L23) -> 10759 | N24: =SUM(N16:N23) -> 3439 | O24: =SUM(O16:O23) -> 7320 | P24: 46067 | Q24: {=SUMPRODUCT((SK스토아_raw!M$3:M$2922=TEXT(P24,"yyyy-mm-dd"))*(SK스토아_raw!AN$3:AN$2922>0)*(SK스토아_raw!AO$3:AO$2922=119000)*SK스토아_raw!AN$3:AN$2922)} -> 1 | R24: {=SUMPRODUCT((SK스토아_raw!M$3:M$2922=TEXT(P24,"yyyy-mm-dd"))*(SK스토아_raw!AN$3:AN$2922<0)*(SK스토아_raw!AO$3:AO$2922=119000)*SK스토아_raw!AN$3:AN$2922)} -> 0 | S24: {=SUMPRODUCT((SK스토아_raw!M$3:M$2922=TEXT(P24,"yyyy-mm-dd"))*(SK스토아_raw!AN$3:AN$2922>0)*(SK스토아_raw!AO$3:AO$2922=78000)*SK스토아_raw!AN$3:AN$2922)} -> 0 | T24: {=SUMPRODUCT((SK스토아_raw!M$3:M$2922=TEXT(P24,"yyyy-mm-dd"))*(SK스토아_raw!AN$3:AN$2922<0)*(SK스토아_raw!AO$3:AO$2922=78000)*SK스토아_raw!AN$3:AN$2922)} -> 0
P25: 46068 | Q25: {=SUMPRODUCT((SK스토아_raw!M$3:M$2922=TEXT(P25,"yyyy-mm-dd"))*(SK스토아_raw!AN$3:AN$2922>0)*(SK스토아_raw!AO$3:AO$2922=119000)*SK스토아_raw!AN$3:AN$2922)} -> 0 | R25: {=SUMPRODUCT((SK스토아_raw!M$3:M$2922=TEXT(P25,"yyyy-mm-dd"))*(SK스토아_raw!AN$3:AN$2922<0)*(SK스토아_raw!AO$3:AO$2922=119000)*SK스토아_raw!AN$3:AN$2922)} -> 0 | S25: {=SUMPRODUCT((SK스토아_raw!M$3:M$2922=TEXT(P25,"yyyy-mm-dd"))*(SK스토아_raw!AN$3:AN$2922>0)*(SK스토아_raw!AO$3:AO$2922=78000)*SK스토아_raw!AN$3:AN$2922)} -> 0 | T25: {=SUMPRODUCT((SK스토아_raw!M$3:M$2922=TEXT(P25,"yyyy-mm-dd"))*(SK스토아_raw!AN$3:AN$2922<0)*(SK스토아_raw!AO$3:AO$2922=78000)*SK스토아_raw!AN$3:AN$2922)} -> 0
P26: 합계 | Q26: =SUM(Q16:Q25) -> 912 | R26: =SUM(R16:R25) -> -3 | S26: =SUM(S16:S25) -> 6 | T26: =SUM(T16:T25) -> 0
Q27: =Q26*8 -> 7296 | S27: =S26*4 -> 24 | T27: =Q27+S27 -> 7320

Sheet 출고요청서_raw
H1: *큰 박스 최대 8개, 작은 박스 최대 4개 투입 | T1: 수식 | V1: 수식 | W1: 수식 | Z1: 수식 | AA1: 수식 | AB1: 수식 | AC1: 수식
S2: =SUBTOTAL(9,S4:S1048576) -> 35934300 | T2: =SUBTOTAL(9,T4:T1048576) -> 136100 | U2: =SUBTOTAL(9,U4:U1048576) -> 37961200 | V2: =SUBTOTAL(9,V4:V1048576) -> 34510182 | W2: =SUBTOTAL(9,W4:W1048576) -> 3442 | Y2: =SUBTOTAL(9,Y4:Y1048576) -> 99098.16 | Z2: =SUBTOTAL(9,Z4:Z1048576) -> 25751450 | AA2: =SUBTOTAL(9,AA4:AA1048576) -> 3235050 | AB2: =SUBTOTAL(9,AB4:AB1048576) -> 5424583.7 | AC2: =AB2/V2 -> 0.15718792 | AD2: =U2-Y2 -> 37862102 | AE2: =SUBTOTAL(9,AE4:AE1048576) -> 859274.52
A3: 받으시는 분 | B3: 받으시는 분 전화 | C3: 받는분담당자 | D3: 받는분핸드폰 | E3: 받는분우편번호 | F3: 받는분총주소 | G3: 수량 | H3: 품목명 | I3: 운임Type | J3: 지불조건 | K3: 출고번호 | L3: 특기사항 | M3: 메모1 | N3: 메모2 | O3: 메모3 | P3: 메모4 | Q3: 출고일 | R3: 매출처명 | S3: 판매가 | T3: 쿠폰비 | U3: 총 매출액 | V3: 실 매출(vat-) | W3: 수량(1ea 단품 기준) | X3: 수수료 | Y3: 수수료 | Z3: 원가 | AA3: 물류비 | AB3: 공헌이익 | AC3: 공헌이익율 | AD3: 비고 | AE3: 지급예정금액
G4: 20 | H4: [워커힐] 시그니처 양념본갈비 300G | Q4: 46056 | W4: 20 | AD4: 리씽크 샘플
A5: 이진우 | B5: 010-4516-7881 | E5: 08279 | F5: 서울특별시 구로구 구로동로47길 24 (구로동, 구로중앙하이츠아파트) 102-906 | G5: 1 | H5: 워커힐 시그니처 양념 본갈비 300g, 2개 | M5: 2026020586412211 | N5: 2026020586548501 | O5: 13026511254 | P5: 스마트스토어 | Q5: 46058 | R5: 스마트스토어 | S5: 45800 | T5: =S5-U5 -> 11900 | U5: 33900 | V5: =U5/1.1 -> 30818.182 | W5: =IF(H5=재고내역!$F$9,출고요청서_raw!G5*1,IF(H5=재고내역!$F$10,출고요청서_raw!G5*2,IF(출고요청서_raw!H5=재고내역!$F$11,출고요청서_raw!G5*4,IF(출고요청서_raw!H5=재고내역!$F$12,출고요청서_raw!G5*6,IF(출고요청서_raw!H5=재고내역!$F$13,출고요청서_raw!G5*8))))) -> 2 | X5: =Y5/U5 -> 0.066283186 | Y5: 2247 | Z5: =W5*재고내역!$M$6 -> 15374 | AA5: =IF(W5>8,4550*2,4550) -> 4550 | AB5: =V5-Z5-AA5-Y5 -> 8647.1818 | AC5: =AB5/V5 -> 0.28058702 | AE5: =U5-Y5 -> 31653
A6: 선우동국 | B6: 010-3090-6765 | E6: 02533 | F6: 서울특별시 동대문구 사가정로 190 (전농동, 전농우성아파트) 3동 1103호 | G6: 1 | H6: 워커힐 시그니처 양념 본갈비 300g, 1개 | M6: 2026020586046791 | N6: 2026020586295071 | O6: 13026511253 | P6: 스마트스토어 | Q6: 46058 | R6: 스마트스토어 | S6: 22900 | T6: =S6-U6 -> 5100 | U6: 17800 | V6: =U6/1.1 -> 16181.818 | W6: =IF(H6=재고내역!$F$9,출고요청서_raw!G6*1,IF(H6=재고내역!$F$10,출고요청서_raw!G6*2,IF(출고요청서_raw!H6=재고내역!$F$11,출고요청서_raw!G6*4,IF(출고요청서_raw!H6=재고내역!$F$12,출고요청서_raw!G6*6,IF(출고요청서_raw!H6=재고내역!$F$13,출고요청서_raw!G6*8))))) -> 1 | X6: =Y6/U6 -> 0.066292135 | Y6: 1180 | Z6: =W6*재고내역!$M$6 -> 7687 | AA6: =IF(W6>8,4550*2,4550) -> 4550 | AB6: =V6-Z6-AA6-Y6 -> 2764.8182 | AC6: =AB6/V6 -> 0.17085955 | AE6: =U6-Y6 -> 16620 | AF6: *쿠팡 즉시할인 | AG6: 2/5~2/11 | AI6: *채널 수수료 | AL6: 출고일 | AM6: 합계 : 수량(1ea 단품 기준)
A7: 서은경 | B7: 010-7470-6174 | E7: 02535 | F7: 서울특별시 동대문구 한천로37길 33 (답십리동, 래미안엘파인아파트) 108동 1103호 | G7: 1 | H7: 워커힐 시그니처 양념 본갈비 300g, 1개 | M7: 2026020477087661 | N7: 2026020480361831 | O7: 13026511253 | P7: 스마트스토어 | Q7: 46058 | R7: 스마트스토어 | S7: 22900 | T7: =S7-U7 -> 5100 | U7: 17800 | V7: =U7/1.1 -> 16181.818 | W7: =IF(H7=재고내역!$F$9,출고요청서_raw!G7*1,IF(H7=재고내역!$F$10,출고요청서_raw!G7*2,IF(출고요청서_raw!H7=재고내역!$F$11,출고요청서_raw!G7*4,IF(출고요청서_raw!H7=재고내역!$F$12,출고요청서_raw!G7*6,IF(출고요청서_raw!H7=재고내역!$F$13,출고요청서_raw!G7*8))))) -> 1 | X7: =Y7/U7 -> 0.066292135 | Y7: 1180 | Z7: =W7*재고내역!$M$6 -> 7687 | AA7: =IF(W7>8,4550*2,4550) -> 4550 | AB7: =V7-Z7-AA7-Y7 -> 2764.8182 | AC7: =AB7/V7 -> 0.17085955 | AE7: =U7-Y7 -> 16620 | AF7: 워커힐 시그니처 양념 본갈비 300g, 1개 | AG7: 1100 | AI7: 스마트스토어 | AJ7: 0.0663 | AL7: 46049 | AM7: 8
A8: 이정례 | B8: 0502-4122-2717 | E8: 10021 | F8: 경기도 김포시 월곶면 용강로57번길 31-5 1층 | G8: 1 | H8: 워커힐 시그니처 양념 본갈비 300g, 1개 | L8: 문 앞 | M8: 651343802793997 | N8: 12100169248866 | O8: 94659124876 | P8: 쿠팡 | Q8: 46058 | R8: 쿠팡 | S8: 20900 | T8: =IF(R8="쿠팡",VLOOKUP(H8,$AF$7:$AG$10,2,0)*G8,"0") -> 1100 | U8: =S8-T8 -> 19800 | V8: =U8/1.1 -> 18000 | W8: =IF(H8=재고내역!$F$9,출고요청서_raw!G8*1,IF(H8=재고내역!$F$10,출고요청서_raw!G8*2,IF(출고요청서_raw!H8=재고내역!$F$11,출고요청서_raw!G8*4,IF(출고요청서_raw!H8=재고내역!$F$12,출고요청서_raw!G8*6,IF(출고요청서_raw!H8=재고내역!$F$13,출고요청서_raw!G8*8))))) -> 1 | X8: =Y8/U8 -> 0.11656566 | Y8: 2308 | Z8: =W8*재고내역!$M$6 -> 7687 | AA8: =IF(W8>8,4550*2,4550) -> 4550 | AB8: =V8-Z8-AA8-Y8 -> 3455 | AC8: =AB8/V8 -> 0.19194444 | AE8: =U8-Y8 -> 17492 | AF8: 워커힐 시그니처 양념 본갈비 300g, 2개 | AG8: 4100 | AI8: 쿠팡 | AJ8: 0.1166 | AL8: 46056 | AM8: 20
A9: 서은경 | B9: 0502-1697-1836 | E9: 02535 | F9: 서울특별시 동대문구 한천로37길 33 래미안 엘파인 아파트, 108동 1103호 ( 답십리동, 래미안엘파인아파트 ) | G9: 1 | H9: 워커힐 시그니처 양념 본갈비 300g, 1개 | L9: 문 앞 | M9: 651376581296215 | N9: 28100169339326 | O9: 94659124876 | P9: 쿠팡 | Q9: 46058 | R9: 쿠팡 | S9: 20900 | T9: =IF(R9="쿠팡",VLOOKUP(H9,$AF$7:$AG$10,2,0)*G9,"0") -> 1100 | U9: =S9-T9 -> 19800 | V9: =U9/1.1 -> 18000 | W9: =IF(H9=재고내역!$F$9,출고요청서_raw!G9*1,IF(H9=재고내역!$F$10,출고요청서_raw!G9*2,IF(출고요청서_raw!H9=재고내역!$F$11,출고요청서_raw!G9*4,IF(출고요청서_raw!H9=재고내역!$F$12,출고요청서_raw!G9*6,IF(출고요청서_raw!H9=재고내역!$F$13,출고요청서_raw!G9*8))))) -> 1 | X9: =Y9/U9 -> 0.11656566 | Y9: 2308 | Z9: =W9*재고내역!$M$6 -> 7687 | AA9: =IF(W9>8,4550*2,4550) -> 4550 | AB9: =V9-Z9-AA9-Y9 -> 3455 | AC9: =AB9/V9 -> 0.19194444 | AE9: =U9-Y9 -> 17492 | AF9: 워커힐 시그니처 양념 본갈비 300g, 4개 | AG9: 13000 | AI9: 카카오 | AJ9: 0.033 | AL9: 46058 | AM9: 1303
A10: 이미숙 | B10: 0502-5119-6719 | E10: 31168 | F10: 충청남도 천안시 서북구 공원로 196 103동2002호 ( 불당동, 펜타포트 ) | G10: 3 | H10: 워커힐 시그니처 양념 본갈비 300g, 1개 | L10: 문 앞 | M10: 651516109013044 | N10: 30100169868577 | O10: 94659124876 | P10: 쿠팡 | Q10: 46058 | R10: 쿠팡 | S10: =20900*3 -> 62700 | T10: =IF(R10="쿠팡",VLOOKUP(H10,$AF$7:$AG$10,2,0),"0") -> 1100 | U10: =S10-T10 -> 61600 | V10: =U10/1.1 -> 56000 | W10: =IF(H10=재고내역!$F$9,출고요청서_raw!G10*1,IF(H10=재고내역!$F$10,출고요청서_raw!G10*2,IF(출고요청서_raw!H10=재고내역!$F$11,출고요청서_raw!G10*4,IF(출고요청서_raw!H10=재고내역!$F$12,출고요청서_raw!G10*6,IF(출고요청서_raw!H10=재고내역!$F$13,출고요청서_raw!G10*8))))) -> 3 | X10: =Y10/U10 -> 0.11657468 | Y10: 7181 | Z10: =W10*재고내역!$M$6 -> 23061 | AA10: =IF(W10>8,4550*2,4550) -> 4550 | AB10: =V10-Z10-AA10-Y10 -> 21208 | AC10: =AB10/V10 -> 0.37871429 | AE10: =U10-Y10 -> 54419 | AF10: 워커힐 시그니처 양념 본갈비 300g, 8개 | AG10: 25000 | AL10: 46059 | AM10: 649
A11: 편경화 | B11: 010-6268-4062 | E11: 13993 | F11: 경기 안양시 만안구 안양천서로 357 안양역한양수자인리버파크 101동 2404호 | G11: 1 | H11: 워커힐 시그니처 양념 본갈비 300g, 4개 | N11: OPT-2474637-2720942 | P11: 리씽크 | Q11: 46058 | R11: 리씽크 | S11: 45500 | T11: =IF(R11="쿠팡",VLOOKUP(H11,$AF$7:$AG$10,2,0)*G11,"0") -> 0 | U11: 45500 | V11: =U11/1.1 -> 41363.636 | W11: =IF(H11=재고내역!$F$9,출고요청서_raw!G11*1,IF(H11=재고내역!$F$10,출고요청서_raw!G11*2,IF(출고요청서_raw!H11=재고내역!$F$11,출고요청서_raw!G11*4,IF(출고요청서_raw!H11=재고내역!$F$12,출고요청서_raw!G11*6,IF(출고요청서_raw!H11=재고내역!$F$13,출고요청서_raw!G11*8))))) -> 4 | Z11: =W11*재고내역!$M$6 -> 30748 | AA11: =IF(W11>8,4550*2,4550) -> 4550 | AB11: =V11-Z11-AA11-Y11 -> 6065.6364 | AC11: =AB11/V11 -> 0.14664176 | AL11: 46062 | AM11: 894
A12: 정희순 | B12: 010-8509-1977 | E12: 48414 | F12: 부산 남구 전포대로20번길 15 102동 2402호 | G12: 1 | H12: 워커힐 시그니처 양념 본갈비 300g, 4개 | L12: 문 앞에 놔주세요. | N12: OPT-2474614-2720917 | P12: 리씽크 | Q12: 46058 | R12: 리씽크 | S12: 45500 | T12: =IF(R12="쿠팡",VLOOKUP(H12,$AF$7:$AG$10,2,0)*G12,"0") -> 0 | U12: 45500 | V12: =U12/1.1 -> 41363.636 | W12: =IF(H12=재고내역!$F$9,출고요청서_raw!G12*1,IF(H12=재고내역!$F$10,출고요청서_raw!G12*2,IF(출고요청서_raw!H12=재고내역!$F$11,출고요청서_raw!G12*4,IF(출고요청서_raw!H12=재고내역!$F$12,출고요청서_raw!G12*6,IF(출고요청서_raw!H12=재고내역!$F$13,출고요청서_raw!G12*8))))) -> 4 | Z12: =W12*재고내역!$M$6 -> 30748 | AA12: =IF(W12>8,4550*2,4550) -> 4550 | AB12: =V12-Z12-AA12-Y12 -> 6065.6364 | AC12: =AB12/V12 -> 0.14664176 | AF12: *쿠팡 즉시할인 | AG12: 2/12~2/28 | AL12: 46063 | AM12: 224
A13: 서경수 | B13: 010-3268-6326 | E13: 22779 | F13: 인천광역시 서구 봉오재1로 49 (신현동, 루원시티루에블리) 806동2203호 | G13: 1 | H13: 워커힐 시그니처 양념 본갈비 300g, 4개 | N13: OPT-2474611-2720914 | P13: 리씽크 | Q13: 46058 | R13: 리씽크 | S13: 45500 | T13: =IF(R13="쿠팡",VLOOKUP(H13,$AF$7:$AG$10,2,0)*G13,"0") -> 0 | U13: 45500 | V13: =U13/1.1 -> 41363.636 | W13: =IF(H13=재고내역!$F$9,출고요청서_raw!G13*1,IF(H13=재고내역!$F$10,출고요청서_raw!G13*2,IF(출고요청서_raw!H13=재고내역!$F$11,출고요청서_raw!G13*4,IF(출고요청서_raw!H13=재고내역!$F$12,출고요청서_raw!G13*6,IF(출고요청서_raw!H13=재고내역!$F$13,출고요청서_raw!G13*8))))) -> 4 | Z13: =W13*재고내역!$M$6 -> 30748 | AA13: =IF(W13>8,4550*2,4550) -> 4550 | AB13: =V13-Z13-AA13-Y13 -> 6065.6364 | AC13: =AB13/V13 -> 0.14664176 | AF13: 워커힐 시그니처 양념 본갈비 300g, 1개 | AG13: 1100 | AL13: 46064 | AM13: 265
A14: 유경태 | B14: 010-7104-8919 | E14: 03438 | F14: 서울 은평구 갈현로1길 31 103동701호 | G14: 1 | H14: 워커힐 시그니처 양념 본갈비 300g, 4개 | N14: OPT-2474591-2720893 | P14: 리씽크 | Q14: 46058 | R14: 리씽크 | S14: 45500 | T14: =IF(R14="쿠팡",VLOOKUP(H14,$AF$7:$AG$10,2,0)*G14,"0") -> 0 | U14: 45500 | V14: =U14/1.1 -> 41363.636 | W14: =IF(H14=재고내역!$F$9,출고요청서_raw!G14*1,IF(H14=재고내역!$F$10,출고요청서_raw!G14*2,IF(출고요청서_raw!H14=재고내역!$F$11,출고요청서_raw!G14*4,IF(출고요청서_raw!H14=재고내역!$F$12,출고요청서_raw!G14*6,IF(출고요청서_raw!H14=재고내역!$F$13,출고요청서_raw!G14*8))))) -> 4 | Z14: =W14*재고내역!$M$6 -> 30748 | AA14: =IF(W14>8,4550*2,4550) -> 4550 | AB14: =V14-Z14-AA14-Y14 -> 6065.6364 | AC14: =AB14/V14 -> 0.14664176 | AF14: 워커힐 시그니처 양념 본갈비 300g, 2개 | AL14: 46065 | AM14: 76
A15: 김남희 | B15: 010-5018-5129 | E15: 31971 | F15: 충남 서산시 부춘2로 47 대림동신아파트 202동1308호 | G15: 1 | H15: 워커힐 시그니처 양념 본갈비 300g, 4개 | N15: OPT-2474590-2720892 | P15: 리씽크 | Q15: 46058 | R15: 리씽크 | S15: 45500 | T15: =IF(R15="쿠팡",VLOOKUP(H15,$AF$7:$AG$10,2,0)*G15,"0") -> 0 | U15: 45500 | V15: =U15/1.1 -> 41363.636 | W15: =IF(H15=재고내역!$F$9,출고요청서_raw!G15*1,IF(H15=재고내역!$F$10,출고요청서_raw!G15*2,IF(출고요청서_raw!H15=재고내역!$F$11,출고요청서_raw!G15*4,IF(출고요청서_raw!H15=재고내역!$F$12,출고요청서_raw!G15*6,IF(출고요청서_raw!H15=재고내역!$F$13,출고요청서_raw!G15*8))))) -> 4 | Z15: =W15*재고내역!$M$6 -> 30748 | AA15: =IF(W15>8,4550*2,4550) -> 4550 | AB15: =V15-Z15-AA15-Y15 -> 6065.6364 | AC15: =AB15/V15 -> 0.14664176 | AF15: 워커힐 시그니처 양념 본갈비 300g, 4개 | AL15: (비어 있음)
A16: 노 도빈 | B16: 010-5095-3185 | E16: 06276 | F16: 서울특별시 강남구 선릉로 221 (도곡동, 도곡렉슬아파트) 212동 201호 | G16: 1 | H16: 워커힐 시그니처 양념 본갈비 300g, 4개 | N16: OPT-2474583-2720885 | P16: 리씽크 | Q16: 46058 | R16: 리씽크 | S16: 45500 | T16: =IF(R16="쿠팡",VLOOKUP(H16,$AF$7:$AG$10,2,0)*G16,"0") -> 0 | U16: 45500 | V16: =U16/1.1 -> 41363.636 | W16: =IF(H16=재고내역!$F$9,출고요청서_raw!G16*1,IF(H16=재고내역!$F$10,출고요청서_raw!G16*2,IF(출고요청서_raw!H16=재고내역!$F$11,출고요청서_raw!G16*4,IF(출고요청서_raw!H16=재고내역!$F$12,출고요청서_raw!G16*6,IF(출고요청서_raw!H16=재고내역!$F$13,출고요청서_raw!G16*8))))) -> 4 | Z16: =W16*재고내역!$M$6 -> 30748 | AA16: =IF(W16>8,4550*2,4550) -> 4550 | AB16: =V16-Z16-AA16-Y16 -> 6065.6364 | AC16: =AB16/V16 -> 0.14664176 | AF16: 워커힐 시그니처 양념 본갈비 300g, 8개 | AL16: 총합계 | AM16: 3439
A17: 김인경 | B17: 010-4276-8831 | E17: 13595 | F17: 경기도 성남시 분당구 백현로 105 (수내동) B동 1601 | G17: 2 | H17: 워커힐 시그니처 양념 본갈비 300g, 4개 | N17: OPT-2474579-2720881 | P17: 리씽크 | Q17: 46058 | R17: 리씽크 | S17: 45500 | T17: =IF(R17="쿠팡",VLOOKUP(H17,$AF$7:$AG$10,2,0)*G17,"0") -> 0 | U17: 91000 | V17: =U17/1.1 -> 82727.273 | W17: =IF(H17=재고내역!$F$9,출고요청서_raw!G17*1,IF(H17=재고내역!$F$10,출고요청서_raw!G17*2,IF(출고요청서_raw!H17=재고내역!$F$11,출고요청서_raw!G17*4,IF(출고요청서_raw!H17=재고내역!$F$12,출고요청서_raw!G17*6,IF(출고요청서_raw!H17=재고내역!$F$13,출고요청서_raw!G17*8))))) -> 8 | Z17: =W17*재고내역!$M$6 -> 61496 | AA17: =IF(W17>8,4550*2,4550) -> 4550 | AB17: =V17-Z17-AA17-Y17 -> 16681.273 | AC17: =AB17/V17 -> 0.20164176
A18: 김성민 | B18: 010-2799-5539 | E18: 04969 | F18: 서울 광진구 아차산로76길 31 102동805호(광장동, 광나루현대아파트) | G18: 1 | H18: 워커힐 시그니처 양념 본갈비 300g, 4개 | L18: 문앞 | N18: OPT-2474568-2720870 | P18: 리씽크 | Q18: 46058 | R18: 리씽크 | S18: 45500 | T18: =IF(R18="쿠팡",VLOOKUP(H18,$AF$7:$AG$10,2,0)*G18,"0") -> 0 | U18: 45500 | V18: =U18/1.1 -> 41363.636 | W18: =IF(H18=재고내역!$F$9,출고요청서_raw!G18*1,IF(H18=재고내역!$F$10,출고요청서_raw!G18*2,IF(출고요청서_raw!H18=재고내역!$F$11,출고요청서_raw!G18*4,IF(출고요청서_raw!H18=재고내역!$F$12,출고요청서_raw!G18*6,IF(출고요청서_raw!H18=재고내역!$F$13,출고요청서_raw!G18*8))))) -> 4 | Z18: =W18*재고내역!$M$6 -> 30748 | AA18: =IF(W18>8,4550*2,4550) -> 4550 | AB18: =V18-Z18-AA18-Y18 -> 6065.6364 | AC18: =AB18/V18 -> 0.14664176
A19: 신현정 | B19: 010-8395-9816 | E19: 02095 | F19: 서울 중랑구 동일로 752 중화한신아파트 105동2106호 | G19: 1 | H19: 워커힐 시그니처 양념 본갈비 300g, 4개 | N19: OPT-2474500-2720801 | P19: 리씽크 | Q19: 46058 | R19: 리씽크 | S19: 45500 | T19: =IF(R19="쿠팡",VLOOKUP(H19,$AF$7:$AG$10,2,0)*G19,"0") -> 0 | U19: 45500 | V19: =U19/1.1 -> 41363.636 | W19: =IF(H19=재고내역!$F$9,출고요청서_raw!G19*1,IF(H19=재고내역!$F$10,출고요청서_raw!G19*2,IF(출고요청서_raw!H19=재고내역!$F$11,출고요청서_raw!G19*4,IF(출고요청서_raw!H19=재고내역!$F$12,출고요청서_raw!G19*6,IF(출고요청서_raw!H19=재고내역!$F$13,출고요청서_raw!G19*8))))) -> 4 | Z19: =W19*재고내역!$M$6 -> 30748 | AA19: =IF(W19>8,4550*2,4550) -> 4550 | AB19: =V19-Z19-AA19-Y19 -> 6065.6364 | AC19: =AB19/V19 -> 0.14664176
A20: zzangbc | B20: 010-8931-5099 | E20: 54406 | F20: 전북특별자치도 김제시 남북3길 10 오베르힐1201 | G20: 1 | H20: 워커힐 시그니처 양념 본갈비 300g, 4개 | L20: 문앞에 놔주시고 문자주세요 | N20: OPT-2474485-2720782 | P20: 리씽크 | Q20: 46058 | R20: 리씽크 | S20: 45500 | T20: =IF(R20="쿠팡",VLOOKUP(H20,$AF$7:$AG$10,2,0)*G20,"0") -> 0 | U20: 45500 | V20: =U20/1.1 -> 41363.636 | W20: =IF(H20=재고내역!$F$9,출고요청서_raw!G20*1,IF(H20=재고내역!$F$10,출고요청서_raw!G20*2,IF(출고요청서_raw!H20=재고내역!$F$11,출고요청서_raw!G20*4,IF(출고요청서_raw!H20=재고내역!$F$12,출고요청서_raw!G20*6,IF(출고요청서_raw!H20=재고내역!$F$13,출고요청서_raw!G20*8))))) -> 4 | Z20: =W20*재고내역!$M$6 -> 30748 | AA20: =IF(W20>8,4550*2,4550) -> 4550 | AB20: =V20-Z20-AA20-Y20 -> 6065.6364 | AC20: =AB20/V20 -> 0.14664176
A21: 오경숙 | B21: 010-9052-5262 | E21: 55357 | F21: 전북특별자치도 완주군 소양면 신교응암길 95-28 단독주택 | G21: 1 | H21: 워커힐 시그니처 양념 본갈비 300g, 4개 | N21: OPT-2474476-2720770 | P21: 리씽크 | Q21: 46058 | R21: 리씽크 | S21: 45500 | T21: =IF(R21="쿠팡",VLOOKUP(H21,$AF$7:$AG$10,2,0)*G21,"0") -> 0 | U21: 45500 | V21: =U21/1.1 -> 41363.636 | W21: =IF(H21=재고내역!$F$9,출고요청서_raw!G21*1,IF(H21=재고내역!$F$10,출고요청서_raw!G21*2,IF(출고요청서_raw!H21=재고내역!$F$11,출고요청서_raw!G21*4,IF(출고요청서_raw!H21=재고내역!$F$12,출고요청서_raw!G21*6,IF(출고요청서_raw!H21=재고내역!$F$13,출고요청서_raw!G21*8))))) -> 4 | Z21: =W21*재고내역!$M$6 -> 30748 | AA21: =IF(W21>8,4550*2,4550) -> 4550 | AB21: =V21-Z21-AA21-Y21 -> 6065.6364 | AC21: =AB21/V21 -> 0.14664176
A22: 김민정 | B22: 010-9995-6948 | E22: 16582 | F22: 경기 수원시 권선구 권광로 55 122동1104호 | G22: 1 | H22: 워커힐 시그니처 양념 본갈비 300g, 4개 | N22: OPT-2474473-2720767 | P22: 리씽크 | Q22: 46058 | R22: 리씽크 | S22: 45500 | T22: =IF(R22="쿠팡",VLOOKUP(H22,$AF$7:$AG$10,2,0)*G22,"0") -> 0 | U22: 45500 | V22: =U22/1.1 -> 41363.636 | W22: =IF(H22=재고내역!$F$9,출고요청서_raw!G22*1,IF(H22=재고내역!$F$10,출고요청서_raw!G22*2,IF(출고요청서_raw!H22=재고내역!$F$11,출고요청서_raw!G22*4,IF(출고요청서_raw!H22=재고내역!$F$12,출고요청서_raw!G22*6,IF(출고요청서_raw!H22=재고내역!$F$13,출고요청서_raw!G22*8))))) -> 4 | Z22: =W22*재고내역!$M$6 -> 30748 | AA22: =IF(W22>8,4550*2,4550) -> 4550 | AB22: =V22-Z22-AA22-Y22 -> 6065.6364 | AC22: =AB22/V22 -> 0.14664176
A23: eunhee | B23: 010-5642-1975 | E23: 17336 | F23: 경기 이천시 대월면 대산로288번길 72 카페드르와 | G23: 1 | H23: 워커힐 시그니처 양념 본갈비 300g, 4개 | N23: OPT-2474470-2720764 | P23: 리씽크 | Q23: 46058 | R23: 리씽크 | S23: 45500 | T23: =IF(R23="쿠팡",VLOOKUP(H23,$AF$7:$AG$10,2,0)*G23,"0") -> 0 | U23: 45500 | V23: =U23/1.1 -> 41363.636 | W23: =IF(H23=재고내역!$F$9,출고요청서_raw!G23*1,IF(H23=재고내역!$F$10,출고요청서_raw!G23*2,IF(출고요청서_raw!H23=재고내역!$F$11,출고요청서_raw!G23*4,IF(출고요청서_raw!H23=재고내역!$F$12,출고요청서_raw!G23*6,IF(출고요청서_raw!H23=재고내역!$F$13,출고요청서_raw!G23*8))))) -> 4 | Z23: =W23*재고내역!$M$6 -> 30748 | AA23: =IF(W23>8,4550*2,4550) -> 4550 | AB23: =V23-Z23-AA23-Y23 -> 6065.6364 | AC23: =AB23/V23 -> 0.14664176
A24: 김민경 | B24: 010-9319-4939 | E24: 08257 | F24: 서울특별시 구로구 부일로 927 (궁동, 궁동 우남푸르미아아파트) 101동 503호 | G24: 1 | H24: 워커힐 시그니처 양념 본갈비 300g, 4개 | N24: OPT-2474469-2720763 | P24: 리씽크 | Q24: 46058 | R24: 리씽크 | S24: 45500 | T24: =IF(R24="쿠팡",VLOOKUP(H24,$AF$7:$AG$10,2,0)*G24,"0") -> 0 | U24: 45500 | V24: =U24/1.1 -> 41363.636 | W24: =IF(H24=재고내역!$F$9,출고요청서_raw!G24*1,IF(H24=재고내역!$F$10,출고요청서_raw!G24*2,IF(출고요청서_raw!H24=재고내역!$F$11,출고요청서_raw!G24*4,IF(출고요청서_raw!H24=재고내역!$F$12,출고요청서_raw!G24*6,IF(출고요청서_raw!H24=재고내역!$F$13,출고요청서_raw!G24*8))))) -> 4 | Z24: =W24*재고내역!$M$6 -> 30748 | AA24: =IF(W24>8,4550*2,4550) -> 4550 | AB24: =V24-Z24-AA24-Y24 -> 6065.6364 | AC24: =AB24/V24 -> 0.14664176
A25: 구동욱 | B25: 010-9479-1804 | E25: 42833 | F25: 대구 달서구 한실로 117 309동703호 | G25: 2 | H25: 워커힐 시그니처 양념 본갈비 300g, 4개 | N25: OPT-2474466-2720760 | P25: 리씽크 | Q25: 46058 | R25: 리씽크 | S25: 45500 | T25: =IF(R25="쿠팡",VLOOKUP(H25,$AF$7:$AG$10,2,0)*G25,"0") -> 0 | U25: 91000 | V25: =U25/1.1 -> 82727.273 | W25: =IF(H25=재고내역!$F$9,출고요청서_raw!G25*1,IF(H25=재고내역!$F$10,출고요청서_raw!G25*2,IF(출고요청서_raw!H25=재고내역!$F$11,출고요청서_raw!G25*4,IF(출고요청서_raw!H25=재고내역!$F$12,출고요청서_raw!G25*6,IF(출고요청서_raw!H25=재고내역!$F$13,출고요청서_raw!G25*8))))) -> 8 | Z25: =W25*재고내역!$M$6 -> 61496 | AA25: =IF(W25>8,4550*2,4550) -> 4550 | AB25: =V25-Z25-AA25-Y25 -> 16681.273 | AC25: =AB25/V25 -> 0.20164176
A26: 지희 | B26: 010-6359-8751 | E26: 10909 | F26: 경기 파주시 하우고개길 183 104-101 | G26: 1 | H26: 워커힐 시그니처 양념 본갈비 300g, 4개 | N26: OPT-2474457-2720749 | P26: 리씽크 | Q26: 46058 | R26: 리씽크 | S26: 45500 | T26: =IF(R26="쿠팡",VLOOKUP(H26,$AF$7:$AG$10,2,0)*G26,"0") -> 0 | U26: 45500 | V26: =U26/1.1 -> 41363.636 | W26: =IF(H26=재고내역!$F$9,출고요청서_raw!G26*1,IF(H26=재고내역!$F$10,출고요청서_raw!G26*2,IF(출고요청서_raw!H26=재고내역!$F$11,출고요청서_raw!G26*4,IF(출고요청서_raw!H26=재고내역!$F$12,출고요청서_raw!G26*6,IF(출고요청서_raw!H26=재고내역!$F$13,출고요청서_raw!G26*8))))) -> 4 | Z26: =W26*재고내역!$M$6 -> 30748 | AA26: =IF(W26>8,4550*2,4550) -> 4550 | AB26: =V26-Z26-AA26-Y26 -> 6065.6364 | AC26: =AB26/V26 -> 0.14664176
A27: 김동길 | B27: 010-9919-7804 | E27: 41091 | F27: 대구광역시 동구 금강로16길 17-8 (신서동) 201호 | G27: 1 | H27: 워커힐 시그니처 양념 본갈비 300g, 4개 | N27: OPT-2474448-2720740 | P27: 리씽크 | Q27: 46058 | R27: 리씽크 | S27: 45500 | T27: =IF(R27="쿠팡",VLOOKUP(H27,$AF$7:$AG$10,2,0)*G27,"0") -> 0 | U27: 45500 | V27: =U27/1.1 -> 41363.636 | W27: =IF(H27=재고내역!$F$9,출고요청서_raw!G27*1,IF(H27=재고내역!$F$10,출고요청서_raw!G27*2,IF(출고요청서_raw!H27=재고내역!$F$11,출고요청서_raw!G27*4,IF(출고요청서_raw!H27=재고내역!$F$12,출고요청서_raw!G27*6,IF(출고요청서_raw!H27=재고내역!$F$13,출고요청서_raw!G27*8))))) -> 4 | Z27: =W27*재고내역!$M$6 -> 30748 | AA27: =IF(W27>8,4550*2,4550) -> 4550 | AB27: =V27-Z27-AA27-Y27 -> 6065.6364 | AC27: =AB27/V27 -> 0.14664176
A28: 예지 | B28: 010-4321-4906 | E28: 31090 | F28: 충남 천안시 서북구 오성8길 8 코지빌 403호 | G28: 1 | H28: 워커힐 시그니처 양념 본갈비 300g, 4개 | N28: OPT-2474438-2720728 | P28: 리씽크 | Q28: 46058 | R28: 리씽크 | S28: 45500 | T28: =IF(R28="쿠팡",VLOOKUP(H28,$AF$7:$AG$10,2,0)*G28,"0") -> 0 | U28: 45500 | V28: =U28/1.1 -> 41363.636 | W28: =IF(H28=재고내역!$F$9,출고요청서_raw!G28*1,IF(H28=재고내역!$F$10,출고요청서_raw!G28*2,IF(출고요청서_raw!H28=재고내역!$F$11,출고요청서_raw!G28*4,IF(출고요청서_raw!H28=재고내역!$F$12,출고요청서_raw!G28*6,IF(출고요청서_raw!H28=재고내역!$F$13,출고요청서_raw!G28*8))))) -> 4 | Z28: =W28*재고내역!$M$6 -> 30748 | AA28: =IF(W28>8,4550*2,4550) -> 4550 | AB28: =V28-Z28-AA28-Y28 -> 6065.6364 | AC28: =AB28/V28 -> 0.14664176
A29: 고종희 | B29: 010-3266-0597 | E29: 03357 | F29: 서울특별시 은평구 통일로 796 (불광동, 북한산 힐스테이트7차) 108동 202호 | G29: 1 | H29: 워커힐 시그니처 양념 본갈비 300g, 4개 | N29: OPT-2474427-2720716 | P29: 리씽크 | Q29: 46058 | R29: 리씽크 | S29: 45500 | T29: =IF(R29="쿠팡",VLOOKUP(H29,$AF$7:$AG$10,2,0)*G29,"0") -> 0 | U29: 45500 | V29: =U29/1.1 -> 41363.636 | W29: =IF(H29=재고내역!$F$9,출고요청서_raw!G29*1,IF(H29=재고내역!$F$10,출고요청서_raw!G29*2,IF(출고요청서_raw!H29=재고내역!$F$11,출고요청서_raw!G29*4,IF(출고요청서_raw!H29=재고내역!$F$12,출고요청서_raw!G29*6,IF(출고요청서_raw!H29=재고내역!$F$13,출고요청서_raw!G29*8))))) -> 4 | Z29: =W29*재고내역!$M$6 -> 30748 | AA29: =IF(W29>8,4550*2,4550) -> 4550 | AB29: =V29-Z29-AA29-Y29 -> 6065.6364 | AC29: =AB29/V29 -> 0.14664176
A30: 김진수 | B30: 010-4145-7149 | E30: 33475 | F30: 충남 보령시 명천로 106 105동 905호 | G30: 1 | H30: 워커힐 시그니처 양념 본갈비 300g, 4개 | N30: OPT-2474425-2720714 | P30: 리씽크 | Q30: 46058 | R30: 리씽크 | S30: 45500 | T30: =IF(R30="쿠팡",VLOOKUP(H30,$AF$7:$AG$10,2,0)*G30,"0") -> 0 | U30: 45500 | V30: =U30/1.1 -> 41363.636 | W30: =IF(H30=재고내역!$F$9,출고요청서_raw!G30*1,IF(H30=재고내역!$F$10,출고요청서_raw!G30*2,IF(출고요청서_raw!H30=재고내역!$F$11,출고요청서_raw!G30*4,IF(출고요청서_raw!H30=재고내역!$F$12,출고요청서_raw!G30*6,IF(출고요청서_raw!H30=재고내역!$F$13,출고요청서_raw!G30*8))))) -> 4 | Z30: =W30*재고내역!$M$6 -> 30748 | AA30: =IF(W30>8,4550*2,4550) -> 4550 | AB30: =V30-Z30-AA30-Y30 -> 6065.6364 | AC30: =AB30/V30 -> 0.14664176
A31: 엄순덕 | B31: 010-7702-2826 | E31: 26346 | F31: 강원특별자치도 원주시 지정면 조엄로 391 130동 1402호 | G31: 1 | H31: 워커힐 시그니처 양념 본갈비 300g, 4개 | N31: OPT-2474423-2720712 | P31: 리씽크 | Q31: 46058 | R31: 리씽크 | S31: 45500 | T31: =IF(R31="쿠팡",VLOOKUP(H31,$AF$7:$AG$10,2,0)*G31,"0") -> 0 | U31: 45500 | V31: =U31/1.1 -> 41363.636 | W31: =IF(H31=재고내역!$F$9,출고요청서_raw!G31*1,IF(H31=재고내역!$F$10,출고요청서_raw!G31*2,IF(출고요청서_raw!H31=재고내역!$F$11,출고요청서_raw!G31*4,IF(출고요청서_raw!H31=재고내역!$F$12,출고요청서_raw!G31*6,IF(출고요청서_raw!H31=재고내역!$F$13,출고요청서_raw!G31*8))))) -> 4 | Z31: =W31*재고내역!$M$6 -> 30748 | AA31: =IF(W31>8,4550*2,4550) -> 4550 | AB31: =V31-Z31-AA31-Y31 -> 6065.6364 | AC31: =AB31/V31 -> 0.14664176
A32: jmin | B32: 010-8918-6118 | E32: 13544 | F32: 경기 성남시 분당구 판교대장로5길 58 1107동 1301호 | G32: 1 | H32: 워커힐 시그니처 양념 본갈비 300g, 4개 | N32: OPT-2474421-2720710 | P32: 리씽크 | Q32: 46058 | R32: 리씽크 | S32: 45500 | T32: =IF(R32="쿠팡",VLOOKUP(H32,$AF$7:$AG$10,2,0)*G32,"0") -> 0 | U32: 45500 | V32: =U32/1.1 -> 41363.636 | W32: =IF(H32=재고내역!$F$9,출고요청서_raw!G32*1,IF(H32=재고내역!$F$10,출고요청서_raw!G32*2,IF(출고요청서_raw!H32=재고내역!$F$11,출고요청서_raw!G32*4,IF(출고요청서_raw!H32=재고내역!$F$12,출고요청서_raw!G32*6,IF(출고요청서_raw!H32=재고내역!$F$13,출고요청서_raw!G32*8))))) -> 4 | Z32: =W32*재고내역!$M$6 -> 30748 | AA32: =IF(W32>8,4550*2,4550) -> 4550 | AB32: =V32-Z32-AA32-Y32 -> 6065.6364 | AC32: =AB32/V32 -> 0.14664176
... A35: 김교욱 | B35: 010-9402-9909 | E35: 16822 | F35: 경기 용인시 수지구 동천로153번길 7 1102동 602호 | G35: 1 | H35: 워커힐 시그니처 양념 본갈비 300g, 4개 | N35: OPT-2474412-2720701 | P35: 리씽크 | Q35: 46058 | R35: 리씽크 | S35: 45500 | T35: =IF(R35="쿠팡",VLOOKUP(H35,$AF$7:$AG$10,2,0)*G35,"0") -> 0 | U35: 45500 | V35: =U35/1.1 -> 41363.636 | W35: =IF(H35=재고내역!$F$9,출고요청서_raw!G35*1,IF(H35=재고내역!$F$10,출고요청서_raw!G35*2,IF(출고요청서_raw!H35=재고내역!$F$11,출고요청서_raw!G35*4,IF(출고요청서_raw!H35=재고내역!$F$12,출고요청서_raw!G35*6,IF(출고요청서_raw!H35=재고내역!$F$13,출고요청서_raw!G35*8))))) -> 4 | Z35: =W35*재고내역!$M$6 -> 30748 | AA35: =IF(W35>8,4550*2,4550) -> 4550 | AB35: =V35-Z35-AA35-Y35 -> 6065.6364 | AC35: =AB35/V35 -> 0.14664176
A36: 문효진 | B36: 010-3382-1494 | E36: 05224 | F36: 서울 강동구 고덕로 333 118동 2102호 | G36: 2 | H36: 워커힐 시그니처 양념 본갈비 300g, 4개 | L36: 문앞 배송후 문자부탁드립니다 | N36: OPT-2474407-2720696 | P36: 리씽크 | Q36: 46058 | R36: 리씽크 | S36: 45500 | T36: =IF(R36="쿠팡",VLOOKUP(H36,$AF$7:$AG$10,2,0)*G36,"0") -> 0 | U36: 91000 | V36: =U36/1.1 -> 82727.273 | W36: =IF(H36=재고내역!$F$9,출고요청서_raw!G36*1,IF(H36=재고내역!$F$10,출고요청서_raw!G36*2,IF(출고요청서_raw!H36=재고내역!$F$11,출고요청서_raw!G36*4,IF(출고요청서_raw!H36=재고내역!$F$12,출고요청서_raw!G36*6,IF(출고요청서_raw!H36=재고내역!$F$13,출고요청서_raw!G36*8))))) -> 8 | Z36: =W36*재고내역!$M$6 -> 61496 | AA36: =IF(W36>8,4550*2,4550) -> 4550 | AB36: =V36-Z36-AA36-Y36 -> 16681.273 | AC36: =AB36/V36 -> 0.20164176
A37: Yumi Chun | B37: 010-9011-3805 | E37: 16868 | F37: 경기 용인시 수지구 용구대로 2720 105동 1206호 | G37: 1 | H37: 워커힐 시그니처 양념 본갈비 300g, 4개 | N37: OPT-2474405-2720694 | P37: 리씽크 | Q37: 46058 | R37: 리씽크 | S37: 45500 | T37: =IF(R37="쿠팡",VLOOKUP(H37,$AF$7:$AG$10,2,0)*G37,"0") -> 0 | U37: 45500 | V37: =U37/1.1 -> 41363.636 | W37: =IF(H37=재고내역!$F$9,출고요청서_raw!G37*1,IF(H37=재고내역!$F$10,출고요청서_raw!G37*2,IF(출고요청서_raw!H37=재고내역!$F$11,출고요청서_raw!G37*4,IF(출고요청서_raw!H37=재고내역!$F$12,출고요청서_raw!G37*6,IF(출고요청서_raw!H37=재고내역!$F$13,출고요청서_raw!G37*8))))) -> 4 | Z37: =W37*재고내역!$M$6 -> 30748 | AA37: =IF(W37>8,4550*2,4550) -> 4550 | AB37: =V37-Z37-AA37-Y37 -> 6065.6364 | AC37: =AB37/V37 -> 0.14664176
A38: 박순자 | B38: 010-5503-6926 | E38: 57161 | F38: 전남 함평군 학교면 선암길 28-8 집앞 | G38: 3 | H38: 워커힐 시그니처 양념 본갈비 300g, 4개 | L38: 대문 안쪽 집앞에 부탁드립니다 | N38: OPT-2474398-2720685 | P38: 리씽크 | Q38: 46058 | R38: 리씽크 | S38: 45500 | T38: =IF(R38="쿠팡",VLOOKUP(H38,$AF$7:$AG$10,2,0)*G38,"0") -> 0 | U38: 136500 | V38: =U38/1.1 -> 124090.91 | W38: =IF(H38=재고내역!$F$9,출고요청서_raw!G38*1,IF(H38=재고내역!$F$10,출고요청서_raw!G38*2,IF(출고요청서_raw!H38=재고내역!$F$11,출고요청서_raw!G38*4,IF(출고요청서_raw!H38=재고내역!$F$12,출고요청서_raw!G38*6,IF(출고요청서_raw!H38=재고내역!$F$13,출고요청서_raw!G38*8))))) -> 12 | Z38: =W38*재고내역!$M$6 -> 92244 | AA38: =IF(W38>8,4550*2,4550) -> 9100 | AB38: =V38-Z38-AA38-Y38 -> 22746.909 | AC38: =AB38/V38 -> 0.18330842
A39: 친절한 재무코치 희순 | B39: 010-9346-2780 | E39: 48288 | F39: 부산 수영구 광안해변로307번길 37 101호 | G39: 1 | H39: 워커힐 시그니처 양념 본갈비 300g, 4개 | L39: 현관문안쪽두세요 | N39: OPT-2474395-2720682 | P39: 리씽크 | Q39: 46058 | R39: 리씽크 | S39: 45500 | T39: =IF(R39="쿠팡",VLOOKUP(H39,$AF$7:$AG$10,2,0)*G39,"0") -> 0 | U39: 45500 | V39: =U39/1.1 -> 41363.636 | W39: =IF(H39=재고내역!$F$9,출고요청서_raw!G39*1,IF(H39=재고내역!$F$10,출고요청서_raw!G39*2,IF(출고요청서_raw!H39=재고내역!$F$11,출고요청서_raw!G39*4,IF(출고요청서_raw!H39=재고내역!$F$12,출고요청서_raw!G39*6,IF(출고요청서_raw!H39=재고내역!$F$13,출고요청서_raw!G39*8))))) -> 4 | Z39: =W39*재고내역!$M$6 -> 30748 | AA39: =IF(W39>8,4550*2,4550) -> 4550 | AB39: =V39-Z39-AA39-Y39 -> 6065.6364 | AC39: =AB39/V39 -> 0.14664176
A40: 코코넛 | B40: 010-7531-0337 | E40: 05846 | F40: 서울특별시 송파구 위례송파로 123 (거여동, 포레나송파) 1707동 603호 | G40: 1 | H40: 워커힐 시그니처 양념 본갈비 300g, 4개 | L40: 드라이스 아이스 빵빵하게 부탁드립니다. | N40: OPT-2474394-2720681 | P40: 리씽크 | Q40: 46058 | R40: 리씽크 | S40: 45500 | T40: =IF(R40="쿠팡",VLOOKUP(H40,$AF$7:$AG$10,2,0)*G40,"0") -> 0 | U40: 45500 | V40: =U40/1.1 -> 41363.636 | W40: =IF(H40=재고내역!$F$9,출고요청서_raw!G40*1,IF(H40=재고내역!$F$10,출고요청서_raw!G40*2,IF(출고요청서_raw!H40=재고내역!$F$11,출고요청서_raw!G40*4,IF(출고요청서_raw!H40=재고내역!$F$12,출고요청서_raw!G40*6,IF(출고요청서_raw!H40=재고내역!$F$13,출고요청서_raw!G40*8))))) -> 4 | Z40: =W40*재고내역!$M$6 -> 30748 | AA40: =IF(W40>8,4550*2,4550) -> 4550 | AB40: =V40-Z40-AA40-Y40 -> 6065.6364 | AC40: =AB40/V40 -> 0.14664176
A41: 조종원 | B41: 010-3837-3626 | E41: 50650 | F41: 경남 양산시 동면 금오16길 65 경남 양산시 동면 금오16길65,106동2401호(남양산이편한세상1차) | G41: 1 | H41: 워커힐 시그니처 양념 본갈비 300g, 4개 | N41: OPT-2474387-2720672 | P41: 리씽크 | Q41: 46058 | R41: 리씽크 | S41: 45500 | T41: =IF(R41="쿠팡",VLOOKUP(H41,$AF$7:$AG$10,2,0)*G41,"0") -> 0 | U41: 45500 | V41: =U41/1.1 -> 41363.636 | W41: =IF(H41=재고내역!$F$9,출고요청서_raw!G41*1,IF(H41=재고내역!$F$10,출고요청서_raw!G41*2,IF(출고요청서_raw!H41=재고내역!$F$11,출고요청서_raw!G41*4,IF(출고요청서_raw!H41=재고내역!$F$12,출고요청서_raw!G41*6,IF(출고요청서_raw!H41=재고내역!$F$13,출고요청서_raw!G41*8))))) -> 4 | Z41: =W41*재고내역!$M$6 -> 30748 | AA41: =IF(W41>8,4550*2,4550) -> 4550 | AB41: =V41-Z41-AA41-Y41 -> 6065.6364 | AC41: =AB41/V41 -> 0.14664176
A42: 최수연 | B42: 010-9984-1481 | E42: 10318 | F42: 서울 성북구 서경로 28 102동 1001호 | G42: 1 | H42: 워커힐 시그니처 양념 본갈비 300g, 4개 | N42: OPT-2474385-2720670 | P42: 리씽크 | Q42: 46058 | R42: 리씽크 | S42: 45500 | T42: =IF(R42="쿠팡",VLOOKUP(H42,$AF$7:$AG$10,2,0)*G42,"0") -> 0 | U42: 45500 | V42: =U42/1.1 -> 41363.636 | W42: =IF(H42=재고내역!$F$9,출고요청서_raw!G42*1,IF(H42=재고내역!$F$10,출고요청서_raw!G42*2,IF(출고요청서_raw!H42=재고내역!$F$11,출고요청서_raw!G42*4,IF(출고요청서_raw!H42=재고내역!$F$12,출고요청서_raw!G42*6,IF(출고요청서_raw!H42=재고내역!$F$13,출고요청서_raw!G42*8))))) -> 4 | Z42: =W42*재고내역!$M$6 -> 30748 | AA42: =IF(W42>8,4550*2,4550) -> 4550 | AB42: =V42-Z42-AA42-Y42 -> 6065.6364 | AC42: =AB42/V42 -> 0.14664176
A43: Harry” | B43: 010-8868-1996 | E43: 13539 | F43: 경기 성남시 분당구 판교백현로 38 101동 1201호 | G43: 1 | H43: 워커힐 시그니처 양념 본갈비 300g, 4개 | N43: OPT-2474381-2720665 | P43: 리씽크 | Q43: 46058 | R43: 리씽크 | S43: 45500 | T43: =IF(R43="쿠팡",VLOOKUP(H43,$AF$7:$AG$10,2,0)*G43,"0") -> 0 | U43: 45500 | V43: =U43/1.1 -> 41363.636 | W43: =IF(H43=재고내역!$F$9,출고요청서_raw!G43*1,IF(H43=재고내역!$F$10,출고요청서_raw!G43*2,IF(출고요청서_raw!H43=재고내역!$F$11,출고요청서_raw!G43*4,IF(출고요청서_raw!H43=재고내역!$F$12,출고요청서_raw!G43*6,IF(출고요청서_raw!H43=재고내역!$F$13,출고요청서_raw!G43*8))))) -> 4 | Z43: =W43*재고내역!$M$6 -> 30748 | AA43: =IF(W43>8,4550*2,4550) -> 4550 | AB43: =V43-Z43-AA43-Y43 -> 6065.6364 | AC43: =AB43/V43 -> 0.14664176
A44: 박진혁 | B44: 010-9158-3106 | E44: 16517 | F44: 경기 수원시 영통구 광교호수공원로 277 110동 4603호 | G44: 1 | H44: 워커힐 시그니처 양념 본갈비 300g, 4개 | N44: OPT-2474377-2720661 | P44: 리씽크 | Q44: 46058 | R44: 리씽크 | S44: 45500 | T44: =IF(R44="쿠팡",VLOOKUP(H44,$AF$7:$AG$10,2,0)*G44,"0") -> 0 | U44: 45500 | V44: =U44/1.1 -> 41363.636 | W44: =IF(H44=재고내역!$F$9,출고요청서_raw!G44*1,IF(H44=재고내역!$F$10,출고요청서_raw!G44*2,IF(출고요청서_raw!H44=재고내역!$F$11,출고요청서_raw!G44*4,IF(출고요청서_raw!H44=재고내역!$F$12,출고요청서_raw!G44*6,IF(출고요청서_raw!H44=재고내역!$F$13,출고요청서_raw!G44*8))))) -> 4 | Z44: =W44*재고내역!$M$6 -> 30748 | AA44: =IF(W44>8,4550*2,4550) -> 4550 | AB44: =V44-Z44-AA44-Y44 -> 6065.6364 | AC44: =AB44/V44 -> 0.14664176
A45: 구자봉 | B45: 010-3067-1884 | E45: 05274 | F45: 서울 강동구 고덕로 360 아르테온 아파트 323동705호 | G45: 1 | H45: 워커힐 시그니처 양념 본갈비 300g, 4개 | L45: 아르테온 아파트 323동705호 | N45: OPT-2474376-2720660 | P45: 리씽크 | Q45: 46058 | R45: 리씽크 | S45: 45500 | T45: =IF(R45="쿠팡",VLOOKUP(H45,$AF$7:$AG$10,2,0)*G45,"0") -> 0 | U45: 45500 | V45: =U45/1.1 -> 41363.636 | W45: =IF(H45=재고내역!$F$9,출고요청서_raw!G45*1,IF(H45=재고내역!$F$10,출고요청서_raw!G45*2,IF(출고요청서_raw!H45=재고내역!$F$11,출고요청서_raw!G45*4,IF(출고요청서_raw!H45=재고내역!$F$12,출고요청서_raw!G45*6,IF(출고요청서_raw!H45=재고내역!$F$13,출고요청서_raw!G45*8))))) -> 4 | Z45: =W45*재고내역!$M$6 -> 30748 | AA45: =IF(W45>8,4550*2,4550) -> 4550 | AB45: =V45-Z45-AA45-Y45 -> 6065.6364 | AC45: =AB45/V45 -> 0.14664176
A46: 명열 | B46: 010-2730-5221 | E46: 16822 | F46: 경기 용인시 수지구 동천로135번길 21 1310-802 | G46: 1 | H46: 워커힐 시그니처 양념 본갈비 300g, 4개 | N46: OPT-2474370-2720653 | P46: 리씽크 | Q46: 46058 | R46: 리씽크 | S46: 45500 | T46: =IF(R46="쿠팡",VLOOKUP(H46,$AF$7:$AG$10,2,0)*G46,"0") -> 0 | U46: 45500 | V46: =U46/1.1 -> 41363.636 | W46: =IF(H46=재고내역!$F$9,출고요청서_raw!G46*1,IF(H46=재고내역!$F$10,출고요청서_raw!G46*2,IF(출고요청서_raw!H46=재고내역!$F$11,출고요청서_raw!G46*4,IF(출고요청서_raw!H46=재고내역!$F$12,출고요청서_raw!G46*6,IF(출고요청서_raw!H46=재고내역!$F$13,출고요청서_raw!G46*8))))) -> 4 | Z46: =W46*재고내역!$M$6 -> 30748 | AA46: =IF(W46>8,4550*2,4550) -> 4550 | AB46: =V46-Z46-AA46-Y46 -> 6065.6364 | AC46: =AB46/V46 -> 0.14664176
A47: 장석경 | B47: 010-8419-0367 | E47: 63090 | F47: 제주특별자치도 제주시 과원로 11 부영2차 204동 910호 | G47: 1 | H47: 워커힐 시그니처 양념 본갈비 300g, 4개 | N47: OPT-2474362-2720644 | P47: 리씽크 | Q47: 46058 | R47: 리씽크 | S47: 45500 | T47: =IF(R47="쿠팡",VLOOKUP(H47,$AF$7:$AG$10,2,0)*G47,"0") -> 0 | U47: 45500 | V47: =U47/1.1 -> 41363.636 | W47: =IF(H47=재고내역!$F$9,출고요청서_raw!G47*1,IF(H47=재고내역!$F$10,출고요청서_raw!G47*2,IF(출고요청서_raw!H47=재고내역!$F$11,출고요청서_raw!G47*4,IF(출고요청서_raw!H47=재고내역!$F$12,출고요청서_raw!G47*6,IF(출고요청서_raw!H47=재고내역!$F$13,출고요청서_raw!G47*8))))) -> 4 | Z47: =W47*재고내역!$M$6 -> 30748 | AA47: =IF(W47>8,4550*2,4550) -> 4550 | AB47: =V47-Z47-AA47-Y47 -> 6065.6364 | AC47: =AB47/V47 -> 0.14664176
A48: Jin 김현진 | B48: 010-4880-9223 | E48: 06714 | F48: 서울 서초구 남부순환로 2311-12 105-1901(방배래미안아트힐아파트) | G48: 1 | H48: 워커힐 시그니처 양념 본갈비 300g, 4개 | N48: OPT-2474361-2720643 | P48: 리씽크 | Q48: 46058 | R48: 리씽크 | S48: 45500 | T48: =IF(R48="쿠팡",VLOOKUP(H48,$AF$7:$AG$10,2,0)*G48,"0") -> 0 | U48: 45500 | V48: =U48/1.1 -> 41363.636 | W48: =IF(H48=재고내역!$F$9,출고요청서_raw!G48*1,IF(H48=재고내역!$F$10,출고요청서_raw!G48*2,IF(출고요청서_raw!H48=재고내역!$F$11,출고요청서_raw!G48*4,IF(출고요청서_raw!H48=재고내역!$F$12,출고요청서_raw!G48*6,IF(출고요청서_raw!H48=재고내역!$F$13,출고요청서_raw!G48*8))))) -> 4 | Z48: =W48*재고내역!$M$6 -> 30748 | AA48: =IF(W48>8,4550*2,4550) -> 4550 | AB48: =V48-Z48-AA48-Y48 -> 6065.6364 | AC48: =AB48/V48 -> 0.14664176
A49: 송병선 | B49: 010-5360-4696 | E49: 14596 | F49: 경기 부천시 원미구 부흥로 102 한아름한국아파트 1538동 103호 | G49: 2 | H49: 워커힐 시그니처 양념 본갈비 300g, 4개 | N49: OPT-2474355-2720635 | P49: 리씽크 | Q49: 46058 | R49: 리씽크 | S49: 45500 | T49: =IF(R49="쿠팡",VLOOKUP(H49,$AF$7:$AG$10,2,0)*G49,"0") -> 0 | U49: 91000 | V49: =U49/1.1 -> 82727.273 | W49: =IF(H49=재고내역!$F$9,출고요청서_raw!G49*1,IF(H49=재고내역!$F$10,출고요청서_raw!G49*2,IF(출고요청서_raw!H49=재고내역!$F$11,출고요청서_raw!G49*4,IF(출고요청서_raw!H49=재고내역!$F$12,출고요청서_raw!G49*6,IF(출고요청서_raw!H49=재고내역!$F$13,출고요청서_raw!G49*8))))) -> 8 | Z49: =W49*재고내역!$M$6 -> 61496 | AA49: =IF(W49>8,4550*2,4550) -> 4550 | AB49: =V49-Z49-AA49-Y49 -> 16681.273 | AC49: =AB49/V49 -> 0.20164176
A50: Jeeyoung | B50: 010-9097-7084 | E50: 16021 | F50: 경기 의왕시 내손중앙로 11 1110-2504 | G50: 1 | H50: 워커힐 시그니처 양념 본갈비 300g, 4개 | N50: OPT-2474350-2720629 | P50: 리씽크 | Q50: 46058 | R50: 리씽크 | S50: 45500 | T50: =IF(R50="쿠팡",VLOOKUP(H50,$AF$7:$AG$10,2,0)*G50,"0") -> 0 | U50: 45500 | V50: =U50/1.1 -> 41363.636 | W50: =IF(H50=재고내역!$F$9,출고요청서_raw!G50*1,IF(H50=재고내역!$F$10,출고요청서_raw!G50*2,IF(출고요청서_raw!H50=재고내역!$F$11,출고요청서_raw!G50*4,IF(출고요청서_raw!H50=재고내역!$F$12,출고요청서_raw!G50*6,IF(출고요청서_raw!H50=재고내역!$F$13,출고요청서_raw!G50*8))))) -> 4 | Z50: =W50*재고내역!$M$6 -> 30748 | AA50: =IF(W50>8,4550*2,4550) -> 4550 | AB50: =V50-Z50-AA50-Y50 -> 6065.6364 | AC50: =AB50/V50 -> 0.14664176
A51: 제민맘짱 | B51: 010-4427-5129 | E51: 31091 | F51: 충청남도 천안시 서북구 한들3로 100 (백석동, 백석마을아이파크아파트) 114동 402호 | G51: 1 | H51: 워커힐 시그니처 양념 본갈비 300g, 4개 | N51: OPT-2474349-2720628 | P51: 리씽크 | Q51: 46058 | R51: 리씽크 | S51: 45500 | T51: =IF(R51="쿠팡",VLOOKUP(H51,$AF$7:$AG$10,2,0)*G51,"0") -> 0 | U51: 45500 | V51: =U51/1.1 -> 41363.636 | W51: =IF(H51=재고내역!$F$9,출고요청서_raw!G51*1,IF(H51=재고내역!$F$10,출고요청서_raw!G51*2,IF(출고요청서_raw!H51=재고내역!$F$11,출고요청서_raw!G51*4,IF(출고요청서_raw!H51=재고내역!$F$12,출고요청서_raw!G51*6,IF(출고요청서_raw!H51=재고내역!$F$13,출고요청서_raw!G51*8))))) -> 4 | Z51: =W51*재고내역!$M$6 -> 30748 | AA51: =IF(W51>8,4550*2,4550) -> 4550 | AB51: =V51-Z51-AA51-Y51 -> 6065.6364 | AC51: =AB51/V51 -> 0.14664176
A52: chungyoul | B52: 010-6360-8033 | E52: 03911 | F52: 서울특별시 마포구 월드컵로 338 (상암동, 상암월드컵파크 3단지) 309동301호 | G52: 1 | H52: 워커힐 시그니처 양념 본갈비 300g, 4개 | N52: OPT-2474341-2720620 | P52: 리씽크 | Q52: 46058 | R52: 리씽크 | S52: 45500 | T52: =IF(R52="쿠팡",VLOOKUP(H52,$AF$7:$AG$10,2,0)*G52,"0") -> 0 | U52: 45500 | V52: =U52/1.1 -> 41363.636 | W52: =IF(H52=재고내역!$F$9,출고요청서_raw!G52*1,IF(H52=재고내역!$F$10,출고요청서_raw!G52*2,IF(출고요청서_raw!H52=재고내역!$F$11,출고요청서_raw!G52*4,IF(출고요청서_raw!H52=재고내역!$F$12,출고요청서_raw!G52*6,IF(출고요청서_raw!H52=재고내역!$F$13,출고요청서_raw!G52*8))))) -> 4 | Z52: =W52*재고내역!$M$6 -> 30748 | AA52: =IF(W52>8,4550*2,4550) -> 4550 | AB52: =V52-Z52-AA52-Y52 -> 6065.6364 | AC52: =AB52/V52 -> 0.14664176
A53: 곽규환 | B53: 010-6389-1775 | E53: 13544 | F53: 경기도 성남시 분당구 판교대장로5길 20 (대장동, 판교 풍경채 어바니티 5단지) 502동 1003호 | G53: 1 | H53: 워커힐 시그니처 양념 본갈비 300g, 4개 | N53: OPT-2474340-2720619 | P53: 리씽크 | Q53: 46058 | R53: 리씽크 | S53: 45500 | T53: =IF(R53="쿠팡",VLOOKUP(H53,$AF$7:$AG$10,2,0)*G53,"0") -> 0 | U53: 45500 | V53: =U53/1.1 -> 41363.636 | W53: =IF(H53=재고내역!$F$9,출고요청서_raw!G53*1,IF(H53=재고내역!$F$10,출고요청서_raw!G53*2,IF(출고요청서_raw!H53=재고내역!$F$11,출고요청서_raw!G53*4,IF(출고요청서_raw!H53=재고내역!$F$12,출고요청서_raw!G53*6,IF(출고요청서_raw!H53=재고내역!$F$13,출고요청서_raw!G53*8))))) -> 4 | Z53: =W53*재고내역!$M$6 -> 30748 | AA53: =IF(W53>8,4550*2,4550) -> 4550 | AB53: =V53-Z53-AA53-Y53 -> 6065.6364 | AC53: =AB53/V53 -> 0.14664176
A54: 손민기(칡소) | B54: 010-5217-7255 | E54: 13379 | F54: 경기 성남시 수정구 수정로 2 103동 706호(수진동,삼정그린뷰아파트) | G54: 1 | H54: 워커힐 시그니처 양념 본갈비 300g, 4개 | N54: OPT-2474338-2720617 | P54: 리씽크 | Q54: 46058 | R54: 리씽크 | S54: 45500 | T54: =IF(R54="쿠팡",VLOOKUP(H54,$AF$7:$AG$10,2,0)*G54,"0") -> 0 | U54: 45500 | V54: =U54/1.1 -> 41363.636 | W54: =IF(H54=재고내역!$F$9,출고요청서_raw!G54*1,IF(H54=재고내역!$F$10,출고요청서_raw!G54*2,IF(출고요청서_raw!H54=재고내역!$F$11,출고요청서_raw!G54*4,IF(출고요청서_raw!H54=재고내역!$F$12,출고요청서_raw!G54*6,IF(출고요청서_raw!H54=재고내역!$F$13,출고요청서_raw!G54*8))))) -> 4 | Z54: =W54*재고내역!$M$6 -> 30748 | AA54: =IF(W54>8,4550*2,4550) -> 4550 | AB54: =V54-Z54-AA54-Y54 -> 6065.6364 | AC54: =AB54/V54 -> 0.14664176
A55: 최복식 | B55: 010-3198-2621 | E55: 46017 | F55: 부산광역시 기장군 정관읍 정관5로 12 (동원로얄듀크2차아파트) 214동 1705호 | G55: 1 | H55: 워커힐 시그니처 양념 본갈비 300g, 4개 | N55: OPT-2474337-2720616 | P55: 리씽크 | Q55: 46058 | R55: 리씽크 | S55: 45500 | T55: =IF(R55="쿠팡",VLOOKUP(H55,$AF$7:$AG$10,2,0)*G55,"0") -> 0 | U55: 45500 | V55: =U55/1.1 -> 41363.636 | W55: =IF(H55=재고내역!$F$9,출고요청서_raw!G55*1,IF(H55=재고내역!$F$10,출고요청서_raw!G55*2,IF(출고요청서_raw!H55=재고내역!$F$11,출고요청서_raw!G55*4,IF(출고요청서_raw!H55=재고내역!$F$12,출고요청서_raw!G55*6,IF(출고요청서_raw!H55=재고내역!$F$13,출고요청서_raw!G55*8))))) -> 4 | Z55: =W55*재고내역!$M$6 -> 30748 | AA55: =IF(W55>8,4550*2,4550) -> 4550 | AB55: =V55-Z55-AA55-Y55 -> 6065.6364 | AC55: =AB55/V55 -> 0.14664176
A56: jihyun | B56: 010-8501-9350 | E56: 47748 | F56: 부산광역시 동래구 명륜로 170 (명륜동, 명륜아이파크1단지) 107동 802호 | G56: 1 | H56: 워커힐 시그니처 양념 본갈비 300g, 4개 | N56: OPT-2474335-2720614 | P56: 리씽크 | Q56: 46058 | R56: 리씽크 | S56: 45500 | T56: =IF(R56="쿠팡",VLOOKUP(H56,$AF$7:$AG$10,2,0)*G56,"0") -> 0 | U56: 45500 | V56: =U56/1.1 -> 41363.636 | W56: =IF(H56=재고내역!$F$9,출고요청서_raw!G56*1,IF(H56=재고내역!$F$10,출고요청서_raw!G56*2,IF(출고요청서_raw!H56=재고내역!$F$11,출고요청서_raw!G56*4,IF(출고요청서_raw!H56=재고내역!$F$12,출고요청서_raw!G56*6,IF(출고요청서_raw!H56=재고내역!$F$13,출고요청서_raw!G56*8))))) -> 4 | Z56: =W56*재고내역!$M$6 -> 30748 | AA56: =IF(W56>8,4550*2,4550) -> 4550 | AB56: =V56-Z56-AA56-Y56 -> 6065.6364 | AC56: =AB56/V56 -> 0.14664176
A57: 이순분 | B57: 010-7135-4709 | E57: 21434 | F57: 인천광역시 부평구 아트센터로 118 (십정동, 동암신동아아파트) 신동아104동205호 | G57: 1 | H57: 워커힐 시그니처 양념 본갈비 300g, 4개 | N57: OPT-2474334-2720613 | P57: 리씽크 | Q57: 46058 | R57: 리씽크 | S57: 45500 | T57: =IF(R57="쿠팡",VLOOKUP(H57,$AF$7:$AG$10,2,0)*G57,"0") -> 0 | U57: 45500 | V57: =U57/1.1 -> 41363.636 | W57: =IF(H57=재고내역!$F$9,출고요청서_raw!G57*1,IF(H57=재고내역!$F$10,출고요청서_raw!G57*2,IF(출고요청서_raw!H57=재고내역!$F$11,출고요청서_raw!G57*4,IF(출고요청서_raw!H57=재고내역!$F$12,출고요청서_raw!G57*6,IF(출고요청서_raw!H57=재고내역!$F$13,출고요청서_raw!G57*8))))) -> 4 | Z57: =W57*재고내역!$M$6 -> 30748 | AA57: =IF(W57>8,4550*2,4550) -> 4550 | AB57: =V57-Z57-AA57-Y57 -> 6065.6364 | AC57: =AB57/V57 -> 0.14664176
A58: 시냇가에 심은 나무처럼~ | B58: 010-3412-0497 | E58: 07046 | F58: 서울 동작구 성대로 164 상도푸르지오클라베뉴 106동905호 | G58: 1 | H58: 워커힐 시그니처 양념 본갈비 300g, 4개 | L58: 문앞 | N58: OPT-2474332-2720611 | P58: 리씽크 | Q58: 46058 | R58: 리씽크 | S58: 45500 | T58: =IF(R58="쿠팡",VLOOKUP(H58,$AF$7:$AG$10,2,0)*G58,"0") -> 0 | U58: 45500 | V58: =U58/1.1 -> 41363.636 | W58: =IF(H58=재고내역!$F$9,출고요청서_raw!G58*1,IF(H58=재고내역!$F$10,출고요청서_raw!G58*2,IF(출고요청서_raw!H58=재고내역!$F$11,출고요청서_raw!G58*4,IF(출고요청서_raw!H58=재고내역!$F$12,출고요청서_raw!G58*6,IF(출고요청서_raw!H58=재고내역!$F$13,출고요청서_raw!G58*8))))) -> 4 | Z58: =W58*재고내역!$M$6 -> 30748 | AA58: =IF(W58>8,4550*2,4550) -> 4550 | AB58: =V58-Z58-AA58-Y58 -> 6065.6364 | AC58: =AB58/V58 -> 0.14664176
A59: WJ | B59: 010-8602-5630 | E59: 10391 | F59: 경기 고양시 일산서구 킨텍스로 240 106동 2201호 | G59: 1 | H59: 워커힐 시그니처 양념 본갈비 300g, 4개 | N59: OPT-2474319-2720594 | P59: 리씽크 | Q59: 46058 | R59: 리씽크 | S59: 45500 | T59: =IF(R59="쿠팡",VLOOKUP(H59,$AF$7:$AG$10,2,0)*G59,"0") -> 0 | U59: 45500 | V59: =U59/1.1 -> 41363.636 | W59: =IF(H59=재고내역!$F$9,출고요청서_raw!G59*1,IF(H59=재고내역!$F$10,출고요청서_raw!G59*2,IF(출고요청서_raw!H59=재고내역!$F$11,출고요청서_raw!G59*4,IF(출고요청서_raw!H59=재고내역!$F$12,출고요청서_raw!G59*6,IF(출고요청서_raw!H59=재고내역!$F$13,출고요청서_raw!G59*8))))) -> 4 | Z59: =W59*재고내역!$M$6 -> 30748 | AA59: =IF(W59>8,4550*2,4550) -> 4550 | AB59: =V59-Z59-AA59-Y59 -> 6065.6364 | AC59: =AB59/V59 -> 0.14664176
A60: 이정희martha | B60: 010-4538-2572 | E60: 23026 | F60: 인천광역시 강화군 강화읍 강화대로 96-1 (강화씨앤블루빌) 2동 18호 | G60: 1 | H60: 워커힐 시그니처 양념 본갈비 300g, 4개 | L60: 삼프로 홍보 보고 주문해요 | N60: OPT-2474316-2720591 | P60: 리씽크 | Q60: 46058 | R60: 리씽크 | S60: 45500 | T60: =IF(R60="쿠팡",VLOOKUP(H60,$AF$7:$AG$10,2,0)*G60,"0") -> 0 | U60: 45500 | V60: =U60/1.1 -> 41363.636 | W60: =IF(H60=재고내역!$F$9,출고요청서_raw!G60*1,IF(H60=재고내역!$F$10,출고요청서_raw!G60*2,IF(출고요청서_raw!H60=재고내역!$F$11,출고요청서_raw!G60*4,IF(출고요청서_raw!H60=재고내역!$F$12,출고요청서_raw!G60*6,IF(출고요청서_raw!H60=재고내역!$F$13,출고요청서_raw!G60*8))))) -> 4 | Z60: =W60*재고내역!$M$6 -> 30748 | AA60: =IF(W60>8,4550*2,4550) -> 4550 | AB60: =V60-Z60-AA60-Y60 -> 6065.6364 | AC60: =AB60/V60 -> 0.14664176
A61: 김지혜 / jumjum__2 | B61: 010-4274-7225 | E61: 16035 | F61: 경기 의왕시 내손순환로 8 202동 403호 | G61: 2 | H61: 워커힐 시그니처 양념 본갈비 300g, 4개 | N61: OPT-2474314-2720589 | P61: 리씽크 | Q61: 46058 | R61: 리씽크 | S61: 45500 | T61: =IF(R61="쿠팡",VLOOKUP(H61,$AF$7:$AG$10,2,0)*G61,"0") -> 0 | U61: 91000 | V61: =U61/1.1 -> 82727.273 | W61: =IF(H61=재고내역!$F$9,출고요청서_raw!G61*1,IF(H61=재고내역!$F$10,출고요청서_raw!G61*2,IF(출고요청서_raw!H61=재고내역!$F$11,출고요청서_raw!G61*4,IF(출고요청서_raw!H61=재고내역!$F$12,출고요청서_raw!G61*6,IF(출고요청서_raw!H61=재고내역!$F$13,출고요청서_raw!G61*8))))) -> 8 | Z61: =W61*재고내역!$M$6 -> 61496 | AA61: =IF(W61>8,4550*2,4550) -> 4550 | AB61: =V61-Z61-AA61-Y61 -> 16681.273 | AC61: =AB61/V61 -> 0.20164176
A62: 김은영 | B62: 010-4991-3103 | E62: 51001 | F62: 경남 김해시 장유로 500 103동3603호 | G62: 1 | H62: 워커힐 시그니처 양념 본갈비 300g, 4개 | N62: OPT-2474311-2720586 | P62: 리씽크 | Q62: 46058 | R62: 리씽크 | S62: 45500 | T62: =IF(R62="쿠팡",VLOOKUP(H62,$AF$7:$AG$10,2,0)*G62,"0") -> 0 | U62: 45500 | V62: =U62/1.1 -> 41363.636 | W62: =IF(H62=재고내역!$F$9,출고요청서_raw!G62*1,IF(H62=재고내역!$F$10,출고요청서_raw!G62*2,IF(출고요청서_raw!H62=재고내역!$F$11,출고요청서_raw!G62*4,IF(출고요청서_raw!H62=재고내역!$F$12,출고요청서_raw!G62*6,IF(출고요청서_raw!H62=재고내역!$F$13,출고요청서_raw!G62*8))))) -> 4 | Z62: =W62*재고내역!$M$6 -> 30748 | AA62: =IF(W62>8,4550*2,4550) -> 4550 | AB62: =V62-Z62-AA62-Y62 -> 6065.6364 | AC62: =AB62/V62 -> 0.14664176
A63: 노영신 | B63: 010-3371-3214 | E63: 07584 | F63: 서울 강서구 강서로56나길 37 307동 603호 | G63: 1 | H63: 워커힐 시그니처 양념 본갈비 300g, 4개 | N63: OPT-2474308-2720583 | P63: 리씽크 | Q63: 46058 | R63: 리씽크 | S63: 45500 | T63: =IF(R63="쿠팡",VLOOKUP(H63,$AF$7:$AG$10,2,0)*G63,"0") -> 0 | U63: 45500 | V63: =U63/1.1 -> 41363.636 | W63: =IF(H63=재고내역!$F$9,출고요청서_raw!G63*1,IF(H63=재고내역!$F$10,출고요청서_raw!G63*2,IF(출고요청서_raw!H63=재고내역!$F$11,출고요청서_raw!G63*4,IF(출고요청서_raw!H63=재고내역!$F$12,출고요청서_raw!G63*6,IF(출고요청서_raw!H63=재고내역!$F$13,출고요청서_raw!G63*8))))) -> 4 | Z63: =W63*재고내역!$M$6 -> 30748 | AA63: =IF(W63>8,4550*2,4550) -> 4550 | AB63: =V63-Z63-AA63-Y63 -> 6065.6364 | AC63: =AB63/V63 -> 0.14664176
A64: 박보경 | B64: 010-4180-0848 | E64: 34074 | F64: 대전 유성구 지족로190번길 36 102동604호 | G64: 1 | H64: 워커힐 시그니처 양념 본갈비 300g, 4개 | N64: OPT-2474304-2720579 | P64: 리씽크 | Q64: 46058 | R64: 리씽크 | S64: 45500 | T64: =IF(R64="쿠팡",VLOOKUP(H64,$AF$7:$AG$10,2,0)*G64,"0") -> 0 | U64: 45500 | V64: =U64/1.1 -> 41363.636 | W64: =IF(H64=재고내역!$F$9,출고요청서_raw!G64*1,IF(H64=재고내역!$F$10,출고요청서_raw!G64*2,IF(출고요청서_raw!H64=재고내역!$F$11,출고요청서_raw!G64*4,IF(출고요청서_raw!H64=재고내역!$F$12,출고요청서_raw!G64*6,IF(출고요청서_raw!H64=재고내역!$F$13,출고요청서_raw!G64*8))))) -> 4 | Z64: =W64*재고내역!$M$6 -> 30748 | AA64: =IF(W64>8,4550*2,4550) -> 4550 | AB64: =V64-Z64-AA64-Y64 -> 6065.6364 | AC64: =AB64/V64 -> 0.14664176
A65: 신혜순 | B65: 010-6401-4459 | E65: 16693 | F65: 경기도 수원시 영통구 영통로200번길 112 (망포동, 영통 SK VIEW) 102동 1503호 | G65: 1 | H65: 워커힐 시그니처 양념 본갈비 300g, 4개 | N65: OPT-2474303-2720578 | P65: 리씽크 | Q65: 46058 | R65: 리씽크 | S65: 45500 | T65: =IF(R65="쿠팡",VLOOKUP(H65,$AF$7:$AG$10,2,0)*G65,"0") -> 0 | U65: 45500 | V65: =U65/1.1 -> 41363.636 | W65: =IF(H65=재고내역!$F$9,출고요청서_raw!G65*1,IF(H65=재고내역!$F$10,출고요청서_raw!G65*2,IF(출고요청서_raw!H65=재고내역!$F$11,출고요청서_raw!G65*4,IF(출고요청서_raw!H65=재고내역!$F$12,출고요청서_raw!G65*6,IF(출고요청서_raw!H65=재고내역!$F$13,출고요청서_raw!G65*8))))) -> 4 | Z65: =W65*재고내역!$M$6 -> 30748 | AA65: =IF(W65>8,4550*2,4550) -> 4550 | AB65: =V65-Z65-AA65-Y65 -> 6065.6364 | AC65: =AB65/V65 -> 0.14664176
A66: 곽판수님 | B66: 010-4555-7150 | E66: 49520 | F66: 부산 사하구 다대로 473 113-405 | G66: 1 | H66: 워커힐 시그니처 양념 본갈비 300g, 4개 | L66: 문앞에 놔주세요 | N66: OPT-2474298-2720573 | P66: 리씽크 | Q66: 46058 | R66: 리씽크 | S66: 45500 | T66: =IF(R66="쿠팡",VLOOKUP(H66,$AF$7:$AG$10,2,0)*G66,"0") -> 0 | U66: 45500 | V66: =U66/1.1 -> 41363.636 | W66: =IF(H66=재고내역!$F$9,출고요청서_raw!G66*1,IF(H66=재고내역!$F$10,출고요청서_raw!G66*2,IF(출고요청서_raw!H66=재고내역!$F$11,출고요청서_raw!G66*4,IF(출고요청서_raw!H66=재고내역!$F$12,출고요청서_raw!G66*6,IF(출고요청서_raw!H66=재고내역!$F$13,출고요청서_raw!G66*8))))) -> 4 | Z66: =W66*재고내역!$M$6 -> 30748 | AA66: =IF(W66>8,4550*2,4550) -> 4550 | AB66: =V66-Z66-AA66-Y66 -> 6065.6364 | AC66: =AB66/V66 -> 0.14664176
A67: 박정훈 | B67: 010-6733-7558 | E67: 21553 | F67: 인천광역시 남동구 구월로60번길 5 (간석동) 이한팔라티움 301호 | G67: 1 | H67: 워커힐 시그니처 양념 본갈비 300g, 4개 | N67: OPT-2474293-2720567 | P67: 리씽크 | Q67: 46058 | R67: 리씽크 | S67: 45500 | T67: =IF(R67="쿠팡",VLOOKUP(H67,$AF$7:$AG$10,2,0)*G67,"0") -> 0 | U67: 45500 | V67: =U67/1.1 -> 41363.636 | W67: =IF(H67=재고내역!$F$9,출고요청서_raw!G67*1,IF(H67=재고내역!$F$10,출고요청서_raw!G67*2,IF(출고요청서_raw!H67=재고내역!$F$11,출고요청서_raw!G67*4,IF(출고요청서_raw!H67=재고내역!$F$12,출고요청서_raw!G67*6,IF(출고요청서_raw!H67=재고내역!$F$13,출고요청서_raw!G67*8))))) -> 4 | Z67: =W67*재고내역!$M$6 -> 30748 | AA67: =IF(W67>8,4550*2,4550) -> 4550 | AB67: =V67-Z67-AA67-Y67 -> 6065.6364 | AC67: =AB67/V67 -> 0.14664176
A68: 곽민지(Hailey) | B68: 010-8945-6652 | E68: 13599 | F68: 경기 성남시 분당구 수내로 148 114-3002 | G68: 1 | H68: 워커힐 시그니처 양념 본갈비 300g, 4개 | N68: OPT-2474287-2720559 | P68: 리씽크 | Q68: 46058 | R68: 리씽크 | S68: 45500 | T68: =IF(R68="쿠팡",VLOOKUP(H68,$AF$7:$AG$10,2,0)*G68,"0") -> 0 | U68: 45500 | V68: =U68/1.1 -> 41363.636 | W68: =IF(H68=재고내역!$F$9,출고요청서_raw!G68*1,IF(H68=재고내역!$F$10,출고요청서_raw!G68*2,IF(출고요청서_raw!H68=재고내역!$F$11,출고요청서_raw!G68*4,IF(출고요청서_raw!H68=재고내역!$F$12,출고요청서_raw!G68*6,IF(출고요청서_raw!H68=재고내역!$F$13,출고요청서_raw!G68*8))))) -> 4 | Z68: =W68*재고내역!$M$6 -> 30748 | AA68: =IF(W68>8,4550*2,4550) -> 4550 | AB68: =V68-Z68-AA68-Y68 -> 6065.6364 | AC68: =AB68/V68 -> 0.14664176
A69: 김종민 | B69: 010-5758-6251 | E69: 28123 | F69: 충북 청주시 청원구 오창읍 오창중앙로 105 908동 804호 | G69: 1 | H69: 워커힐 시그니처 양념 본갈비 300g, 4개 | N69: OPT-2474286-2720558 | P69: 리씽크 | Q69: 46058 | R69: 리씽크 | S69: 45500 | T69: =IF(R69="쿠팡",VLOOKUP(H69,$AF$7:$AG$10,2,0)*G69,"0") -> 0 | U69: 45500 | V69: =U69/1.1 -> 41363.636 | W69: =IF(H69=재고내역!$F$9,출고요청서_raw!G69*1,IF(H69=재고내역!$F$10,출고요청서_raw!G69*2,IF(출고요청서_raw!H69=재고내역!$F$11,출고요청서_raw!G69*4,IF(출고요청서_raw!H69=재고내역!$F$12,출고요청서_raw!G69*6,IF(출고요청서_raw!H69=재고내역!$F$13,출고요청서_raw!G69*8))))) -> 4 | Z69: =W69*재고내역!$M$6 -> 30748 | AA69: =IF(W69>8,4550*2,4550) -> 4550 | AB69: =V69-Z69-AA69-Y69 -> 6065.6364 | AC69: =AB69/V69 -> 0.14664176
A70: 오희웅 | B70: 010-5529-7174 | E70: 14706 | F70: 경기 부천시 소사구 은성로37번길 61 3층 | G70: 1 | H70: 워커힐 시그니처 양념 본갈비 300g, 4개 | L70: 3층 안쪽에 넣어주세요 | N70: OPT-2474282-2720554 | P70: 리씽크 | Q70: 46058 | R70: 리씽크 | S70: 45500 | T70: =IF(R70="쿠팡",VLOOKUP(H70,$AF$7:$AG$10,2,0)*G70,"0") -> 0 | U70: 45500 | V70: =U70/1.1 -> 41363.636 | W70: =IF(H70=재고내역!$F$9,출고요청서_raw!G70*1,IF(H70=재고내역!$F$10,출고요청서_raw!G70*2,IF(출고요청서_raw!H70=재고내역!$F$11,출고요청서_raw!G70*4,IF(출고요청서_raw!H70=재고내역!$F$12,출고요청서_raw!G70*6,IF(출고요청서_raw!H70=재고내역!$F$13,출고요청서_raw!G70*8))))) -> 4 | Z70: =W70*재고내역!$M$6 -> 30748 | AA70: =IF(W70>8,4550*2,4550) -> 4550 | AB70: =V70-Z70-AA70-Y70 -> 6065.6364 | AC70: =AB70/V70 -> 0.14664176
A71: 강동현 | B71: 010-9302-2134 | E71: 46765 | F71: 부산 강서구 명지오션시티1로 155 105동 202호 | G71: 1 | H71: 워커힐 시그니처 양념 본갈비 300g, 4개 | N71: OPT-2474281-2720553 | P71: 리씽크 | Q71: 46058 | R71: 리씽크 | S71: 45500 | T71: =IF(R71="쿠팡",VLOOKUP(H71,$AF$7:$AG$10,2,0)*G71,"0") -> 0 | U71: 45500 | V71: =U71/1.1 -> 41363.636 | W71: =IF(H71=재고내역!$F$9,출고요청서_raw!G71*1,IF(H71=재고내역!$F$10,출고요청서_raw!G71*2,IF(출고요청서_raw!H71=재고내역!$F$11,출고요청서_raw!G71*4,IF(출고요청서_raw!H71=재고내역!$F$12,출고요청서_raw!G71*6,IF(출고요청서_raw!H71=재고내역!$F$13,출고요청서_raw!G71*8))))) -> 4 | Z71: =W71*재고내역!$M$6 -> 30748 | AA71: =IF(W71>8,4550*2,4550) -> 4550 | AB71: =V71-Z71-AA71-Y71 -> 6065.6364 | AC71: =AB71/V71 -> 0.14664176
A72: 김한영 | B72: 010-9947-6428 | E72: 01707 | F72: 서울특별시 노원구 덕릉로77길 5 (중계동, 벽산아파트) 101동 1403호 | G72: 1 | H72: 워커힐 시그니처 양념 본갈비 300g, 4개 | N72: OPT-2474276-2720546 | P72: 리씽크 | Q72: 46058 | R72: 리씽크 | S72: 45500 | T72: =IF(R72="쿠팡",VLOOKUP(H72,$AF$7:$AG$10,2,0)*G72,"0") -> 0 | U72: 45500 | V72: =U72/1.1 -> 41363.636 | W72: =IF(H72=재고내역!$F$9,출고요청서_raw!G72*1,IF(H72=재고내역!$F$10,출고요청서_raw!G72*2,IF(출고요청서_raw!H72=재고내역!$F$11,출고요청서_raw!G72*4,IF(출고요청서_raw!H72=재고내역!$F$12,출고요청서_raw!G72*6,IF(출고요청서_raw!H72=재고내역!$F$13,출고요청서_raw!G72*8))))) -> 4 | Z72: =W72*재고내역!$M$6 -> 30748 | AA72: =IF(W72>8,4550*2,4550) -> 4550 | AB72: =V72-Z72-AA72-Y72 -> 6065.6364 | AC72: =AB72/V72 -> 0.14664176
A73: 유정희 | B73: 010-3220-0063 | E73: 11479 | F73: 경기도 양주시 옥정서로1길 60 (옥정동, e편한세상 옥정 더퍼스트) 1501-104 | G73: 1 | H73: 워커힐 시그니처 양념 본갈비 300g, 4개 | N73: OPT-2474274-2720544 | P73: 리씽크 | Q73: 46058 | R73: 리씽크 | S73: 45500 | T73: =IF(R73="쿠팡",VLOOKUP(H73,$AF$7:$AG$10,2,0)*G73,"0") -> 0 | U73: 45500 | V73: =U73/1.1 -> 41363.636 | W73: =IF(H73=재고내역!$F$9,출고요청서_raw!G73*1,IF(H73=재고내역!$F$10,출고요청서_raw!G73*2,IF(출고요청서_raw!H73=재고내역!$F$11,출고요청서_raw!G73*4,IF(출고요청서_raw!H73=재고내역!$F$12,출고요청서_raw!G73*6,IF(출고요청서_raw!H73=재고내역!$F$13,출고요청서_raw!G73*8))))) -> 4 | Z73: =W73*재고내역!$M$6 -> 30748 | AA73: =IF(W73>8,4550*2,4550) -> 4550 | AB73: =V73-Z73-AA73-Y73 -> 6065.6364 | AC73: =AB73/V73 -> 0.14664176
A74: 여영찬 | B74: 010-4880-0685 | E74: 06270 | F74: 서울특별시 강남구 논현로 209 (도곡동, 경남아파트) 104동 105호 | G74: 1 | H74: 워커힐 시그니처 양념 본갈비 300g, 4개 | N74: OPT-2474273-2720543 | P74: 리씽크 | Q74: 46058 | R74: 리씽크 | S74: 45500 | T74: =IF(R74="쿠팡",VLOOKUP(H74,$AF$7:$AG$10,2,0)*G74,"0") -> 0 | U74: 45500 | V74: =U74/1.1 -> 41363.636 | W74: =IF(H74=재고내역!$F$9,출고요청서_raw!G74*1,IF(H74=재고내역!$F$10,출고요청서_raw!G74*2,IF(출고요청서_raw!H74=재고내역!$F$11,출고요청서_raw!G74*4,IF(출고요청서_raw!H74=재고내역!$F$12,출고요청서_raw!G74*6,IF(출고요청서_raw!H74=재고내역!$F$13,출고요청서_raw!G74*8))))) -> 4 | Z74: =W74*재고내역!$M$6 -> 30748 | AA74: =IF(W74>8,4550*2,4550) -> 4550 | AB74: =V74-Z74-AA74-Y74 -> 6065.6364 | AC74: =AB74/V74 -> 0.14664176
A75: 강유정 | B75: 010-5094-7257 | E75: 49514 | F75: 부산 사하구 다대로 381 삼환2차 101동 1402호 | G75: 1 | H75: 워커힐 시그니처 양념 본갈비 300g, 4개 | L75: 배송전 안내문자 요청드림 | N75: OPT-2474272-2720542 | P75: 리씽크 | Q75: 46058 | R75: 리씽크 | S75: 45500 | T75: =IF(R75="쿠팡",VLOOKUP(H75,$AF$7:$AG$10,2,0)*G75,"0") -> 0 | U75: 45500 | V75: =U75/1.1 -> 41363.636 | W75: =IF(H75=재고내역!$F$9,출고요청서_raw!G75*1,IF(H75=재고내역!$F$10,출고요청서_raw!G75*2,IF(출고요청서_raw!H75=재고내역!$F$11,출고요청서_raw!G75*4,IF(출고요청서_raw!H75=재고내역!$F$12,출고요청서_raw!G75*6,IF(출고요청서_raw!H75=재고내역!$F$13,출고요청서_raw!G75*8))))) -> 4 | Z75: =W75*재고내역!$M$6 -> 30748 | AA75: =IF(W75>8,4550*2,4550) -> 4550 | AB75: =V75-Z75-AA75-Y75 -> 6065.6364 | AC75: =AB75/V75 -> 0.14664176
A76: 성영아 | B76: 010-4691-0932 | E76: 02598 | F76: 서울 동대문구 답십리로 130 304동902호 | G76: 1 | H76: 워커힐 시그니처 양념 본갈비 300g, 4개 | N76: OPT-2474270-2720540 | P76: 리씽크 | Q76: 46058 | R76: 리씽크 | S76: 45500 | T76: =IF(R76="쿠팡",VLOOKUP(H76,$AF$7:$AG$10,2,0)*G76,"0") -> 0 | U76: 45500 | V76: =U76/1.1 -> 41363.636 | W76: =IF(H76=재고내역!$F$9,출고요청서_raw!G76*1,IF(H76=재고내역!$F$10,출고요청서_raw!G76*2,IF(출고요청서_raw!H76=재고내역!$F$11,출고요청서_raw!G76*4,IF(출고요청서_raw!H76=재고내역!$F$12,출고요청서_raw!G76*6,IF(출고요청서_raw!H76=재고내역!$F$13,출고요청서_raw!G76*8))))) -> 4 | Z76: =W76*재고내역!$M$6 -> 30748 | AA76: =IF(W76>8,4550*2,4550) -> 4550 | AB76: =V76-Z76-AA76-Y76 -> 6065.6364 | AC76: =AB76/V76 -> 0.14664176
A77: 차은경 | B77: 010-4118-3866 | E77: 06784 | F77: 서울 서초구 동산로10길 13 이설하이츠빌라 203호 | G77: 1 | H77: 워커힐 시그니처 양념 본갈비 300g, 4개 | N77: OPT-2474269-2720539 | P77: 리씽크 | Q77: 46058 | R77: 리씽크 | S77: 45500 | T77: =IF(R77="쿠팡",VLOOKUP(H77,$AF$7:$AG$10,2,0)*G77,"0") -> 0 | U77: 45500 | V77: =U77/1.1 -> 41363.636 | W77: =IF(H77=재고내역!$F$9,출고요청서_raw!G77*1,IF(H77=재고내역!$F$10,출고요청서_raw!G77*2,IF(출고요청서_raw!H77=재고내역!$F$11,출고요청서_raw!G77*4,IF(출고요청서_raw!H77=재고내역!$F$12,출고요청서_raw!G77*6,IF(출고요청서_raw!H77=재고내역!$F$13,출고요청서_raw!G77*8))))) -> 4 | Z77: =W77*재고내역!$M$6 -> 30748 | AA77: =IF(W77>8,4550*2,4550) -> 4550 | AB77: =V77-Z77-AA77-Y77 -> 6065.6364 | AC77: =AB77/V77 -> 0.14664176
A78: 이현정 | B78: 010-3699-7964 | E78: 17943 | F78: 경기 평택시 안중읍 안현로서7길 9 201동 1301호 | G78: 1 | H78: 워커힐 시그니처 양념 본갈비 300g, 4개 | N78: OPT-2474268-2720538 | P78: 리씽크 | Q78: 46058 | R78: 리씽크 | S78: 45500 | T78: =IF(R78="쿠팡",VLOOKUP(H78,$AF$7:$AG$10,2,0)*G78,"0") -> 0 | U78: 45500 | V78: =U78/1.1 -> 41363.636 | W78: =IF(H78=재고내역!$F$9,출고요청서_raw!G78*1,IF(H78=재고내역!$F$10,출고요청서_raw!G78*2,IF(출고요청서_raw!H78=재고내역!$F$11,출고요청서_raw!G78*4,IF(출고요청서_raw!H78=재고내역!$F$12,출고요청서_raw!G78*6,IF(출고요청서_raw!H78=재고내역!$F$13,출고요청서_raw!G78*8))))) -> 4 | Z78: =W78*재고내역!$M$6 -> 30748 | AA78: =IF(W78>8,4550*2,4550) -> 4550 | AB78: =V78-Z78-AA78-Y78 -> 6065.6364 | AC78: =AB78/V78 -> 0.14664176
A79: 선화 | B79: 010-7544-5398 | E79: 22376 | F79: 인천 중구 흰바위로 249 239-802 | G79: 1 | H79: 워커힐 시그니처 양념 본갈비 300g, 4개 | N79: OPT-2474266-2720536 | P79: 리씽크 | Q79: 46058 | R79: 리씽크 | S79: 45500 | T79: =IF(R79="쿠팡",VLOOKUP(H79,$AF$7:$AG$10,2,0)*G79,"0") -> 0 | U79: 45500 | V79: =U79/1.1 -> 41363.636 | W79: =IF(H79=재고내역!$F$9,출고요청서_raw!G79*1,IF(H79=재고내역!$F$10,출고요청서_raw!G79*2,IF(출고요청서_raw!H79=재고내역!$F$11,출고요청서_raw!G79*4,IF(출고요청서_raw!H79=재고내역!$F$12,출고요청서_raw!G79*6,IF(출고요청서_raw!H79=재고내역!$F$13,출고요청서_raw!G79*8))))) -> 4 | Z79: =W79*재고내역!$M$6 -> 30748 | AA79: =IF(W79>8,4550*2,4550) -> 4550 | AB79: =V79-Z79-AA79-Y79 -> 6065.6364 | AC79: =AB79/V79 -> 0.14664176
A80: 조영훈 | B80: 010-9088-8007 | E80: 17058 | F80: 경기 용인시 처인구 명지로116번길 9-70 명지엘펜하임 103-604 | G80: 1 | H80: 워커힐 시그니처 양념 본갈비 300g, 4개 | L80: 문앞, 전화 | N80: OPT-2474263-2720533 | P80: 리씽크 | Q80: 46058 | R80: 리씽크 | S80: 45500 | T80: =IF(R80="쿠팡",VLOOKUP(H80,$AF$7:$AG$10,2,0)*G80,"0") -> 0 | U80: 45500 | V80: =U80/1.1 -> 41363.636 | W80: =IF(H80=재고내역!$F$9,출고요청서_raw!G80*1,IF(H80=재고내역!$F$10,출고요청서_raw!G80*2,IF(출고요청서_raw!H80=재고내역!$F$11,출고요청서_raw!G80*4,IF(출고요청서_raw!H80=재고내역!$F$12,출고요청서_raw!G80*6,IF(출고요청서_raw!H80=재고내역!$F$13,출고요청서_raw!G80*8))))) -> 4 | Z80: =W80*재고내역!$M$6 -> 30748 | AA80: =IF(W80>8,4550*2,4550) -> 4550 | AB80: =V80-Z80-AA80-Y80 -> 6065.6364 | AC80: =AB80/V80 -> 0.14664176
A81: 차은경 | B81: 010-4118-3866 | E81: 02712 | F81: 서울 성북구 솔샘로 120 122동 604호 | G81: 1 | H81: 워커힐 시그니처 양념 본갈비 300g, 4개 | N81: OPT-2474262-2720532 | P81: 리씽크 | Q81: 46058 | R81: 리씽크 | S81: 45500 | T81: =IF(R81="쿠팡",VLOOKUP(H81,$AF$7:$AG$10,2,0)*G81,"0") -> 0 | U81: 45500 | V81: =U81/1.1 -> 41363.636 | W81: =IF(H81=재고내역!$F$9,출고요청서_raw!G81*1,IF(H81=재고내역!$F$10,출고요청서_raw!G81*2,IF(출고요청서_raw!H81=재고내역!$F$11,출고요청서_raw!G81*4,IF(출고요청서_raw!H81=재고내역!$F$12,출고요청서_raw!G81*6,IF(출고요청서_raw!H81=재고내역!$F$13,출고요청서_raw!G81*8))))) -> 4 | Z81: =W81*재고내역!$M$6 -> 30748 | AA81: =IF(W81>8,4550*2,4550) -> 4550 | AB81: =V81-Z81-AA81-Y81 -> 6065.6364 | AC81: =AB81/V81 -> 0.14664176
A82: 김수이 | B82: 010-7600-4839 | E82: 18439 | F82: 경기 화성시 10용사2길 38 301 | G82: 1 | H82: 워커힐 시그니처 양념 본갈비 300g, 4개 | N82: OPT-2474259-2720529 | P82: 리씽크 | Q82: 46058 | R82: 리씽크 | S82: 45500 | T82: =IF(R82="쿠팡",VLOOKUP(H82,$AF$7:$AG$10,2,0)*G82,"0") -> 0 | U82: 45500 | V82: =U82/1.1 -> 41363.636 | W82: =IF(H82=재고내역!$F$9,출고요청서_raw!G82*1,IF(H82=재고내역!$F$10,출고요청서_raw!G82*2,IF(출고요청서_raw!H82=재고내역!$F$11,출고요청서_raw!G82*4,IF(출고요청서_raw!H82=재고내역!$F$12,출고요청서_raw!G82*6,IF(출고요청서_raw!H82=재고내역!$F$13,출고요청서_raw!G82*8))))) -> 4 | Z82: =W82*재고내역!$M$6 -> 30748 | AA82: =IF(W82>8,4550*2,4550) -> 4550 | AB82: =V82-Z82-AA82-Y82 -> 6065.6364 | AC82: =AB82/V82 -> 0.14664176
A83: 임용식 | B83: 010-3459-3122 | E83: 16704 | F83: 경기 수원시 영통구 봉영로 1620 102동 2301호 | G83: 1 | H83: 워커힐 시그니처 양념 본갈비 300g, 4개 | L83: 문앞에 놓아주시고 문자주세요 | N83: OPT-2474257-2720527 | P83: 리씽크 | Q83: 46058 | R83: 리씽크 | S83: 45500 | T83: =IF(R83="쿠팡",VLOOKUP(H83,$AF$7:$AG$10,2,0)*G83,"0") -> 0 | U83: 45500 | V83: =U83/1.1 -> 41363.636 | W83: =IF(H83=재고내역!$F$9,출고요청서_raw!G83*1,IF(H83=재고내역!$F$10,출고요청서_raw!G83*2,IF(출고요청서_raw!H83=재고내역!$F$11,출고요청서_raw!G83*4,IF(출고요청서_raw!H83=재고내역!$F$12,출고요청서_raw!G83*6,IF(출고요청서_raw!H83=재고내역!$F$13,출고요청서_raw!G83*8))))) -> 4 | Z83: =W83*재고내역!$M$6 -> 30748 | AA83: =IF(W83>8,4550*2,4550) -> 4550 | AB83: =V83-Z83-AA83-Y83 -> 6065.6364 | AC83: =AB83/V83 -> 0.14664176
A84: 추정미 | B84: 010-2520-6161 | E84: 06578 | F84: 서울 서초구 사평대로 142 신반포궁전아파트 1동306호 | G84: 1 | H84: 워커힐 시그니처 양념 본갈비 300g, 4개 | N84: OPT-2474252-2720522 | P84: 리씽크 | Q84: 46058 | R84: 리씽크 | S84: 45500 | T84: =IF(R84="쿠팡",VLOOKUP(H84,$AF$7:$AG$10,2,0)*G84,"0") -> 0 | U84: 45500 | V84: =U84/1.1 -> 41363.636 | W84: =IF(H84=재고내역!$F$9,출고요청서_raw!G84*1,IF(H84=재고내역!$F$10,출고요청서_raw!G84*2,IF(출고요청서_raw!H84=재고내역!$F$11,출고요청서_raw!G84*4,IF(출고요청서_raw!H84=재고내역!$F$12,출고요청서_raw!G84*6,IF(출고요청서_raw!H84=재고내역!$F$13,출고요청서_raw!G84*8))))) -> 4 | Z84: =W84*재고내역!$M$6 -> 30748 | AA84: =IF(W84>8,4550*2,4550) -> 4550 | AB84: =V84-Z84-AA84-Y84 -> 6065.6364 | AC84: =AB84/V84 -> 0.14664176
A85: 김연희 | B85: 010-4415-1588 | E85: 22879 | F85: 인천광역시 서구 이음2로 90 (당하동, 우미린 파크뷰 2단지) 201동 2304호 | G85: 1 | H85: 워커힐 시그니처 양념 본갈비 300g, 4개 | N85: OPT-2474251-2720521 | P85: 리씽크 | Q85: 46058 | R85: 리씽크 | S85: 45500 | T85: =IF(R85="쿠팡",VLOOKUP(H85,$AF$7:$AG$10,2,0)*G85,"0") -> 0 | U85: 45500 | V85: =U85/1.1 -> 41363.636 | W85: =IF(H85=재고내역!$F$9,출고요청서_raw!G85*1,IF(H85=재고내역!$F$10,출고요청서_raw!G85*2,IF(출고요청서_raw!H85=재고내역!$F$11,출고요청서_raw!G85*4,IF(출고요청서_raw!H85=재고내역!$F$12,출고요청서_raw!G85*6,IF(출고요청서_raw!H85=재고내역!$F$13,출고요청서_raw!G85*8))))) -> 4 | Z85: =W85*재고내역!$M$6 -> 30748 | AA85: =IF(W85>8,4550*2,4550) -> 4550 | AB85: =V85-Z85-AA85-Y85 -> 6065.6364 | AC85: =AB85/V85 -> 0.14664176
A86: 정희 | B86: 010-7444-9867 | E86: 31733 | F86: 충남 당진시 송악읍 틀모시로 768-38 305동301호 | G86: 1 | H86: 워커힐 시그니처 양념 본갈비 300g, 4개 | N86: OPT-2474250-2720520 | P86: 리씽크 | Q86: 46058 | R86: 리씽크 | S86: 45500 | T86: =IF(R86="쿠팡",VLOOKUP(H86,$AF$7:$AG$10,2,0)*G86,"0") -> 0 | U86: 45500 | V86: =U86/1.1 -> 41363.636 | W86: =IF(H86=재고내역!$F$9,출고요청서_raw!G86*1,IF(H86=재고내역!$F$10,출고요청서_raw!G86*2,IF(출고요청서_raw!H86=재고내역!$F$11,출고요청서_raw!G86*4,IF(출고요청서_raw!H86=재고내역!$F$12,출고요청서_raw!G86*6,IF(출고요청서_raw!H86=재고내역!$F$13,출고요청서_raw!G86*8))))) -> 4 | Z86: =W86*재고내역!$M$6 -> 30748 | AA86: =IF(W86>8,4550*2,4550) -> 4550 | AB86: =V86-Z86-AA86-Y86 -> 6065.6364 | AC86: =AB86/V86 -> 0.14664176
A87: 장하선 | B87: 010-2263-4795 | E87: 18032 | F87: 경기 평택시 상서재로 80 506-2504 | G87: 1 | H87: 워커힐 시그니처 양념 본갈비 300g, 4개 | N87: OPT-2474248-2720518 | P87: 리씽크 | Q87: 46058 | R87: 리씽크 | S87: 45500 | T87: =IF(R87="쿠팡",VLOOKUP(H87,$AF$7:$AG$10,2,0)*G87,"0") -> 0 | U87: 45500 | V87: =U87/1.1 -> 41363.636 | W87: =IF(H87=재고내역!$F$9,출고요청서_raw!G87*1,IF(H87=재고내역!$F$10,출고요청서_raw!G87*2,IF(출고요청서_raw!H87=재고내역!$F$11,출고요청서_raw!G87*4,IF(출고요청서_raw!H87=재고내역!$F$12,출고요청서_raw!G87*6,IF(출고요청서_raw!H87=재고내역!$F$13,출고요청서_raw!G87*8))))) -> 4 | Z87: =W87*재고내역!$M$6 -> 30748 | AA87: =IF(W87>8,4550*2,4550) -> 4550 | AB87: =V87-Z87-AA87-Y87 -> 6065.6364 | AC87: =AB87/V87 -> 0.14664176
A88: 진경안 (징카) | B88: 010-2609-8728 | E88: 06216 | F88: 서울 강남구 역삼로 306 105-803 | G88: 1 | H88: 워커힐 시그니처 양념 본갈비 300g, 4개 | N88: OPT-2474246-2720516 | P88: 리씽크 | Q88: 46058 | R88: 리씽크 | S88: 45500 | T88: =IF(R88="쿠팡",VLOOKUP(H88,$AF$7:$AG$10,2,0)*G88,"0") -> 0 | U88: 45500 | V88: =U88/1.1 -> 41363.636 | W88: =IF(H88=재고내역!$F$9,출고요청서_raw!G88*1,IF(H88=재고내역!$F$10,출고요청서_raw!G88*2,IF(출고요청서_raw!H88=재고내역!$F$11,출고요청서_raw!G88*4,IF(출고요청서_raw!H88=재고내역!$F$12,출고요청서_raw!G88*6,IF(출고요청서_raw!H88=재고내역!$F$13,출고요청서_raw!G88*8))))) -> 4 | Z88: =W88*재고내역!$M$6 -> 30748 | AA88: =IF(W88>8,4550*2,4550) -> 4550 | AB88: =V88-Z88-AA88-Y88 -> 6065.6364 | AC88: =AB88/V88 -> 0.14664176
A89: 신현준 | B89: 010-7412-9077 | E89: 13339 | F89: 경기 성남시 수정구 수정로170번길 20-8 1층 | G89: 2 | H89: 워커힐 시그니처 양념 본갈비 300g, 4개 | N89: OPT-2474245-2720515 | P89: 리씽크 | Q89: 46058 | R89: 리씽크 | S89: 45500 | T89: =IF(R89="쿠팡",VLOOKUP(H89,$AF$7:$AG$10,2,0)*G89,"0") -> 0 | U89: 91000 | V89: =U89/1.1 -> 82727.273 | W89: =IF(H89=재고내역!$F$9,출고요청서_raw!G89*1,IF(H89=재고내역!$F$10,출고요청서_raw!G89*2,IF(출고요청서_raw!H89=재고내역!$F$11,출고요청서_raw!G89*4,IF(출고요청서_raw!H89=재고내역!$F$12,출고요청서_raw!G89*6,IF(출고요청서_raw!H89=재고내역!$F$13,출고요청서_raw!G89*8))))) -> 8 | Z89: =W89*재고내역!$M$6 -> 61496 | AA89: =IF(W89>8,4550*2,4550) -> 4550 | AB89: =V89-Z89-AA89-Y89 -> 16681.273 | AC89: =AB89/V89 -> 0.20164176
A90: 전혜진 | B90: 010-3151-0372 | E90: 03180 | F90: 서울특별시 종로구 경교장길 35 (평동, 경희궁자이 3단지) 303동1506호 | G90: 1 | H90: 워커힐 시그니처 양념 본갈비 300g, 4개 | N90: OPT-2474240-2720510 | P90: 리씽크 | Q90: 46058 | R90: 리씽크 | S90: 45500 | T90: =IF(R90="쿠팡",VLOOKUP(H90,$AF$7:$AG$10,2,0)*G90,"0") -> 0 | U90: 45500 | V90: =U90/1.1 -> 41363.636 | W90: =IF(H90=재고내역!$F$9,출고요청서_raw!G90*1,IF(H90=재고내역!$F$10,출고요청서_raw!G90*2,IF(출고요청서_raw!H90=재고내역!$F$11,출고요청서_raw!G90*4,IF(출고요청서_raw!H90=재고내역!$F$12,출고요청서_raw!G90*6,IF(출고요청서_raw!H90=재고내역!$F$13,출고요청서_raw!G90*8))))) -> 4 | Z90: =W90*재고내역!$M$6 -> 30748 | AA90: =IF(W90>8,4550*2,4550) -> 4550 | AB90: =V90-Z90-AA90-Y90 -> 6065.6364 | AC90: =AB90/V90 -> 0.14664176
A91: 임정 | B91: 010-9181-5414 | E91: 14346 | F91: 경기 광명시 양지로 16 광명역 써밋103-604 | G91: 1 | H91: 워커힐 시그니처 양념 본갈비 300g, 4개 | N91: OPT-2474234-2720503 | P91: 리씽크 | Q91: 46058 | R91: 리씽크 | S91: 45500 | T91: =IF(R91="쿠팡",VLOOKUP(H91,$AF$7:$AG$10,2,0)*G91,"0") -> 0 | U91: 45500 | V91: =U91/1.1 -> 41363.636 | W91: =IF(H91=재고내역!$F$9,출고요청서_raw!G91*1,IF(H91=재고내역!$F$10,출고요청서_raw!G91*2,IF(출고요청서_raw!H91=재고내역!$F$11,출고요청서_raw!G91*4,IF(출고요청서_raw!H91=재고내역!$F$12,출고요청서_raw!G91*6,IF(출고요청서_raw!H91=재고내역!$F$13,출고요청서_raw!G91*8))))) -> 4 | Z91: =W91*재고내역!$M$6 -> 30748 | AA91: =IF(W91>8,4550*2,4550) -> 4550 | AB91: =V91-Z91-AA91-Y91 -> 6065.6364 | AC91: =AB91/V91 -> 0.14664176
A92: 홍성호 | B92: 010-8995-0281 | E92: 15596 | F92: 경기도 안산시 상록구 해양5로 17 (사동, 그랑시티자이 2차) 203동 3003호 | G92: 1 | H92: 워커힐 시그니처 양념 본갈비 300g, 4개 | N92: OPT-2474233-2720502 | P92: 리씽크 | Q92: 46058 | R92: 리씽크 | S92: 45500 | T92: =IF(R92="쿠팡",VLOOKUP(H92,$AF$7:$AG$10,2,0)*G92,"0") -> 0 | U92: 45500 | V92: =U92/1.1 -> 41363.636 | W92: =IF(H92=재고내역!$F$9,출고요청서_raw!G92*1,IF(H92=재고내역!$F$10,출고요청서_raw!G92*2,IF(출고요청서_raw!H92=재고내역!$F$11,출고요청서_raw!G92*4,IF(출고요청서_raw!H92=재고내역!$F$12,출고요청서_raw!G92*6,IF(출고요청서_raw!H92=재고내역!$F$13,출고요청서_raw!G92*8))))) -> 4 | Z92: =W92*재고내역!$M$6 -> 30748 | AA92: =IF(W92>8,4550*2,4550) -> 4550 | AB92: =V92-Z92-AA92-Y92 -> 6065.6364 | AC92: =AB92/V92 -> 0.14664176
A93: 레오 | B93: 010-3129-3165 | E93: 06289 | F93: 서울특별시 강남구 선릉로 120 (대치동, 개포1,2차우성아파트) 7동 1503호 | G93: 1 | H93: 워커힐 시그니처 양념 본갈비 300g, 4개 | N93: OPT-2474232-2720501 | P93: 리씽크 | Q93: 46058 | R93: 리씽크 | S93: 45500 | T93: =IF(R93="쿠팡",VLOOKUP(H93,$AF$7:$AG$10,2,0)*G93,"0") -> 0 | U93: 45500 | V93: =U93/1.1 -> 41363.636 | W93: =IF(H93=재고내역!$F$9,출고요청서_raw!G93*1,IF(H93=재고내역!$F$10,출고요청서_raw!G93*2,IF(출고요청서_raw!H93=재고내역!$F$11,출고요청서_raw!G93*4,IF(출고요청서_raw!H93=재고내역!$F$12,출고요청서_raw!G93*6,IF(출고요청서_raw!H93=재고내역!$F$13,출고요청서_raw!G93*8))))) -> 4 | Z93: =W93*재고내역!$M$6 -> 30748 | AA93: =IF(W93>8,4550*2,4550) -> 4550 | AB93: =V93-Z93-AA93-Y93 -> 6065.6364 | AC93: =AB93/V93 -> 0.14664176
A94: 류경아 | B94: 010-9301-3583 | E94: 50322 | F94: 경남 창녕군 창녕읍 조산서재골로 69-3 104동403호010 9301 3583 | G94: 1 | H94: 워커힐 시그니처 양념 본갈비 300g, 4개 | L94: 배송 전 안내문자주세요 | N94: OPT-2474230-2720499 | P94: 리씽크 | Q94: 46058 | R94: 리씽크 | S94: 45500 | T94: =IF(R94="쿠팡",VLOOKUP(H94,$AF$7:$AG$10,2,0)*G94,"0") -> 0 | U94: 45500 | V94: =U94/1.1 -> 41363.636 | W94: =IF(H94=재고내역!$F$9,출고요청서_raw!G94*1,IF(H94=재고내역!$F$10,출고요청서_raw!G94*2,IF(출고요청서_raw!H94=재고내역!$F$11,출고요청서_raw!G94*4,IF(출고요청서_raw!H94=재고내역!$F$12,출고요청서_raw!G94*6,IF(출고요청서_raw!H94=재고내역!$F$13,출고요청서_raw!G94*8))))) -> 4 | Z94: =W94*재고내역!$M$6 -> 30748 | AA94: =IF(W94>8,4550*2,4550) -> 4550 | AB94: =V94-Z94-AA94-Y94 -> 6065.6364 | AC94: =AB94/V94 -> 0.14664176
A95: 허경란 | B95: 010-6567-4263 | E95: 55084 | F95: 전북특별자치도 전주시 완산구 송정로 42-8 1층 | G95: 1 | H95: 워커힐 시그니처 양념 본갈비 300g, 4개 | L95: 대문안 1층 계단위에 올려주세요 | N95: OPT-2474229-2720498 | P95: 리씽크 | Q95: 46058 | R95: 리씽크 | S95: 45500 | T95: =IF(R95="쿠팡",VLOOKUP(H95,$AF$7:$AG$10,2,0)*G95,"0") -> 0 | U95: 45500 | V95: =U95/1.1 -> 41363.636 | W95: =IF(H95=재고내역!$F$9,출고요청서_raw!G95*1,IF(H95=재고내역!$F$10,출고요청서_raw!G95*2,IF(출고요청서_raw!H95=재고내역!$F$11,출고요청서_raw!G95*4,IF(출고요청서_raw!H95=재고내역!$F$12,출고요청서_raw!G95*6,IF(출고요청서_raw!H95=재고내역!$F$13,출고요청서_raw!G95*8))))) -> 4 | Z95: =W95*재고내역!$M$6 -> 30748 | AA95: =IF(W95>8,4550*2,4550) -> 4550 | AB95: =V95-Z95-AA95-Y95 -> 6065.6364 | AC95: =AB95/V95 -> 0.14664176
A96: 허원 | B96: 010-5536-3020 | E96: 51024 | F96: 경남 김해시 율하5로 46 109-1204 | G96: 1 | H96: 워커힐 시그니처 양념 본갈비 300g, 4개 | N96: OPT-2474228-2720497 | P96: 리씽크 | Q96: 46058 | R96: 리씽크 | S96: 45500 | T96: =IF(R96="쿠팡",VLOOKUP(H96,$AF$7:$AG$10,2,0)*G96,"0") -> 0 | U96: 45500 | V96: =U96/1.1 -> 41363.636 | W96: =IF(H96=재고내역!$F$9,출고요청서_raw!G96*1,IF(H96=재고내역!$F$10,출고요청서_raw!G96*2,IF(출고요청서_raw!H96=재고내역!$F$11,출고요청서_raw!G96*4,IF(출고요청서_raw!H96=재고내역!$F$12,출고요청서_raw!G96*6,IF(출고요청서_raw!H96=재고내역!$F$13,출고요청서_raw!G96*8))))) -> 4 | Z96: =W96*재고내역!$M$6 -> 30748 | AA96: =IF(W96>8,4550*2,4550) -> 4550 | AB96: =V96-Z96-AA96-Y96 -> 6065.6364 | AC96: =AB96/V96 -> 0.14664176
A97: 종윤 | B97: 010-3565-6861 | E97: 31467 | F97: 충남 아산시 배방읍 설화고길2번길 3-7 2층 | G97: 1 | H97: 워커힐 시그니처 양념 본갈비 300g, 4개 | L97: 배송전 연락주세요 | N97: OPT-2474227-2720496 | P97: 리씽크 | Q97: 46058 | R97: 리씽크 | S97: 45500 | T97: =IF(R97="쿠팡",VLOOKUP(H97,$AF$7:$AG$10,2,0)*G97,"0") -> 0 | U97: 45500 | V97: =U97/1.1 -> 41363.636 | W97: =IF(H97=재고내역!$F$9,출고요청서_raw!G97*1,IF(H97=재고내역!$F$10,출고요청서_raw!G97*2,IF(출고요청서_raw!H97=재고내역!$F$11,출고요청서_raw!G97*4,IF(출고요청서_raw!H97=재고내역!$F$12,출고요청서_raw!G97*6,IF(출고요청서_raw!H97=재고내역!$F$13,출고요청서_raw!G97*8))))) -> 4 | Z97: =W97*재고내역!$M$6 -> 30748 | AA97: =IF(W97>8,4550*2,4550) -> 4550 | AB97: =V97-Z97-AA97-Y97 -> 6065.6364 | AC97: =AB97/V97 -> 0.14664176
A98: 이현우 | B98: 010-4507-9876 | E98: 52353 | F98: 경남 하동군 금성면 회목길 58 103동 502호 | G98: 1 | H98: 워커힐 시그니처 양념 본갈비 300g, 4개 | L98: 대문앞에 놓아주세요 | N98: OPT-2474226-2720495 | P98: 리씽크 | Q98: 46058 | R98: 리씽크 | S98: 45500 | T98: =IF(R98="쿠팡",VLOOKUP(H98,$AF$7:$AG$10,2,0)*G98,"0") -> 0 | U98: 45500 | V98: =U98/1.1 -> 41363.636 | W98: =IF(H98=재고내역!$F$9,출고요청서_raw!G98*1,IF(H98=재고내역!$F$10,출고요청서_raw!G98*2,IF(출고요청서_raw!H98=재고내역!$F$11,출고요청서_raw!G98*4,IF(출고요청서_raw!H98=재고내역!$F$12,출고요청서_raw!G98*6,IF(출고요청서_raw!H98=재고내역!$F$13,출고요청서_raw!G98*8))))) -> 4 | Z98: =W98*재고내역!$M$6 -> 30748 | AA98: =IF(W98>8,4550*2,4550) -> 4550 | AB98: =V98-Z98-AA98-Y98 -> 6065.6364 | AC98: =AB98/V98 -> 0.14664176
A99: 김봉여 | B99: 010-6789-8686 | E99: 03333 | F99: 서울 은평구 연서로27길 11-9 타미 에코빌 602호 | G99: 1 | H99: 워커힐 시그니처 양념 본갈비 300g, 4개 | L99: 문앞에 | N99: OPT-2474224-2720493 | P99: 리씽크 | Q99: 46058 | R99: 리씽크 | S99: 45500 | T99: =IF(R99="쿠팡",VLOOKUP(H99,$AF$7:$AG$10,2,0)*G99,"0") -> 0 | U99: 45500 | V99: =U99/1.1 -> 41363.636 | W99: =IF(H99=재고내역!$F$9,출고요청서_raw!G99*1,IF(H99=재고내역!$F$10,출고요청서_raw!G99*2,IF(출고요청서_raw!H99=재고내역!$F$11,출고요청서_raw!G99*4,IF(출고요청서_raw!H99=재고내역!$F$12,출고요청서_raw!G99*6,IF(출고요청서_raw!H99=재고내역!$F$13,출고요청서_raw!G99*8))))) -> 4 | Z99: =W99*재고내역!$M$6 -> 30748 | AA99: =IF(W99>8,4550*2,4550) -> 4550 | AB99: =V99-Z99-AA99-Y99 -> 6065.6364 | AC99: =AB99/V99 -> 0.14664176
A100: JEONG 근자 | B100: 010-5467-2931 | E100: 16699 | F100: 경기 수원시 영통구 매영로310번길 27 651동902호 | G100: 1 | H100: 워커힐 시그니처 양념 본갈비 300g, 4개 | N100: OPT-2474222-2720490 | P100: 리씽크 | Q100: 46058 | R100: 리씽크 | S100: 45500 | T100: =IF(R100="쿠팡",VLOOKUP(H100,$AF$7:$AG$10,2,0)*G100,"0") -> 0 | U100: 45500 | V100: =U100/1.1 -> 41363.636 | W100: =IF(H100=재고내역!$F$9,출고요청서_raw!G100*1,IF(H100=재고내역!$F$10,출고요청서_raw!G100*2,IF(출고요청서_raw!H100=재고내역!$F$11,출고요청서_raw!G100*4,IF(출고요청서_raw!H100=재고내역!$F$12,출고요청서_raw!G100*6,IF(출고요청서_raw!H100=재고내역!$F$13,출고요청서_raw!G100*8))))) -> 4 | Z100: =W100*재고내역!$M$6 -> 30748 | AA100: =IF(W100>8,4550*2,4550) -> 4550 | AB100: =V100-Z100-AA100-Y100 -> 6065.6364 | AC100: =AB100/V100 -> 0.14664176
A101: (예정) | B101: 010-4295-3200 | E101: 18480 | F101: 경기 화성시 동탄구 동탄기흥로353번길 76 1631동 207호 | G101: 1 | H101: 워커힐 시그니처 양념 본갈비 300g, 4개 | N101: OPT-2474220-2720488 | P101: 리씽크 | Q101: 46058 | R101: 리씽크 | S101: 45500 | T101: =IF(R101="쿠팡",VLOOKUP(H101,$AF$7:$AG$10,2,0)*G101,"0") -> 0 | U101: 45500 | V101: =U101/1.1 -> 41363.636 | W101: =IF(H101=재고내역!$F$9,출고요청서_raw!G101*1,IF(H101=재고내역!$F$10,출고요청서_raw!G101*2,IF(출고요청서_raw!H101=재고내역!$F$11,출고요청서_raw!G101*4,IF(출고요청서_raw!H101=재고내역!$F$12,출고요청서_raw!G101*6,IF(출고요청서_raw!H101=재고내역!$F$13,출고요청서_raw!G101*8))))) -> 4 | Z101: =W101*재고내역!$M$6 -> 30748 | AA101: =IF(W101>8,4550*2,4550) -> 4550 | AB101: =V101-Z101-AA101-Y101 -> 6065.6364 | AC101: =AB101/V101 -> 0.14664176
A102: 박미정 | B102: 010-4313-5662 | E102: 10579 | F102: 경기 고양시 덕양구 오금2로 26 201동402호 | G102: 1 | H102: 워커힐 시그니처 양념 본갈비 300g, 4개 | N102: OPT-2474219-2720487 | P102: 리씽크 | Q102: 46058 | R102: 리씽크 | S102: 45500 | T102: =IF(R102="쿠팡",VLOOKUP(H102,$AF$7:$AG$10,2,0)*G102,"0") -> 0 | U102: 45500 | V102: =U102/1.1 -> 41363.636 | W102: =IF(H102=재고내역!$F$9,출고요청서_raw!G102*1,IF(H102=재고내역!$F$10,출고요청서_raw!G102*2,IF(출고요청서_raw!H102=재고내역!$F$11,출고요청서_raw!G102*4,IF(출고요청서_raw!H102=재고내역!$F$12,출고요청서_raw!G102*6,IF(출고요청서_raw!H102=재고내역!$F$13,출고요청서_raw!G102*8))))) -> 4 | Z102: =W102*재고내역!$M$6 -> 30748 | AA102: =IF(W102>8,4550*2,4550) -> 4550 | AB102: =V102-Z102-AA102-Y102 -> 6065.6364 | AC102: =AB102/V102 -> 0.14664176
...

Sheet SK스토아_raw
A2: No | B2: 업체코드 | C2: 업체명 | D2: 주문번호 | E2: 고객명 | F2: 상품코드 | G2: 소싱매체 | H2: 상품명 | I2: 단품코드 | J2: 단품명 | K2: 결제방법 | L2: 과세여부 | M2: 완료일 | N2: 배송상태 | O2: 판매가 | P2: 매입가 | Q2: 배송수량 | R2: 할인프로모션(업체) | S2: 쿠폰할인(업체) | T2: ARS할인(업체) | U2: 일시불할인(업체) | V2: 등급할인(업체) | W2: 수수료율 | X2: 할인프로모션(당사) | Y2: 쿠폰할인(당사) | Z2: ARS할인(당사) | AA2: 일시불할인(당사) | AB2: 등급할인(당사) | AC2: 판매가 기준 주문금액 | AD2: 매입가 기준 주문금액 | AE2: 업체프로모션 | AF2: 당사프로모션 | AG2: 고객결제금액 | AH2: 벤더사지급대금 | AI2: 위수탁수수료(공급가) | AJ2: 위수탁수수료(세액) | AK2: 위수탁수수료(합계) | AL2: 상품명(RG) | AM2: 배송완료일 | AN2: 출고 수량 | AO2: 판매가 | AP2: 판매가(V-) | AQ2: 매출액(V-)
A3: 1 | B3: 133329 | C3: 주식회사 로가온 | D3: 20260204818446 | E3: 이*진 | F3: 58481090 | G3: 방송 | H3: [워커힐]워커힐 고메 시그니처 양념 본갈비 8팩 | I3: 001 | J3: 없음 | K3: 신용카드 | L3: 과세 | M3: 2026-02-06 | N3: 배송완료 | O3: 119000 | P3: 82110 | Q3: 1 | R3: 0 | S3: 0 | T3: 0 | U3: 0 | V3: 0 | W3: 31 | X3: 0 | Y3: 10000 | Z3: 0 | AA3: 0 | AB3: 0 | AC3: 119000 | AD3: 82110 | AE3: 0 | AF3: 10000 | AG3: 109000 | AH3: 82110 | AI3: 24445 | AJ3: 2445 | AK3: 26890 | AL3: =SUBSTITUTE(SUBSTITUTE(H3,"[워커힐]워커힐 고메 시그니처 양념 본갈비 8팩","워커힐 시그니처 양념 본갈비 300g, 8개"),"[워커힐]워커힐 시그니처 양념 본갈비 4팩","워커힐 시그니처 양념 본갈비 300g, 4개") -> 워커힐 시그니처 양념 본갈비 300g, 8개 | AM3: =IF(N3="배송완료", DATE(LEFT(M3,4), MID(M3,6,2), MID(M3,9,2)), "") -> 46059 | AN3: =IF(OR(N3="배송완료", Q3<0), Q3, 0) -> 1 | AO3: =IF(AL3="워커힐 시그니처 양념 본갈비 300g, 8개",119000,IF(AL3="워커힐 시그니처 양념 본갈비 300g, 4개",78000,"")) -> 119000 | AP3: =AO3/1.1 -> 108181.82 | AQ3: =AN3*AP3 -> 108181.82
A4: 2 | B4: 133329 | C4: 주식회사 로가온 | D4: 20260204842609 | E4: 이*희 | F4: 58481090 | G4: 방송 | H4: [워커힐]워커힐 고메 시그니처 양념 본갈비 8팩 | I4: 001 | J4: 없음 | K4: 신용카드 | L4: 과세 | M4: 2026-02-06 | N4: 배송완료 | O4: 119000 | P4: 82110 | Q4: 1 | R4: 0 | S4: 0 | T4: 0 | U4: 0 | V4: 0 | W4: 31 | X4: 0 | Y4: 15000 | Z4: 0 | AA4: 0 | AB4: 5200 | AC4: 119000 | AD4: 82110 | AE4: 0 | AF4: 20200 | AG4: 98800 | AH4: 82110 | AI4: 15173 | AJ4: 1517 | AK4: 16690 | AL4: =SUBSTITUTE(SUBSTITUTE(H4,"[워커힐]워커힐 고메 시그니처 양념 본갈비 8팩","워커힐 시그니처 양념 본갈비 300g, 8개"),"[워커힐]워커힐 시그니처 양념 본갈비 4팩","워커힐 시그니처 양념 본갈비 300g, 4개") -> 워커힐 시그니처 양념 본갈비 300g, 8개 | AM4: =IF(N4="배송완료", DATE(LEFT(M4,4), MID(M4,6,2), MID(M4,9,2)), "") -> 46059 | AN4: =IF(OR(N4="배송완료", Q4<0), Q4, 0) -> 1 | AO4: =IF(AL4="워커힐 시그니처 양념 본갈비 300g, 8개",119000,IF(AL4="워커힐 시그니처 양념 본갈비 300g, 4개",78000,"")) -> 119000 | AP4: =AO4/1.1 -> 108181.82 | AQ4: =AN4*AP4 -> 108181.82
A5: 3 | B5: 133329 | C5: 주식회사 로가온 | D5: 20260205994554 | E5: 유*진 | F5: 58481090 | G5: 방송 | H5: [워커힐]워커힐 고메 시그니처 양념 본갈비 8팩 | I5: 001 | J5: 없음 | K5: 신용카드 | L5: 과세 | M5: 2026-02-06 | N5: 회수확정 | O5: 119000 | P5: 82110 | Q5: -1 | R5: 0 | S5: 0 | T5: 0 | U5: 0 | V5: 0 | W5: 31 | X5: 0 | Y5: 0 | Z5: 0 | AA5: 0 | AB5: -5950 | AC5: -119000 | AD5: -82110 | AE5: 0 | AF5: -5950 | AG5: -113050 | AH5: -82110 | AI5: -28127 | AJ5: -2813 | AK5: -30940 | AL5: =SUBSTITUTE(SUBSTITUTE(H5,"[워커힐]워커힐 고메 시그니처 양념 본갈비 8팩","워커힐 시그니처 양념 본갈비 300g, 8개"),"[워커힐]워커힐 시그니처 양념 본갈비 4팩","워커힐 시그니처 양념 본갈비 300g, 4개") -> 워커힐 시그니처 양념 본갈비 300g, 8개 | AM5: =IF(N5="배송완료", DATE(LEFT(M5,4), MID(M5,6,2), MID(M5,9,2)), "") | AN5: =IF(OR(N5="배송완료", Q5<0), Q5, 0) -> -1 | AO5: =IF(AL5="워커힐 시그니처 양념 본갈비 300g, 8개",119000,IF(AL5="워커힐 시그니처 양념 본갈비 300g, 4개",78000,"")) -> 119000 | AP5: =AO5/1.1 -> 108181.82 | AQ5: =AN5*AP5 -> -108181.82
A6: 4 | B6: 133329 | C6: 주식회사 로가온 | D6: 20260205994554 | E6: 유*진 | F6: 58481090 | G6: 방송 | H6: [워커힐]워커힐 고메 시그니처 양념 본갈비 8팩 | I6: 001 | J6: 없음 | K6: 신용카드 | L6: 과세 | M6: 2026-02-06 | N6: 배송완료 | O6: 119000 | P6: 82110 | Q6: 1 | R6: 0 | S6: 0 | T6: 0 | U6: 0 | V6: 0 | W6: 31 | X6: 0 | Y6: 0 | Z6: 0 | AA6: 0 | AB6: 5950 | AC6: 119000 | AD6: 82110 | AE6: 0 | AF6: 5950 | AG6: 113050 | AH6: 82110 | AI6: 28127 | AJ6: 2813 | AK6: 30940 | AL6: =SUBSTITUTE(SUBSTITUTE(H6,"[워커힐]워커힐 고메 시그니처 양념 본갈비 8팩","워커힐 시그니처 양념 본갈비 300g, 8개"),"[워커힐]워커힐 시그니처 양념 본갈비 4팩","워커힐 시그니처 양념 본갈비 300g, 4개") -> 워커힐 시그니처 양념 본갈비 300g, 8개 | AM6: =IF(N6="배송완료", DATE(LEFT(M6,4), MID(M6,6,2), MID(M6,9,2)), "") -> 46059 | AN6: =IF(OR(N6="배송완료", Q6<0), Q6, 0) -> 1 | AO6: =IF(AL6="워커힐 시그니처 양념 본갈비 300g, 8개",119000,IF(AL6="워커힐 시그니처 양념 본갈비 300g, 4개",78000,"")) -> 119000 | AP6: =AO6/1.1 -> 108181.82 | AQ6: =AN6*AP6 -> 108181.82
A7: 5 | B7: 133329 | C7: 주식회사 로가온 | D7: 20260205974443 | E7: 최*민 | F7: 58999583 | G7: 방송 | H7: [워커힐]워커힐 고메 시그니처 양념 본갈비 8팩 | I7: 001 | J7: 없음 | L7: 과세 | M7: 2026-02-06 | N7: 배송완료 | O7: 119000 | P7: 82110 | Q7: 1 | R7: 0 | S7: 0 | T7: 0 | U7: 0 | V7: 0 | W7: 31 | X7: 0 | Y7: 0 | Z7: 0 | AA7: 0 | AB7: 0 | AC7: 119000 | AD7: 82110 | AE7: 0 | AF7: 0 | AG7: 119000 | AH7: 82110 | AI7: 33536 | AJ7: 3354 | AK7: 36890 | AL7: =SUBSTITUTE(SUBSTITUTE(H7,"[워커힐]워커힐 고메 시그니처 양념 본갈비 8팩","워커힐 시그니처 양념 본갈비 300g, 8개"),"[워커힐]워커힐 시그니처 양념 본갈비 4팩","워커힐 시그니처 양념 본갈비 300g, 4개") -> 워커힐 시그니처 양념 본갈비 300g, 8개 | AM7: =IF(N7="배송완료", DATE(LEFT(M7,4), MID(M7,6,2), MID(M7,9,2)), "") -> 46059 | AN7: =IF(OR(N7="배송완료", Q7<0), Q7, 0) -> 1 | AO7: =IF(AL7="워커힐 시그니처 양념 본갈비 300g, 8개",119000,IF(AL7="워커힐 시그니처 양념 본갈비 300g, 4개",78000,"")) -> 119000 | AP7: =AO7/1.1 -> 108181.82 | AQ7: =AN7*AP7 -> 108181.82
A8: 6 | B8: 133329 | C8: 주식회사 로가온 | D8: 20260204816757 | E8: 최*수 | F8: 58999583 | G8: 방송 | H8: [워커힐]워커힐 고메 시그니처 양념 본갈비 8팩 | I8: 001 | J8: 없음 | L8: 과세 | M8: 2026-02-06 | N8: 배송완료 | O8: 119000 | P8: 82110 | Q8: 1 | R8: 0 | S8: 0 | T8: 0 | U8: 0 | V8: 0 | W8: 31 | X8: 0 | Y8: 0 | Z8: 0 | AA8: 0 | AB8: 0 | AC8: 119000 | AD8: 82110 | AE8: 0 | AF8: 0 | AG8: 119000 | AH8: 82110 | AI8: 33536 | AJ8: 3354 | AK8: 36890 | AL8: =SUBSTITUTE(SUBSTITUTE(H8,"[워커힐]워커힐 고메 시그니처 양념 본갈비 8팩","워커힐 시그니처 양념 본갈비 300g, 8개"),"[워커힐]워커힐 시그니처 양념 본갈비 4팩","워커힐 시그니처 양념 본갈비 300g, 4개") -> 워커힐 시그니처 양념 본갈비 300g, 8개 | AM8: =IF(N8="배송완료", DATE(LEFT(M8,4), MID(M8,6,2), MID(M8,9,2)), "") -> 46059 | AN8: =IF(OR(N8="배송완료", Q8<0), Q8, 0) -> 1 | AO8: =IF(AL8="워커힐 시그니처 양념 본갈비 300g, 8개",119000,IF(AL8="워커힐 시그니처 양념 본갈비 300g, 4개",78000,"")) -> 119000 | AP8: =AO8/1.1 -> 108181.82 | AQ8: =AN8*AP8 -> 108181.82
A9: 7 | B9: 133329 | C9: 주식회사 로가온 | D9: 20260204838783 | E9: 주* | F9: 58999583 | G9: 방송 | H9: [워커힐]워커힐 고메 시그니처 양념 본갈비 8팩 | I9: 001 | J9: 없음 | K9: 신용카드 | L9: 과세 | M9: 2026-02-06 | N9: 배송완료 | O9: 119000 | P9: 82110 | Q9: 1 | R9: 0 | S9: 0 | T9: 0 | U9: 0 | V9: 0 | W9: 31 | X9: 17850 | Y9: 0 | Z9: 0 | AA9: 0 | AB9: 0 | AC9: 119000 | AD9: 82110 | AE9: 0 | AF9: 17850 | AG9: 101150 | AH9: 82110 | AI9: 17309 | AJ9: 1731 | AK9: 19040 | AL9: =SUBSTITUTE(SUBSTITUTE(H9,"[워커힐]워커힐 고메 시그니처 양념 본갈비 8팩","워커힐 시그니처 양념 본갈비 300g, 8개"),"[워커힐]워커힐 시그니처 양념 본갈비 4팩","워커힐 시그니처 양념 본갈비 300g, 4개") -> 워커힐 시그니처 양념 본갈비 300g, 8개 | AM9: =IF(N9="배송완료", DATE(LEFT(M9,4), MID(M9,6,2), MID(M9,9,2)), "") -> 46059 | AN9: =IF(OR(N9="배송완료", Q9<0), Q9, 0) -> 1 | AO9: =IF(AL9="워커힐 시그니처 양념 본갈비 300g, 8개",119000,IF(AL9="워커힐 시그니처 양념 본갈비 300g, 4개",78000,"")) -> 119000 | AP9: =AO9/1.1 -> 108181.82 | AQ9: =AN9*AP9 -> 108181.82
A10: 8 | B10: 133329 | C10: 주식회사 로가온 | D10: 20260205993677 | E10: 조*순 | F10: 58481090 | G10: 방송 | H10: [워커힐]워커힐 고메 시그니처 양념 본갈비 8팩 | I10: 001 | J10: 없음 | K10: 신용카드 | L10: 과세 | M10: 2026-02-07 | N10: 배송완료 | O10: 119000 | P10: 82110 | Q10: 1 | R10: 0 | S10: 0 | T10: 0 | U10: 0 | V10: 0 | W10: 31 | X10: 0 | Y10: 0 | Z10: 0 | AA10: 0 | AB10: 0 | AC10: 119000 | AD10: 82110 | AE10: 0 | AF10: 0 | AG10: 119000 | AH10: 82110 | AI10: 33536 | AJ10: 3354 | AK10: 36890 | AL10: =SUBSTITUTE(SUBSTITUTE(H10,"[워커힐]워커힐 고메 시그니처 양념 본갈비 8팩","워커힐 시그니처 양념 본갈비 300g, 8개"),"[워커힐]워커힐 시그니처 양념 본갈비 4팩","워커힐 시그니처 양념 본갈비 300g, 4개") -> 워커힐 시그니처 양념 본갈비 300g, 8개 | AM10: =IF(N10="배송완료", DATE(LEFT(M10,4), MID(M10,6,2), MID(M10,9,2)), "") -> 46060 | AN10: =IF(OR(N10="배송완료", Q10<0), Q10, 0) -> 1 | AO10: =IF(AL10="워커힐 시그니처 양념 본갈비 300g, 8개",119000,IF(AL10="워커힐 시그니처 양념 본갈비 300g, 4개",78000,"")) -> 119000 | AP10: =AO10/1.1 -> 108181.82 | AQ10: =AN10*AP10 -> 108181.82
A11: 9 | B11: 133329 | C11: 주식회사 로가온 | D11: 20260205995396 | E11: 장*희 | F11: 58481090 | G11: 방송 | H11: [워커힐]워커힐 고메 시그니처 양념 본갈비 8팩 | I11: 001 | J11: 없음 | K11: 신용카드 | L11: 과세 | M11: 2026-02-07 | N11: 배송완료 | O11: 119000 | P11: 82110 | Q11: 1 | R11: 0 | S11: 0 | T11: 0 | U11: 0 | V11: 0 | W11: 31 | X11: 0 | Y11: 0 | Z11: 0 | AA11: 0 | AB11: 5950 | AC11: 119000 | AD11: 82110 | AE11: 0 | AF11: 5950 | AG11: 113050 | AH11: 82110 | AI11: 28127 | AJ11: 2813 | AK11: 30940 | AL11: =SUBSTITUTE(SUBSTITUTE(H11,"[워커힐]워커힐 고메 시그니처 양념 본갈비 8팩","워커힐 시그니처 양념 본갈비 300g, 8개"),"[워커힐]워커힐 시그니처 양념 본갈비 4팩","워커힐 시그니처 양념 본갈비 300g, 4개") -> 워커힐 시그니처 양념 본갈비 300g, 8개 | AM11: =IF(N11="배송완료", DATE(LEFT(M11,4), MID(M11,6,2), MID(M11,9,2)), "") -> 46060 | AN11: =IF(OR(N11="배송완료", Q11<0), Q11, 0) -> 1 | AO11: =IF(AL11="워커힐 시그니처 양념 본갈비 300g, 8개",119000,IF(AL11="워커힐 시그니처 양념 본갈비 300g, 4개",78000,"")) -> 119000 | AP11: =AO11/1.1 -> 108181.82 | AQ11: =AN11*AP11 -> 108181.82
A12: 10 | B12: 133329 | C12: 주식회사 로가온 | D12: 20260205995304 | E12: 조*희 | F12: 58481090 | G12: 방송 | H12: [워커힐]워커힐 고메 시그니처 양념 본갈비 8팩 | I12: 001 | J12: 없음 | K12: 신용카드 | L12: 과세 | M12: 2026-02-07 | N12: 배송완료 | O12: 119000 | P12: 82110 | Q12: 1 | R12: 0 | S12: 0 | T12: 0 | U12: 0 | V12: 0 | W12: 31 | X12: 0 | Y12: 0 | Z12: 0 | AA12: 0 | AB12: 0 | AC12: 119000 | AD12: 82110 | AE12: 0 | AF12: 0 | AG12: 119000 | AH12: 82110 | AI12: 33536 | AJ12: 3354 | AK12: 36890 | AL12: =SUBSTITUTE(SUBSTITUTE(H12,"[워커힐]워커힐 고메 시그니처 양념 본갈비 8팩","워커힐 시그니처 양념 본갈비 300g, 8개"),"[워커힐]워커힐 시그니처 양념 본갈비 4팩","워커힐 시그니처 양념 본갈비 300g, 4개") -> 워커힐 시그니처 양념 본갈비 300g, 8개 | AM12: =IF(N12="배송완료", DATE(LEFT(M12,4), MID(M12,6,2), MID(M12,9,2)), "") -> 46060 | AN12: =IF(OR(N12="배송완료", Q12<0), Q12, 0) -> 1 | AO12: =IF(AL12="워커힐 시그니처 양념 본갈비 300g, 8개",119000,IF(AL12="워커힐 시그니처 양념 본갈비 300g, 4개",78000,"")) -> 119000 | AP12: =AO12/1.1 -> 108181.82 | AQ12: =AN12*AP12 -> 108181.82
A13: 11 | B13: 133329 | C13: 주식회사 로가온 | D13: 20260205992492 | E13: 마*숙 | F13: 58481090 | G13: 방송 | H13: [워커힐]워커힐 고메 시그니처 양념 본갈비 8팩 | I13: 001 | J13: 없음 | K13: 신용카드 | L13: 과세 | M13: 2026-02-07 | N13: 배송완료 | O13: 119000 | P13: 82110 | Q13: 1 | R13: 0 | S13: 0 | T13: 0 | U13: 0 | V13: 0 | W13: 31 | X13: 0 | Y13: 0 | Z13: 0 | AA13: 0 | AB13: 0 | AC13: 119000 | AD13: 82110 | AE13: 0 | AF13: 0 | AG13: 119000 | AH13: 82110 | AI13: 33536 | AJ13: 3354 | AK13: 36890 | AL13: =SUBSTITUTE(SUBSTITUTE(H13,"[워커힐]워커힐 고메 시그니처 양념 본갈비 8팩","워커힐 시그니처 양념 본갈비 300g, 8개"),"[워커힐]워커힐 시그니처 양념 본갈비 4팩","워커힐 시그니처 양념 본갈비 300g, 4개") -> 워커힐 시그니처 양념 본갈비 300g, 8개 | AM13: =IF(N13="배송완료", DATE(LEFT(M13,4), MID(M13,6,2), MID(M13,9,2)), "") -> 46060 | AN13: =IF(OR(N13="배송완료", Q13<0), Q13, 0) -> 1 | AO13: =IF(AL13="워커힐 시그니처 양념 본갈비 300g, 8개",119000,IF(AL13="워커힐 시그니처 양념 본갈비 300g, 4개",78000,"")) -> 119000 | AP13: =AO13/1.1 -> 108181.82 | AQ13: =AN13*AP13 -> 108181.82
A14: 12 | B14: 133329 | C14: 주식회사 로가온 | D14: 20260205994040 | E14: 정*교 | F14: 58481090 | G14: 방송 | H14: [워커힐]워커힐 고메 시그니처 양념 본갈비 8팩 | I14: 001 | J14: 없음 | K14: 신용카드 | L14: 과세 | M14: 2026-02-07 | N14: 배송완료 | O14: 119000 | P14: 82110 | Q14: 1 | R14: 0 | S14: 0 | T14: 0 | U14: 0 | V14: 0 | W14: 31 | X14: 0 | Y14: 0 | Z14: 0 | AA14: 0 | AB14: 0 | AC14: 119000 | AD14: 82110 | AE14: 0 | AF14: 0 | AG14: 119000 | AH14: 82110 | AI14: 33536 | AJ14: 3354 | AK14: 36890 | AL14: =SUBSTITUTE(SUBSTITUTE(H14,"[워커힐]워커힐 고메 시그니처 양념 본갈비 8팩","워커힐 시그니처 양념 본갈비 300g, 8개"),"[워커힐]워커힐 시그니처 양념 본갈비 4팩","워커힐 시그니처 양념 본갈비 300g, 4개") -> 워커힐 시그니처 양념 본갈비 300g, 8개 | AM14: =IF(N14="배송완료", DATE(LEFT(M14,4), MID(M14,6,2), MID(M14,9,2)), "") -> 46060 | AN14: =IF(OR(N14="배송완료", Q14<0), Q14, 0) -> 1 | AO14: =IF(AL14="워커힐 시그니처 양념 본갈비 300g, 8개",119000,IF(AL14="워커힐 시그니처 양념 본갈비 300g, 4개",78000,"")) -> 119000 | AP14: =AO14/1.1 -> 108181.82 | AQ14: =AN14*AP14 -> 108181.82
A15: 13 | B15: 133329 | C15: 주식회사 로가온 | D15: 20260205993973 | E15: 김*자 | F15: 58481090 | G15: 방송 | H15: [워커힐]워커힐 고메 시그니처 양념 본갈비 8팩 | I15: 001 | J15: 없음 | K15: 신용카드 | L15: 과세 | M15: 2026-02-07 | N15: 배송완료 | O15: 119000 | P15: 82110 | Q15: 1 | R15: 0 | S15: 0 | T15: 0 | U15: 0 | V15: 0 | W15: 31 | X15: 0 | Y15: 0 | Z15: 0 | AA15: 0 | AB15: 0 | AC15: 119000 | AD15: 82110 | AE15: 0 | AF15: 0 | AG15: 119000 | AH15: 82110 | AI15: 33536 | AJ15: 3354 | AK15: 36890 | AL15: =SUBSTITUTE(SUBSTITUTE(H15,"[워커힐]워커힐 고메 시그니처 양념 본갈비 8팩","워커힐 시그니처 양념 본갈비 300g, 8개"),"[워커힐]워커힐 시그니처 양념 본갈비 4팩","워커힐 시그니처 양념 본갈비 300g, 4개") -> 워커힐 시그니처 양념 본갈비 300g, 8개 | AM15: =IF(N15="배송완료", DATE(LEFT(M15,4), MID(M15,6,2), MID(M15,9,2)), "") -> 46060 | AN15: =IF(OR(N15="배송완료", Q15<0), Q15, 0) -> 1 | AO15: =IF(AL15="워커힐 시그니처 양념 본갈비 300g, 8개",119000,IF(AL15="워커힐 시그니처 양념 본갈비 300g, 4개",78000,"")) -> 119000 | AP15: =AO15/1.1 -> 108181.82 | AQ15: =AN15*AP15 -> 108181.82
A16: 14 | B16: 133329 | C16: 주식회사 로가온 | D16: 20260205993950 | E16: 조*화 | F16: 58481090 | G16: 방송 | H16: [워커힐]워커힐 고메 시그니처 양념 본갈비 8팩 | I16: 001 | J16: 없음 | K16: 신용카드 | L16: 과세 | M16: 2026-02-07 | N16: 배송완료 | O16: 119000 | P16: 82110 | Q16: 1 | R16: 0 | S16: 0 | T16: 0 | U16: 0 | V16: 0 | W16: 31 | X16: 0 | Y16: 0 | Z16: 0 | AA16: 0 | AB16: 0 | AC16: 119000 | AD16: 82110 | AE16: 0 | AF16: 0 | AG16: 119000 | AH16: 82110 | AI16: 33536 | AJ16: 3354 | AK16: 36890 | AL16: =SUBSTITUTE(SUBSTITUTE(H16,"[워커힐]워커힐 고메 시그니처 양념 본갈비 8팩","워커힐 시그니처 양념 본갈비 300g, 8개"),"[워커힐]워커힐 시그니처 양념 본갈비 4팩","워커힐 시그니처 양념 본갈비 300g, 4개") -> 워커힐 시그니처 양념 본갈비 300g, 8개 | AM16: =IF(N16="배송완료", DATE(LEFT(M16,4), MID(M16,6,2), MID(M16,9,2)), "") -> 46060 | AN16: =IF(OR(N16="배송완료", Q16<0), Q16, 0) -> 1 | AO16: =IF(AL16="워커힐 시그니처 양념 본갈비 300g, 8개",119000,IF(AL16="워커힐 시그니처 양념 본갈비 300g, 4개",78000,"")) -> 119000 | AP16: =AO16/1.1 -> 108181.82 | AQ16: =AN16*AP16 -> 108181.82
A17: 15 | B17: 133329 | C17: 주식회사 로가온 | D17: 20260205993318 | E17: 김*순 | F17: 58481090 | G17: 방송 | H17: [워커힐]워커힐 고메 시그니처 양념 본갈비 8팩 | I17: 001 | J17: 없음 | K17: 신용카드 | L17: 과세 | M17: 2026-02-07 | N17: 배송완료 | O17: 119000 | P17: 82110 | Q17: 1 | R17: 0 | S17: 0 | T17: 0 | U17: 0 | V17: 0 | W17: 31 | X17: 0 | Y17: 0 | Z17: 0 | AA17: 0 | AB17: 5950 | AC17: 119000 | AD17: 82110 | AE17: 0 | AF17: 5950 | AG17: 113050 | AH17: 82110 | AI17: 28127 | AJ17: 2813 | AK17: 30940 | AL17: =SUBSTITUTE(SUBSTITUTE(H17,"[워커힐]워커힐 고메 시그니처 양념 본갈비 8팩","워커힐 시그니처 양념 본갈비 300g, 8개"),"[워커힐]워커힐 시그니처 양념 본갈비 4팩","워커힐 시그니처 양념 본갈비 300g, 4개") -> 워커힐 시그니처 양념 본갈비 300g, 8개 | AM17: =IF(N17="배송완료", DATE(LEFT(M17,4), MID(M17,6,2), MID(M17,9,2)), "") -> 46060 | AN17: =IF(OR(N17="배송완료", Q17<0), Q17, 0) -> 1 | AO17: =IF(AL17="워커힐 시그니처 양념 본갈비 300g, 8개",119000,IF(AL17="워커힐 시그니처 양념 본갈비 300g, 4개",78000,"")) -> 119000 | AP17: =AO17/1.1 -> 108181.82 | AQ17: =AN17*AP17 -> 108181.82
A18: 16 | B18: 133329 | C18: 주식회사 로가온 | D18: 20260205994951 | E18: 조*원 | F18: 58481090 | G18: 방송 | H18: [워커힐]워커힐 고메 시그니처 양념 본갈비 8팩 | I18: 001 | J18: 없음 | K18: 신용카드 | L18: 과세 | M18: 2026-02-07 | N18: 배송완료 | O18: 119000 | P18: 82110 | Q18: 1 | R18: 0 | S18: 0 | T18: 0 | U18: 0 | V18: 0 | W18: 31 | X18: 0 | Y18: 0 | Z18: 0 | AA18: 0 | AB18: 0 | AC18: 119000 | AD18: 82110 | AE18: 0 | AF18: 0 | AG18: 119000 | AH18: 82110 | AI18: 33536 | AJ18: 3354 | AK18: 36890 | AL18: =SUBSTITUTE(SUBSTITUTE(H18,"[워커힐]워커힐 고메 시그니처 양념 본갈비 8팩","워커힐 시그니처 양념 본갈비 300g, 8개"),"[워커힐]워커힐 시그니처 양념 본갈비 4팩","워커힐 시그니처 양념 본갈비 300g, 4개") -> 워커힐 시그니처 양념 본갈비 300g, 8개 | AM18: =IF(N18="배송완료", DATE(LEFT(M18,4), MID(M18,6,2), MID(M18,9,2)), "") -> 46060 | AN18: =IF(OR(N18="배송완료", Q18<0), Q18, 0) -> 1 | AO18: =IF(AL18="워커힐 시그니처 양념 본갈비 300g, 8개",119000,IF(AL18="워커힐 시그니처 양념 본갈비 300g, 4개",78000,"")) -> 119000 | AP18: =AO18/1.1 -> 108181.82 | AQ18: =AN18*AP18 -> 108181.82
A19: 17 | B19: 133329 | C19: 주식회사 로가온 | D19: 20260205994416 | E19: 김*준 | F19: 58481090 | G19: 방송 | H19: [워커힐]워커힐 고메 시그니처 양념 본갈비 8팩 | I19: 001 | J19: 없음 | K19: 신용카드 | L19: 과세 | M19: 2026-02-07 | N19: 배송완료 | O19: 119000 | P19: 82110 | Q19: 1 | R19: 0 | S19: 0 | T19: 0 | U19: 0 | V19: 0 | W19: 31 | X19: 0 | Y19: 0 | Z19: 0 | AA19: 0 | AB19: 0 | AC19: 119000 | AD19: 82110 | AE19: 0 | AF19: 0 | AG19: 119000 | AH19: 82110 | AI19: 33536 | AJ19: 3354 | AK19: 36890 | AL19: =SUBSTITUTE(SUBSTITUTE(H19,"[워커힐]워커힐 고메 시그니처 양념 본갈비 8팩","워커힐 시그니처 양념 본갈비 300g, 8개"),"[워커힐]워커힐 시그니처 양념 본갈비 4팩","워커힐 시그니처 양념 본갈비 300g, 4개") -> 워커힐 시그니처 양념 본갈비 300g, 8개 | AM19: =IF(N19="배송완료", DATE(LEFT(M19,4), MID(M19,6,2), MID(M19,9,2)), "") -> 46060 | AN19: =IF(OR(N19="배송완료", Q19<0), Q19, 0) -> 1 | AO19: =IF(AL19="워커힐 시그니처 양념 본갈비 300g, 8개",119000,IF(AL19="워커힐 시그니처 양념 본갈비 300g, 4개",78000,"")) -> 119000 | AP19: =AO19/1.1 -> 108181.82 | AQ19: =AN19*AP19 -> 108181.82
A20: 18 | B20: 133329 | C20: 주식회사 로가온 | D20: 20260205993773 | E20: 김*희 | F20: 58481090 | G20: 방송 | H20: [워커힐]워커힐 고메 시그니처 양념 본갈비 8팩 | I20: 001 | J20: 없음 | K20: 신용카드 | L20: 과세 | M20: 2026-02-07 | N20: 배송완료 | O20: 119000 | P20: 82110 | Q20: 1 | R20: 0 | S20: 0 | T20: 0 | U20: 0 | V20: 0 | W20: 31 | X20: 0 | Y20: 0 | Z20: 0 | AA20: 0 | AB20: 5950 | AC20: 119000 | AD20: 82110 | AE20: 0 | AF20: 5950 | AG20: 113050 | AH20: 82110 | AI20: 28127 | AJ20: 2813 | AK20: 30940 | AL20: =SUBSTITUTE(SUBSTITUTE(H20,"[워커힐]워커힐 고메 시그니처 양념 본갈비 8팩","워커힐 시그니처 양념 본갈비 300g, 8개"),"[워커힐]워커힐 시그니처 양념 본갈비 4팩","워커힐 시그니처 양념 본갈비 300g, 4개") -> 워커힐 시그니처 양념 본갈비 300g, 8개 | AM20: =IF(N20="배송완료", DATE(LEFT(M20,4), MID(M20,6,2), MID(M20,9,2)), "") -> 46060 | AN20: =IF(OR(N20="배송완료", Q20<0), Q20, 0) -> 1 | AO20: =IF(AL20="워커힐 시그니처 양념 본갈비 300g, 8개",119000,IF(AL20="워커힐 시그니처 양념 본갈비 300g, 4개",78000,"")) -> 119000 | AP20: =AO20/1.1 -> 108181.82 | AQ20: =AN20*AP20 -> 108181.82
... A44: 42 | B44: 133329 | C44: 주식회사 로가온 | D44: 20260205995316 | E44: 김*희 | F44: 58481090 | G44: 방송 | H44: [워커힐]워커힐 고메 시그니처 양념 본갈비 8팩 | I44: 001 | J44: 없음 | K44: 신용카드 | L44: 과세 | M44: 2026-02-07 | N44: 배송완료 | O44: 119000 | P44: 82110 | Q44: 1 | R44: 0 | S44: 0 | T44: 0 | U44: 0 | V44: 0 | W44: 31 | X44: 17850 | Y44: 0 | Z44: 0 | AA44: 0 | AB44: 0 | AC44: 119000 | AD44: 82110 | AE44: 0 | AF44: 17850 | AG44: 101150 | AH44: 82110 | AI44: 17309 | AJ44: 1731 | AK44: 19040 | AL44: =SUBSTITUTE(SUBSTITUTE(H44,"[워커힐]워커힐 고메 시그니처 양념 본갈비 8팩","워커힐 시그니처 양념 본갈비 300g, 8개"),"[워커힐]워커힐 시그니처 양념 본갈비 4팩","워커힐 시그니처 양념 본갈비 300g, 4개") -> 워커힐 시그니처 양념 본갈비 300g, 8개 | AM44: =IF(N44="배송완료", DATE(LEFT(M44,4), MID(M44,6,2), MID(M44,9,2)), "") -> 46060 | AN44: =IF(OR(N44="배송완료", Q44<0), Q44, 0) -> 1 | AO44: =IF(AL44="워커힐 시그니처 양념 본갈비 300g, 8개",119000,IF(AL44="워커힐 시그니처 양념 본갈비 300g, 4개",78000,"")) -> 119000 | AP44: =AO44/1.1 -> 108181.82 | AQ44: =AN44*AP44 -> 108181.82
A45: 43 | B45: 133329 | C45: 주식회사 로가온 | D45: 20260205994598 | E45: 조*남 | F45: 58481090 | G45: 방송 | H45: [워커힐]워커힐 고메 시그니처 양념 본갈비 8팩 | I45: 001 | J45: 없음 | L45: 과세 | M45: 2026-02-07 | N45: 배송완료 | O45: 119000 | P45: 82110 | Q45: 1 | R45: 0 | S45: 0 | T45: 0 | U45: 0 | V45: 0 | W45: 31 | X45: 0 | Y45: 0 | Z45: 0 | AA45: 0 | AB45: 0 | AC45: 119000 | AD45: 82110 | AE45: 0 | AF45: 0 | AG45: 119000 | AH45: 82110 | AI45: 33536 | AJ45: 3354 | AK45: 36890 | AL45: =SUBSTITUTE(SUBSTITUTE(H45,"[워커힐]워커힐 고메 시그니처 양념 본갈비 8팩","워커힐 시그니처 양념 본갈비 300g, 8개"),"[워커힐]워커힐 시그니처 양념 본갈비 4팩","워커힐 시그니처 양념 본갈비 300g, 4개") -> 워커힐 시그니처 양념 본갈비 300g, 8개 | AM45: =IF(N45="배송완료", DATE(LEFT(M45,4), MID(M45,6,2), MID(M45,9,2)), "") -> 46060 | AN45: =IF(OR(N45="배송완료", Q45<0), Q45, 0) -> 1 | AO45: =IF(AL45="워커힐 시그니처 양념 본갈비 300g, 8개",119000,IF(AL45="워커힐 시그니처 양념 본갈비 300g, 4개",78000,"")) -> 119000 | AP45: =AO45/1.1 -> 108181.82 | AQ45: =AN45*AP45 -> 108181.82
A46: 44 | B46: 133329 | C46: 주식회사 로가온 | D46: 20260205993542 | E46: 고*자 | F46: 58481090 | G46: 방송 | H46: [워커힐]워커힐 고메 시그니처 양념 본갈비 8팩 | I46: 001 | J46: 없음 | K46: 무통장입금 | L46: 과세 | M46: 2026-02-07 | N46: 배송완료 | O46: 119000 | P46: 82110 | Q46: 1 | R46: 0 | S46: 0 | T46: 0 | U46: 0 | V46: 0 | W46: 31 | X46: 0 | Y46: 0 | Z46: 0 | AA46: 0 | AB46: 0 | AC46: 119000 | AD46: 82110 | AE46: 0 | AF46: 0 | AG46: 119000 | AH46: 82110 | AI46: 33536 | AJ46: 3354 | AK46: 36890 | AL46: =SUBSTITUTE(SUBSTITUTE(H46,"[워커힐]워커힐 고메 시그니처 양념 본갈비 8팩","워커힐 시그니처 양념 본갈비 300g, 8개"),"[워커힐]워커힐 시그니처 양념 본갈비 4팩","워커힐 시그니처 양념 본갈비 300g, 4개") -> 워커힐 시그니처 양념 본갈비 300g, 8개 | AM46: =IF(N46="배송완료", DATE(LEFT(M46,4), MID(M46,6,2), MID(M46,9,2)), "") -> 46060 | AN46: =IF(OR(N46="배송완료", Q46<0), Q46, 0) -> 1 | AO46: =IF(AL46="워커힐 시그니처 양념 본갈비 300g, 8개",119000,IF(AL46="워커힐 시그니처 양념 본갈비 300g, 4개",78000,"")) -> 119000 | AP46: =AO46/1.1 -> 108181.82 | AQ46: =AN46*AP46 -> 108181.82
A47: 45 | B47: 133329 | C47: 주식회사 로가온 | D47: 20260205994528 | E47: 박*숙 | F47: 58481090 | G47: 방송 | H47: [워커힐]워커힐 고메 시그니처 양념 본갈비 8팩 | I47: 001 | J47: 없음 | K47: 신용카드 | L47: 과세 | M47: 2026-02-07 | N47: 배송완료 | O47: 119000 | P47: 82110 | Q47: 1 | R47: 0 | S47: 0 | T47: 0 | U47: 0 | V47: 0 | W47: 31 | X47: 0 | Y47: 0 | Z47: 0 | AA47: 0 | AB47: 0 | AC47: 119000 | AD47: 82110 | AE47: 0 | AF47: 0 | AG47: 119000 | AH47: 82110 | AI47: 33536 | AJ47: 3354 | AK47: 36890 | AL47: =SUBSTITUTE(SUBSTITUTE(H47,"[워커힐]워커힐 고메 시그니처 양념 본갈비 8팩","워커힐 시그니처 양념 본갈비 300g, 8개"),"[워커힐]워커힐 시그니처 양념 본갈비 4팩","워커힐 시그니처 양념 본갈비 300g, 4개") -> 워커힐 시그니처 양념 본갈비 300g, 8개 | AM47: =IF(N47="배송완료", DATE(LEFT(M47,4), MID(M47,6,2), MID(M47,9,2)), "") -> 46060 | AN47: =IF(OR(N47="배송완료", Q47<0), Q47, 0) -> 1 | AO47: =IF(AL47="워커힐 시그니처 양념 본갈비 300g, 8개",119000,IF(AL47="워커힐 시그니처 양념 본갈비 300g, 4개",78000,"")) -> 119000 | AP47: =AO47/1.1 -> 108181.82 | AQ47: =AN47*AP47 -> 108181.82
A48: 46 | B48: 133329 | C48: 주식회사 로가온 | D48: 20260205994528 | E48: 박*숙 | F48: 58481090 | G48: 방송 | H48: [워커힐]워커힐 고메 시그니처 양념 본갈비 8팩 | I48: 001 | J48: 없음 | K48: 신용카드 | L48: 과세 | M48: 2026-02-07 | N48: 배송완료 | O48: 119000 | P48: 82110 | Q48: 1 | R48: 0 | S48: 0 | T48: 0 | U48: 0 | V48: 0 | W48: 31 | X48: 0 | Y48: 0 | Z48: 0 | AA48: 0 | AB48: 0 | AC48: 119000 | AD48: 82110 | AE48: 0 | AF48: 0 | AG48: 119000 | AH48: 82110 | AI48: 33536 | AJ48: 3354 | AK48: 36890 | AL48: =SUBSTITUTE(SUBSTITUTE(H48,"[워커힐]워커힐 고메 시그니처 양념 본갈비 8팩","워커힐 시그니처 양념 본갈비 300g, 8개"),"[워커힐]워커힐 시그니처 양념 본갈비 4팩","워커힐 시그니처 양념 본갈비 300g, 4개") -> 워커힐 시그니처 양념 본갈비 300g, 8개 | AM48: =IF(N48="배송완료", DATE(LEFT(M48,4), MID(M48,6,2), MID(M48,9,2)), "") -> 46060 | AN48: =IF(OR(N48="배송완료", Q48<0), Q48, 0) -> 1 | AO48: =IF(AL48="워커힐 시그니처 양념 본갈비 300g, 8개",119000,IF(AL48="워커힐 시그니처 양념 본갈비 300g, 4개",78000,"")) -> 119000 | AP48: =AO48/1.1 -> 108181.82 | AQ48: =AN48*AP48 -> 108181.82
A49: 47 | B49: 133329 | C49: 주식회사 로가온 | D49: 20260205993262 | E49: 강*덕 | F49: 58481090 | G49: 방송 | H49: [워커힐]워커힐 고메 시그니처 양념 본갈비 8팩 | I49: 001 | J49: 없음 | K49: 신용카드 | L49: 과세 | M49: 2026-02-07 | N49: 배송완료 | O49: 119000 | P49: 82110 | Q49: 1 | R49: 0 | S49: 0 | T49: 0 | U49: 0 | V49: 0 | W49: 31 | X49: 0 | Y49: 0 | Z49: 0 | AA49: 0 | AB49: 0 | AC49: 119000 | AD49: 82110 | AE49: 0 | AF49: 0 | AG49: 119000 | AH49: 82110 | AI49: 33536 | AJ49: 3354 | AK49: 36890 | AL49: =SUBSTITUTE(SUBSTITUTE(H49,"[워커힐]워커힐 고메 시그니처 양념 본갈비 8팩","워커힐 시그니처 양념 본갈비 300g, 8개"),"[워커힐]워커힐 시그니처 양념 본갈비 4팩","워커힐 시그니처 양념 본갈비 300g, 4개") -> 워커힐 시그니처 양념 본갈비 300g, 8개 | AM49: =IF(N49="배송완료", DATE(LEFT(M49,4), MID(M49,6,2), MID(M49,9,2)), "") -> 46060 | AN49: =IF(OR(N49="배송완료", Q49<0), Q49, 0) -> 1 | AO49: =IF(AL49="워커힐 시그니처 양념 본갈비 300g, 8개",119000,IF(AL49="워커힐 시그니처 양념 본갈비 300g, 4개",78000,"")) -> 119000 | AP49: =AO49/1.1 -> 108181.82 | AQ49: =AN49*AP49 -> 108181.82
A50: 48 | B50: 133329 | C50: 주식회사 로가온 | D50: 20260205993211 | E50: 이*혜 | F50: 58481090 | G50: 방송 | H50: [워커힐]워커힐 고메 시그니처 양념 본갈비 8팩 | I50: 001 | J50: 없음 | K50: 신용카드 | L50: 과세 | M50: 2026-02-07 | N50: 배송완료 | O50: 119000 | P50: 82110 | Q50: 1 | R50: 0 | S50: 0 | T50: 0 | U50: 0 | V50: 0 | W50: 31 | X50: 0 | Y50: 0 | Z50: 0 | AA50: 0 | AB50: 0 | AC50: 119000 | AD50: 82110 | AE50: 0 | AF50: 0 | AG50: 119000 | AH50: 82110 | AI50: 33536 | AJ50: 3354 | AK50: 36890 | AL50: =SUBSTITUTE(SUBSTITUTE(H50,"[워커힐]워커힐 고메 시그니처 양념 본갈비 8팩","워커힐 시그니처 양념 본갈비 300g, 8개"),"[워커힐]워커힐 시그니처 양념 본갈비 4팩","워커힐 시그니처 양념 본갈비 300g, 4개") -> 워커힐 시그니처 양념 본갈비 300g, 8개 | AM50: =IF(N50="배송완료", DATE(LEFT(M50,4), MID(M50,6,2), MID(M50,9,2)), "") -> 46060 | AN50: =IF(OR(N50="배송완료", Q50<0), Q50, 0) -> 1 | AO50: =IF(AL50="워커힐 시그니처 양념 본갈비 300g, 8개",119000,IF(AL50="워커힐 시그니처 양념 본갈비 300g, 4개",78000,"")) -> 119000 | AP50: =AO50/1.1 -> 108181.82 | AQ50: =AN50*AP50 -> 108181.82
A51: 49 | B51: 133329 | C51: 주식회사 로가온 | D51: 20260205994495 | E51: 서*희 | F51: 58481090 | G51: 방송 | H51: [워커힐]워커힐 고메 시그니처 양념 본갈비 8팩 | I51: 001 | J51: 없음 | K51: 신용카드 | L51: 과세 | M51: 2026-02-07 | N51: 배송완료 | O51: 119000 | P51: 82110 | Q51: 1 | R51: 0 | S51: 0 | T51: 0 | U51: 0 | V51: 0 | W51: 31 | X51: 0 | Y51: 5000 | Z51: 0 | AA51: 0 | AB51: 0 | AC51: 119000 | AD51: 82110 | AE51: 0 | AF51: 5000 | AG51: 114000 | AH51: 82110 | AI51: 28991 | AJ51: 2899 | AK51: 31890 | AL51: =SUBSTITUTE(SUBSTITUTE(H51,"[워커힐]워커힐 고메 시그니처 양념 본갈비 8팩","워커힐 시그니처 양념 본갈비 300g, 8개"),"[워커힐]워커힐 시그니처 양념 본갈비 4팩","워커힐 시그니처 양념 본갈비 300g, 4개") -> 워커힐 시그니처 양념 본갈비 300g, 8개 | AM51: =IF(N51="배송완료", DATE(LEFT(M51,4), MID(M51,6,2), MID(M51,9,2)), "") -> 46060 | AN51: =IF(OR(N51="배송완료", Q51<0), Q51, 0) -> 1 | AO51: =IF(AL51="워커힐 시그니처 양념 본갈비 300g, 8개",119000,IF(AL51="워커힐 시그니처 양념 본갈비 300g, 4개",78000,"")) -> 119000 | AP51: =AO51/1.1 -> 108181.82 | AQ51: =AN51*AP51 -> 108181.82
A52: 50 | B52: 133329 | C52: 주식회사 로가온 | D52: 20260205995261 | E52: 장*정 | F52: 58481090 | G52: 방송 | H52: [워커힐]워커힐 고메 시그니처 양념 본갈비 8팩 | I52: 001 | J52: 없음 | K52: 신용카드 | L52: 과세 | M52: 2026-02-07 | N52: 배송완료 | O52: 119000 | P52: 82110 | Q52: 1 | R52: 0 | S52: 0 | T52: 0 | U52: 0 | V52: 0 | W52: 31 | X52: 0 | Y52: 10000 | Z52: 0 | AA52: 0 | AB52: 0 | AC52: 119000 | AD52: 82110 | AE52: 0 | AF52: 10000 | AG52: 109000 | AH52: 82110 | AI52: 24445 | AJ52: 2445 | AK52: 26890 | AL52: =SUBSTITUTE(SUBSTITUTE(H52,"[워커힐]워커힐 고메 시그니처 양념 본갈비 8팩","워커힐 시그니처 양념 본갈비 300g, 8개"),"[워커힐]워커힐 시그니처 양념 본갈비 4팩","워커힐 시그니처 양념 본갈비 300g, 4개") -> 워커힐 시그니처 양념 본갈비 300g, 8개 | AM52: =IF(N52="배송완료", DATE(LEFT(M52,4), MID(M52,6,2), MID(M52,9,2)), "") -> 46060 | AN52: =IF(OR(N52="배송완료", Q52<0), Q52, 0) -> 1 | AO52: =IF(AL52="워커힐 시그니처 양념 본갈비 300g, 8개",119000,IF(AL52="워커힐 시그니처 양념 본갈비 300g, 4개",78000,"")) -> 119000 | AP52: =AO52/1.1 -> 108181.82 | AQ52: =AN52*AP52 -> 108181.82
A53: 51 | B53: 133329 | C53: 주식회사 로가온 | D53: 20260205994942 | E53: 안*정 | F53: 58481090 | G53: 방송 | H53: [워커힐]워커힐 고메 시그니처 양념 본갈비 8팩 | I53: 001 | J53: 없음 | K53: 신용카드 | L53: 과세 | M53: 2026-02-07 | N53: 배송완료 | O53: 119000 | P53: 82110 | Q53: 1 | R53: 0 | S53: 0 | T53: 0 | U53: 0 | V53: 0 | W53: 31 | X53: 19040 | Y53: 0 | Z53: 0 | AA53: 0 | AB53: 0 | AC53: 119000 | AD53: 82110 | AE53: 0 | AF53: 19040 | AG53: 99960 | AH53: 82110 | AI53: 16227 | AJ53: 1623 | AK53: 17850 | AL53: =SUBSTITUTE(SUBSTITUTE(H53,"[워커힐]워커힐 고메 시그니처 양념 본갈비 8팩","워커힐 시그니처 양념 본갈비 300g, 8개"),"[워커힐]워커힐 시그니처 양념 본갈비 4팩","워커힐 시그니처 양념 본갈비 300g, 4개") -> 워커힐 시그니처 양념 본갈비 300g, 8개 | AM53: =IF(N53="배송완료", DATE(LEFT(M53,4), MID(M53,6,2), MID(M53,9,2)), "") -> 46060 | AN53: =IF(OR(N53="배송완료", Q53<0), Q53, 0) -> 1 | AO53: =IF(AL53="워커힐 시그니처 양념 본갈비 300g, 8개",119000,IF(AL53="워커힐 시그니처 양념 본갈비 300g, 4개",78000,"")) -> 119000 | AP53: =AO53/1.1 -> 108181.82 | AQ53: =AN53*AP53 -> 108181.82
A54: 52 | B54: 133329 | C54: 주식회사 로가온 | D54: 20260205994123 | E54: 황*경 | F54: 58481090 | G54: 방송 | H54: [워커힐]워커힐 고메 시그니처 양념 본갈비 8팩 | I54: 001 | J54: 없음 | K54: 신용카드 | L54: 과세 | M54: 2026-02-07 | N54: 배송완료 | O54: 119000 | P54: 82110 | Q54: 1 | R54: 0 | S54: 0 | T54: 0 | U54: 0 | V54: 0 | W54: 31 | X54: 0 | Y54: 0 | Z54: 0 | AA54: 0 | AB54: 0 | AC54: 119000 | AD54: 82110 | AE54: 0 | AF54: 0 | AG54: 119000 | AH54: 82110 | AI54: 33536 | AJ54: 3354 | AK54: 36890 | AL54: =SUBSTITUTE(SUBSTITUTE(H54,"[워커힐]워커힐 고메 시그니처 양념 본갈비 8팩","워커힐 시그니처 양념 본갈비 300g, 8개"),"[워커힐]워커힐 시그니처 양념 본갈비 4팩","워커힐 시그니처 양념 본갈비 300g, 4개") -> 워커힐 시그니처 양념 본갈비 300g, 8개 | AM54: =IF(N54="배송완료", DATE(LEFT(M54,4), MID(M54,6,2), MID(M54,9,2)), "") -> 46060 | AN54: =IF(OR(N54="배송완료", Q54<0), Q54, 0) -> 1 | AO54: =IF(AL54="워커힐 시그니처 양념 본갈비 300g, 8개",119000,IF(AL54="워커힐 시그니처 양념 본갈비 300g, 4개",78000,"")) -> 119000 | AP54: =AO54/1.1 -> 108181.82 | AQ54: =AN54*AP54 -> 108181.82
A55: 53 | B55: 133329 | C55: 주식회사 로가온 | D55: 20260205994827 | E55: 장*옥 | F55: 58481090 | G55: 방송 | H55: [워커힐]워커힐 고메 시그니처 양념 본갈비 8팩 | I55: 001 | J55: 없음 | K55: 신용카드 | L55: 과세 | M55: 2026-02-07 | N55: 배송완료 | O55: 119000 | P55: 82110 | Q55: 1 | R55: 0 | S55: 0 | T55: 0 | U55: 0 | V55: 0 | W55: 31 | X55: 0 | Y55: 0 | Z55: 0 | AA55: 0 | AB55: 0 | AC55: 119000 | AD55: 82110 | AE55: 0 | AF55: 0 | AG55: 119000 | AH55: 82110 | AI55: 33536 | AJ55: 3354 | AK55: 36890 | AL55: =SUBSTITUTE(SUBSTITUTE(H55,"[워커힐]워커힐 고메 시그니처 양념 본갈비 8팩","워커힐 시그니처 양념 본갈비 300g, 8개"),"[워커힐]워커힐 시그니처 양념 본갈비 4팩","워커힐 시그니처 양념 본갈비 300g, 4개") -> 워커힐 시그니처 양념 본갈비 300g, 8개 | AM55: =IF(N55="배송완료", DATE(LEFT(M55,4), MID(M55,6,2), MID(M55,9,2)), "") -> 46060 | AN55: =IF(OR(N55="배송완료", Q55<0), Q55, 0) -> 1 | AO55: =IF(AL55="워커힐 시그니처 양념 본갈비 300g, 8개",119000,IF(AL55="워커힐 시그니처 양념 본갈비 300g, 4개",78000,"")) -> 119000 | AP55: =AO55/1.1 -> 108181.82 | AQ55: =AN55*AP55 -> 108181.82
A56: 54 | B56: 133329 | C56: 주식회사 로가온 | D56: 20260205993394 | E56: 윤*자 | F56: 58481090 | G56: 방송 | H56: [워커힐]워커힐 고메 시그니처 양념 본갈비 8팩 | I56: 001 | J56: 없음 | K56: 신용카드 | L56: 과세 | M56: 2026-02-07 | N56: 배송완료 | O56: 119000 | P56: 82110 | Q56: 1 | R56: 0 | S56: 0 | T56: 0 | U56: 0 | V56: 0 | W56: 31 | X56: 0 | Y56: 0 | Z56: 0 | AA56: 0 | AB56: 0 | AC56: 119000 | AD56: 82110 | AE56: 0 | AF56: 0 | AG56: 119000 | AH56: 82110 | AI56: 33536 | AJ56: 3354 | AK56: 36890 | AL56: =SUBSTITUTE(SUBSTITUTE(H56,"[워커힐]워커힐 고메 시그니처 양념 본갈비 8팩","워커힐 시그니처 양념 본갈비 300g, 8개"),"[워커힐]워커힐 시그니처 양념 본갈비 4팩","워커힐 시그니처 양념 본갈비 300g, 4개") -> 워커힐 시그니처 양념 본갈비 300g, 8개 | AM56: =IF(N56="배송완료", DATE(LEFT(M56,4), MID(M56,6,2), MID(M56,9,2)), "") -> 46060 | AN56: =IF(OR(N56="배송완료", Q56<0), Q56, 0) -> 1 | AO56: =IF(AL56="워커힐 시그니처 양념 본갈비 300g, 8개",119000,IF(AL56="워커힐 시그니처 양념 본갈비 300g, 4개",78000,"")) -> 119000 | AP56: =AO56/1.1 -> 108181.82 | AQ56: =AN56*AP56 -> 108181.82
A57: 55 | B57: 133329 | C57: 주식회사 로가온 | D57: 20260205993046 | E57: 한*숙 | F57: 58481090 | G57: 방송 | H57: [워커힐]워커힐 고메 시그니처 양념 본갈비 8팩 | I57: 001 | J57: 없음 | K57: 신용카드 | L57: 과세 | M57: 2026-02-07 | N57: 배송완료 | O57: 119000 | P57: 82110 | Q57: 1 | R57: 0 | S57: 0 | T57: 0 | U57: 0 | V57: 0 | W57: 31 | X57: 0 | Y57: 0 | Z57: 0 | AA57: 0 | AB57: 0 | AC57: 119000 | AD57: 82110 | AE57: 0 | AF57: 0 | AG57: 119000 | AH57: 82110 | AI57: 33536 | AJ57: 3354 | AK57: 36890 | AL57: =SUBSTITUTE(SUBSTITUTE(H57,"[워커힐]워커힐 고메 시그니처 양념 본갈비 8팩","워커힐 시그니처 양념 본갈비 300g, 8개"),"[워커힐]워커힐 시그니처 양념 본갈비 4팩","워커힐 시그니처 양념 본갈비 300g, 4개") -> 워커힐 시그니처 양념 본갈비 300g, 8개 | AM57: =IF(N57="배송완료", DATE(LEFT(M57,4), MID(M57,6,2), MID(M57,9,2)), "") -> 46060 | AN57: =IF(OR(N57="배송완료", Q57<0), Q57, 0) -> 1 | AO57: =IF(AL57="워커힐 시그니처 양념 본갈비 300g, 8개",119000,IF(AL57="워커힐 시그니처 양념 본갈비 300g, 4개",78000,"")) -> 119000 | AP57: =AO57/1.1 -> 108181.82 | AQ57: =AN57*AP57 -> 108181.82
A58: 56 | B58: 133329 | C58: 주식회사 로가온 | D58: 20260205993001 | E58: 홍*향 | F58: 58481090 | G58: 방송 | H58: [워커힐]워커힐 고메 시그니처 양념 본갈비 8팩 | I58: 001 | J58: 없음 | K58: 무통장입금 | L58: 과세 | M58: 2026-02-07 | N58: 배송완료 | O58: 119000 | P58: 82110 | Q58: 1 | R58: 0 | S58: 0 | T58: 0 | U58: 0 | V58: 0 | W58: 31 | X58: 0 | Y58: 0 | Z58: 0 | AA58: 0 | AB58: 0 | AC58: 119000 | AD58: 82110 | AE58: 0 | AF58: 0 | AG58: 119000 | AH58: 82110 | AI58: 33536 | AJ58: 3354 | AK58: 36890 | AL58: =SUBSTITUTE(SUBSTITUTE(H58,"[워커힐]워커힐 고메 시그니처 양념 본갈비 8팩","워커힐 시그니처 양념 본갈비 300g, 8개"),"[워커힐]워커힐 시그니처 양념 본갈비 4팩","워커힐 시그니처 양념 본갈비 300g, 4개") -> 워커힐 시그니처 양념 본갈비 300g, 8개 | AM58: =IF(N58="배송완료", DATE(LEFT(M58,4), MID(M58,6,2), MID(M58,9,2)), "") -> 46060 | AN58: =IF(OR(N58="배송완료", Q58<0), Q58, 0) -> 1 | AO58: =IF(AL58="워커힐 시그니처 양념 본갈비 300g, 8개",119000,IF(AL58="워커힐 시그니처 양념 본갈비 300g, 4개",78000,"")) -> 119000 | AP58: =AO58/1.1 -> 108181.82 | AQ58: =AN58*AP58 -> 108181.82
A59: 57 | B59: 133329 | C59: 주식회사 로가온 | D59: 20260205993376 | E59: 강*영 | F59: 58481090 | G59: 방송 | H59: [워커힐]워커힐 고메 시그니처 양념 본갈비 8팩 | I59: 001 | J59: 없음 | L59: 과세 | M59: 2026-02-07 | N59: 배송완료 | O59: 119000 | P59: 82110 | Q59: 1 | R59: 0 | S59: 0 | T59: 0 | U59: 0 | V59: 0 | W59: 31 | X59: 0 | Y59: 5950 | Z59: 0 | AA59: 0 | AB59: 0 | AC59: 119000 | AD59: 82110 | AE59: 0 | AF59: 5950 | AG59: 113050 | AH59: 82110 | AI59: 28127 | AJ59: 2813 | AK59: 30940 | AL59: =SUBSTITUTE(SUBSTITUTE(H59,"[워커힐]워커힐 고메 시그니처 양념 본갈비 8팩","워커힐 시그니처 양념 본갈비 300g, 8개"),"[워커힐]워커힐 시그니처 양념 본갈비 4팩","워커힐 시그니처 양념 본갈비 300g, 4개") -> 워커힐 시그니처 양념 본갈비 300g, 8개 | AM59: =IF(N59="배송완료", DATE(LEFT(M59,4), MID(M59,6,2), MID(M59,9,2)), "") -> 46060 | AN59: =IF(OR(N59="배송완료", Q59<0), Q59, 0) -> 1 | AO59: =IF(AL59="워커힐 시그니처 양념 본갈비 300g, 8개",119000,IF(AL59="워커힐 시그니처 양념 본갈비 300g, 4개",78000,"")) -> 119000 | AP59: =AO59/1.1 -> 108181.82 | AQ59: =AN59*AP59 -> 108181.82
A60: 58 | B60: 133329 | C60: 주식회사 로가온 | D60: 20260205993377 | E60: 최*미 | F60: 58481090 | G60: 방송 | H60: [워커힐]워커힐 고메 시그니처 양념 본갈비 8팩 | I60: 001 | J60: 없음 | L60: 과세 | M60: 2026-02-07 | N60: 배송완료 | O60: 119000 | P60: 82110 | Q60: 1 | R60: 0 | S60: 0 | T60: 0 | U60: 0 | V60: 0 | W60: 31 | X60: 0 | Y60: 5950 | Z60: 0 | AA60: 0 | AB60: 0 | AC60: 119000 | AD60: 82110 | AE60: 0 | AF60: 5950 | AG60: 113050 | AH60: 82110 | AI60: 28127 | AJ60: 2813 | AK60: 30940 | AL60: =SUBSTITUTE(SUBSTITUTE(H60,"[워커힐]워커힐 고메 시그니처 양념 본갈비 8팩","워커힐 시그니처 양념 본갈비 300g, 8개"),"[워커힐]워커힐 시그니처 양념 본갈비 4팩","워커힐 시그니처 양념 본갈비 300g, 4개") -> 워커힐 시그니처 양념 본갈비 300g, 8개 | AM60: =IF(N60="배송완료", DATE(LEFT(M60,4), MID(M60,6,2), MID(M60,9,2)), "") -> 46060 | AN60: =IF(OR(N60="배송완료", Q60<0), Q60, 0) -> 1 | AO60: =IF(AL60="워커힐 시그니처 양념 본갈비 300g, 8개",119000,IF(AL60="워커힐 시그니처 양념 본갈비 300g, 4개",78000,"")) -> 119000 | AP60: =AO60/1.1 -> 108181.82 | AQ60: =AN60*AP60 -> 108181.82
A61: 59 | B61: 133329 | C61: 주식회사 로가온 | D61: 20260206639164 | E61: 이*희 | F61: 58481090 | G61: 방송 | H61: [워커힐]워커힐 고메 시그니처 양념 본갈비 8팩 | I61: 001 | J61: 없음 | K61: 신용카드 | L61: 과세 | M61: 2026-02-07 | N61: 배송완료 | O61: 119000 | P61: 82110 | Q61: 1 | R61: 0 | S61: 0 | T61: 0 | U61: 0 | V61: 0 | W61: 31 | X61: 17850 | Y61: 0 | Z61: 0 | AA61: 0 | AB61: 0 | AC61: 119000 | AD61: 82110 | AE61: 0 | AF61: 17850 | AG61: 101150 | AH61: 82110 | AI61: 17309 | AJ61: 1731 | AK61: 19040 | AL61: =SUBSTITUTE(SUBSTITUTE(H61,"[워커힐]워커힐 고메 시그니처 양념 본갈비 8팩","워커힐 시그니처 양념 본갈비 300g, 8개"),"[워커힐]워커힐 시그니처 양념 본갈비 4팩","워커힐 시그니처 양념 본갈비 300g, 4개") -> 워커힐 시그니처 양념 본갈비 300g, 8개 | AM61: =IF(N61="배송완료", DATE(LEFT(M61,4), MID(M61,6,2), MID(M61,9,2)), "") -> 46060 | AN61: =IF(OR(N61="배송완료", Q61<0), Q61, 0) -> 1 | AO61: =IF(AL61="워커힐 시그니처 양념 본갈비 300g, 8개",119000,IF(AL61="워커힐 시그니처 양념 본갈비 300g, 4개",78000,"")) -> 119000 | AP61: =AO61/1.1 -> 108181.82 | AQ61: =AN61*AP61 -> 108181.82
A62: 60 | B62: 133329 | C62: 주식회사 로가온 | D62: 20260205995226 | E62: 이*지 | F62: 58481090 | G62: 방송 | H62: [워커힐]워커힐 고메 시그니처 양념 본갈비 8팩 | I62: 001 | J62: 없음 | K62: 신용카드 | L62: 과세 | M62: 2026-02-07 | N62: 배송완료 | O62: 119000 | P62: 82110 | Q62: 1 | R62: 0 | S62: 0 | T62: 0 | U62: 0 | V62: 0 | W62: 31 | X62: 0 | Y62: 0 | Z62: 0 | AA62: 0 | AB62: 0 | AC62: 119000 | AD62: 82110 | AE62: 0 | AF62: 0 | AG62: 119000 | AH62: 82110 | AI62: 33536 | AJ62: 3354 | AK62: 36890 | AL62: =SUBSTITUTE(SUBSTITUTE(H62,"[워커힐]워커힐 고메 시그니처 양념 본갈비 8팩","워커힐 시그니처 양념 본갈비 300g, 8개"),"[워커힐]워커힐 시그니처 양념 본갈비 4팩","워커힐 시그니처 양념 본갈비 300g, 4개") -> 워커힐 시그니처 양념 본갈비 300g, 8개 | AM62: =IF(N62="배송완료", DATE(LEFT(M62,4), MID(M62,6,2), MID(M62,9,2)), "") -> 46060 | AN62: =IF(OR(N62="배송완료", Q62<0), Q62, 0) -> 1 | AO62: =IF(AL62="워커힐 시그니처 양념 본갈비 300g, 8개",119000,IF(AL62="워커힐 시그니처 양념 본갈비 300g, 4개",78000,"")) -> 119000 | AP62: =AO62/1.1 -> 108181.82 | AQ62: =AN62*AP62 -> 108181.82
A63: 61 | B63: 133329 | C63: 주식회사 로가온 | D63: 20260205995557 | E63: 박*직 | F63: 58481090 | G63: 방송 | H63: [워커힐]워커힐 고메 시그니처 양념 본갈비 8팩 | I63: 001 | J63: 없음 | K63: 신용카드 | L63: 과세 | M63: 2026-02-07 | N63: 배송완료 | O63: 119000 | P63: 82110 | Q63: 1 | R63: 0 | S63: 0 | T63: 0 | U63: 0 | V63: 0 | W63: 31 | X63: 0 | Y63: 0 | Z63: 0 | AA63: 0 | AB63: 0 | AC63: 119000 | AD63: 82110 | AE63: 0 | AF63: 0 | AG63: 119000 | AH63: 82110 | AI63: 33536 | AJ63: 3354 | AK63: 36890 | AL63: =SUBSTITUTE(SUBSTITUTE(H63,"[워커힐]워커힐 고메 시그니처 양념 본갈비 8팩","워커힐 시그니처 양념 본갈비 300g, 8개"),"[워커힐]워커힐 시그니처 양념 본갈비 4팩","워커힐 시그니처 양념 본갈비 300g, 4개") -> 워커힐 시그니처 양념 본갈비 300g, 8개 | AM63: =IF(N63="배송완료", DATE(LEFT(M63,4), MID(M63,6,2), MID(M63,9,2)), "") -> 46060 | AN63: =IF(OR(N63="배송완료", Q63<0), Q63, 0) -> 1 | AO63: =IF(AL63="워커힐 시그니처 양념 본갈비 300g, 8개",119000,IF(AL63="워커힐 시그니처 양념 본갈비 300g, 4개",78000,"")) -> 119000 | AP63: =AO63/1.1 -> 108181.82 | AQ63: =AN63*AP63 -> 108181.82
A64: 62 | B64: 133329 | C64: 주식회사 로가온 | D64: 20260205994274 | E64: 강*회 | F64: 58481090 | G64: 방송 | H64: [워커힐]워커힐 고메 시그니처 양념 본갈비 8팩 | I64: 001 | J64: 없음 | K64: 신용카드 | L64: 과세 | M64: 2026-02-07 | N64: 배송완료 | O64: 119000 | P64: 82110 | Q64: 1 | R64: 0 | S64: 0 | T64: 0 | U64: 0 | V64: 0 | W64: 31 | X64: 0 | Y64: 10000 | Z64: 0 | AA64: 0 | AB64: 0 | AC64: 119000 | AD64: 82110 | AE64: 0 | AF64: 10000 | AG64: 109000 | AH64: 82110 | AI64: 24445 | AJ64: 2445 | AK64: 26890 | AL64: =SUBSTITUTE(SUBSTITUTE(H64,"[워커힐]워커힐 고메 시그니처 양념 본갈비 8팩","워커힐 시그니처 양념 본갈비 300g, 8개"),"[워커힐]워커힐 시그니처 양념 본갈비 4팩","워커힐 시그니처 양념 본갈비 300g, 4개") -> 워커힐 시그니처 양념 본갈비 300g, 8개 | AM64: =IF(N64="배송완료", DATE(LEFT(M64,4), MID(M64,6,2), MID(M64,9,2)), "") -> 46060 | AN64: =IF(OR(N64="배송완료", Q64<0), Q64, 0) -> 1 | AO64: =IF(AL64="워커힐 시그니처 양념 본갈비 300g, 8개",119000,IF(AL64="워커힐 시그니처 양념 본갈비 300g, 4개",78000,"")) -> 119000 | AP64: =AO64/1.1 -> 108181.82 | AQ64: =AN64*AP64 -> 108181.82
A65: 63 | B65: 133329 | C65: 주식회사 로가온 | D65: 20260205995287 | E65: 홍*숙 | F65: 58481090 | G65: 방송 | H65: [워커힐]워커힐 고메 시그니처 양념 본갈비 8팩 | I65: 001 | J65: 없음 | K65: 신용카드 | L65: 과세 | M65: 2026-02-07 | N65: 배송완료 | O65: 119000 | P65: 82110 | Q65: 1 | R65: 0 | S65: 0 | T65: 0 | U65: 0 | V65: 0 | W65: 31 | X65: 0 | Y65: 0 | Z65: 0 | AA65: 0 | AB65: 0 | AC65: 119000 | AD65: 82110 | AE65: 0 | AF65: 0 | AG65: 119000 | AH65: 82110 | AI65: 33536 | AJ65: 3354 | AK65: 36890 | AL65: =SUBSTITUTE(SUBSTITUTE(H65,"[워커힐]워커힐 고메 시그니처 양념 본갈비 8팩","워커힐 시그니처 양념 본갈비 300g, 8개"),"[워커힐]워커힐 시그니처 양념 본갈비 4팩","워커힐 시그니처 양념 본갈비 300g, 4개") -> 워커힐 시그니처 양념 본갈비 300g, 8개 | AM65: =IF(N65="배송완료", DATE(LEFT(M65,4), MID(M65,6,2), MID(M65,9,2)), "") -> 46060 | AN65: =IF(OR(N65="배송완료", Q65<0), Q65, 0) -> 1 | AO65: =IF(AL65="워커힐 시그니처 양념 본갈비 300g, 8개",119000,IF(AL65="워커힐 시그니처 양념 본갈비 300g, 4개",78000,"")) -> 119000 | AP65: =AO65/1.1 -> 108181.82 | AQ65: =AN65*AP65 -> 108181.82
A66: 64 | B66: 133329 | C66: 주식회사 로가온 | D66: 20260205994705 | E66: 박*숙 | F66: 58481090 | G66: 방송 | H66: [워커힐]워커힐 고메 시그니처 양념 본갈비 8팩 | I66: 001 | J66: 없음 | K66: 신용카드 | L66: 과세 | M66: 2026-02-07 | N66: 배송완료 | O66: 119000 | P66: 82110 | Q66: 1 | R66: 0 | S66: 0 | T66: 0 | U66: 0 | V66: 0 | W66: 31 | X66: 0 | Y66: 0 | Z66: 0 | AA66: 0 | AB66: 0 | AC66: 119000 | AD66: 82110 | AE66: 0 | AF66: 0 | AG66: 119000 | AH66: 82110 | AI66: 33536 | AJ66: 3354 | AK66: 36890 | AL66: =SUBSTITUTE(SUBSTITUTE(H66,"[워커힐]워커힐 고메 시그니처 양념 본갈비 8팩","워커힐 시그니처 양념 본갈비 300g, 8개"),"[워커힐]워커힐 시그니처 양념 본갈비 4팩","워커힐 시그니처 양념 본갈비 300g, 4개") -> 워커힐 시그니처 양념 본갈비 300g, 8개 | AM66: =IF(N66="배송완료", DATE(LEFT(M66,4), MID(M66,6,2), MID(M66,9,2)), "") -> 46060 | AN66: =IF(OR(N66="배송완료", Q66<0), Q66, 0) -> 1 | AO66: =IF(AL66="워커힐 시그니처 양념 본갈비 300g, 8개",119000,IF(AL66="워커힐 시그니처 양념 본갈비 300g, 4개",78000,"")) -> 119000 | AP66: =AO66/1.1 -> 108181.82 | AQ66: =AN66*AP66 -> 108181.82
A67: 65 | B67: 133329 | C67: 주식회사 로가온 | D67: 20260205994879 | E67: 우*화 | F67: 58481090 | G67: 방송 | H67: [워커힐]워커힐 고메 시그니처 양념 본갈비 8팩 | I67: 001 | J67: 없음 | K67: 신용카드 | L67: 과세 | M67: 2026-02-07 | N67: 배송완료 | O67: 119000 | P67: 82110 | Q67: 1 | R67: 0 | S67: 0 | T67: 0 | U67: 0 | V67: 0 | W67: 31 | X67: 0 | Y67: 0 | Z67: 0 | AA67: 0 | AB67: 0 | AC67: 119000 | AD67: 82110 | AE67: 0 | AF67: 0 | AG67: 119000 | AH67: 82110 | AI67: 33536 | AJ67: 3354 | AK67: 36890 | AL67: =SUBSTITUTE(SUBSTITUTE(H67,"[워커힐]워커힐 고메 시그니처 양념 본갈비 8팩","워커힐 시그니처 양념 본갈비 300g, 8개"),"[워커힐]워커힐 시그니처 양념 본갈비 4팩","워커힐 시그니처 양념 본갈비 300g, 4개") -> 워커힐 시그니처 양념 본갈비 300g, 8개 | AM67: =IF(N67="배송완료", DATE(LEFT(M67,4), MID(M67,6,2), MID(M67,9,2)), "") -> 46060 | AN67: =IF(OR(N67="배송완료", Q67<0), Q67, 0) -> 1 | AO67: =IF(AL67="워커힐 시그니처 양념 본갈비 300g, 8개",119000,IF(AL67="워커힐 시그니처 양념 본갈비 300g, 4개",78000,"")) -> 119000 | AP67: =AO67/1.1 -> 108181.82 | AQ67: =AN67*AP67 -> 108181.82
A68: 66 | B68: 133329 | C68: 주식회사 로가온 | D68: 20260205993741 | E68: 고*진 | F68: 58481090 | G68: 방송 | H68: [워커힐]워커힐 고메 시그니처 양념 본갈비 8팩 | I68: 001 | J68: 없음 | L68: 과세 | M68: 2026-02-07 | N68: 배송완료 | O68: 119000 | P68: 82110 | Q68: 1 | R68: 0 | S68: 0 | T68: 0 | U68: 0 | V68: 0 | W68: 31 | X68: 0 | Y68: 0 | Z68: 0 | AA68: 0 | AB68: 0 | AC68: 119000 | AD68: 82110 | AE68: 0 | AF68: 0 | AG68: 119000 | AH68: 82110 | AI68: 33536 | AJ68: 3354 | AK68: 36890 | AL68: =SUBSTITUTE(SUBSTITUTE(H68,"[워커힐]워커힐 고메 시그니처 양념 본갈비 8팩","워커힐 시그니처 양념 본갈비 300g, 8개"),"[워커힐]워커힐 시그니처 양념 본갈비 4팩","워커힐 시그니처 양념 본갈비 300g, 4개") -> 워커힐 시그니처 양념 본갈비 300g, 8개 | AM68: =IF(N68="배송완료", DATE(LEFT(M68,4), MID(M68,6,2), MID(M68,9,2)), "") -> 46060 | AN68: =IF(OR(N68="배송완료", Q68<0), Q68, 0) -> 1 | AO68: =IF(AL68="워커힐 시그니처 양념 본갈비 300g, 8개",119000,IF(AL68="워커힐 시그니처 양념 본갈비 300g, 4개",78000,"")) -> 119000 | AP68: =AO68/1.1 -> 108181.82 | AQ68: =AN68*AP68 -> 108181.82
A69: 67 | B69: 133329 | C69: 주식회사 로가온 | D69: 20260205995017 | E69: 장*희 | F69: 58481090 | G69: 방송 | H69: [워커힐]워커힐 고메 시그니처 양념 본갈비 8팩 | I69: 001 | J69: 없음 | K69: 신용카드 | L69: 과세 | M69: 2026-02-07 | N69: 배송완료 | O69: 119000 | P69: 82110 | Q69: 1 | R69: 0 | S69: 0 | T69: 0 | U69: 0 | V69: 0 | W69: 31 | X69: 0 | Y69: 0 | Z69: 0 | AA69: 0 | AB69: 0 | AC69: 119000 | AD69: 82110 | AE69: 0 | AF69: 0 | AG69: 119000 | AH69: 82110 | AI69: 33536 | AJ69: 3354 | AK69: 36890 | AL69: =SUBSTITUTE(SUBSTITUTE(H69,"[워커힐]워커힐 고메 시그니처 양념 본갈비 8팩","워커힐 시그니처 양념 본갈비 300g, 8개"),"[워커힐]워커힐 시그니처 양념 본갈비 4팩","워커힐 시그니처 양념 본갈비 300g, 4개") -> 워커힐 시그니처 양념 본갈비 300g, 8개 | AM69: =IF(N69="배송완료", DATE(LEFT(M69,4), MID(M69,6,2), MID(M69,9,2)), "") -> 46060 | AN69: =IF(OR(N69="배송완료", Q69<0), Q69, 0) -> 1 | AO69: =IF(AL69="워커힐 시그니처 양념 본갈비 300g, 8개",119000,IF(AL69="워커힐 시그니처 양념 본갈비 300g, 4개",78000,"")) -> 119000 | AP69: =AO69/1.1 -> 108181.82 | AQ69: =AN69*AP69 -> 108181.82
A70: 68 | B70: 133329 | C70: 주식회사 로가온 | D70: 20260205992788 | E70: 윤*식 | F70: 58481090 | G70: 방송 | H70: [워커힐]워커힐 고메 시그니처 양념 본갈비 8팩 | I70: 001 | J70: 없음 | K70: 신용카드 | L70: 과세 | M70: 2026-02-07 | N70: 배송완료 | O70: 119000 | P70: 82110 | Q70: 1 | R70: 0 | S70: 0 | T70: 0 | U70: 0 | V70: 0 | W70: 31 | X70: 0 | Y70: 0 | Z70: 0 | AA70: 0 | AB70: 0 | AC70: 119000 | AD70: 82110 | AE70: 0 | AF70: 0 | AG70: 119000 | AH70: 82110 | AI70: 33536 | AJ70: 3354 | AK70: 36890 | AL70: =SUBSTITUTE(SUBSTITUTE(H70,"[워커힐]워커힐 고메 시그니처 양념 본갈비 8팩","워커힐 시그니처 양념 본갈비 300g, 8개"),"[워커힐]워커힐 시그니처 양념 본갈비 4팩","워커힐 시그니처 양념 본갈비 300g, 4개") -> 워커힐 시그니처 양념 본갈비 300g, 8개 | AM70: =IF(N70="배송완료", DATE(LEFT(M70,4), MID(M70,6,2), MID(M70,9,2)), "") -> 46060 | AN70: =IF(OR(N70="배송완료", Q70<0), Q70, 0) -> 1 | AO70: =IF(AL70="워커힐 시그니처 양념 본갈비 300g, 8개",119000,IF(AL70="워커힐 시그니처 양념 본갈비 300g, 4개",78000,"")) -> 119000 | AP70: =AO70/1.1 -> 108181.82 | AQ70: =AN70*AP70 -> 108181.82
A71: 69 | B71: 133329 | C71: 주식회사 로가온 | D71: 20260205992861 | E71: 김*영 | F71: 58481090 | G71: 방송 | H71: [워커힐]워커힐 고메 시그니처 양념 본갈비 8팩 | I71: 001 | J71: 없음 | K71: 신용카드 | L71: 과세 | M71: 2026-02-07 | N71: 배송완료 | O71: 119000 | P71: 82110 | Q71: 1 | R71: 0 | S71: 0 | T71: 0 | U71: 0 | V71: 0 | W71: 31 | X71: 0 | Y71: 0 | Z71: 0 | AA71: 0 | AB71: 0 | AC71: 119000 | AD71: 82110 | AE71: 0 | AF71: 0 | AG71: 119000 | AH71: 82110 | AI71: 33536 | AJ71: 3354 | AK71: 36890 | AL71: =SUBSTITUTE(SUBSTITUTE(H71,"[워커힐]워커힐 고메 시그니처 양념 본갈비 8팩","워커힐 시그니처 양념 본갈비 300g, 8개"),"[워커힐]워커힐 시그니처 양념 본갈비 4팩","워커힐 시그니처 양념 본갈비 300g, 4개") -> 워커힐 시그니처 양념 본갈비 300g, 8개 | AM71: =IF(N71="배송완료", DATE(LEFT(M71,4), MID(M71,6,2), MID(M71,9,2)), "") -> 46060 | AN71: =IF(OR(N71="배송완료", Q71<0), Q71, 0) -> 1 | AO71: =IF(AL71="워커힐 시그니처 양념 본갈비 300g, 8개",119000,IF(AL71="워커힐 시그니처 양념 본갈비 300g, 4개",78000,"")) -> 119000 | AP71: =AO71/1.1 -> 108181.82 | AQ71: =AN71*AP71 -> 108181.82
A72: 70 | B72: 133329 | C72: 주식회사 로가온 | D72: 20260205993182 | E72: 반*희 | F72: 58481090 | G72: 방송 | H72: [워커힐]워커힐 고메 시그니처 양념 본갈비 8팩 | I72: 001 | J72: 없음 | K72: 신용카드 | L72: 과세 | M72: 2026-02-07 | N72: 배송완료 | O72: 119000 | P72: 82110 | Q72: 1 | R72: 0 | S72: 0 | T72: 0 | U72: 0 | V72: 0 | W72: 31 | X72: 0 | Y72: 0 | Z72: 0 | AA72: 0 | AB72: 0 | AC72: 119000 | AD72: 82110 | AE72: 0 | AF72: 0 | AG72: 119000 | AH72: 82110 | AI72: 33536 | AJ72: 3354 | AK72: 36890 | AL72: =SUBSTITUTE(SUBSTITUTE(H72,"[워커힐]워커힐 고메 시그니처 양념 본갈비 8팩","워커힐 시그니처 양념 본갈비 300g, 8개"),"[워커힐]워커힐 시그니처 양념 본갈비 4팩","워커힐 시그니처 양념 본갈비 300g, 4개") -> 워커힐 시그니처 양념 본갈비 300g, 8개 | AM72: =IF(N72="배송완료", DATE(LEFT(M72,4), MID(M72,6,2), MID(M72,9,2)), "") -> 46060 | AN72: =IF(OR(N72="배송완료", Q72<0), Q72, 0) -> 1 | AO72: =IF(AL72="워커힐 시그니처 양념 본갈비 300g, 8개",119000,IF(AL72="워커힐 시그니처 양념 본갈비 300g, 4개",78000,"")) -> 119000 | AP72: =AO72/1.1 -> 108181.82 | AQ72: =AN72*AP72 -> 108181.82
A73: 71 | B73: 133329 | C73: 주식회사 로가온 | D73: 20260205993222 | E73: 권*태 | F73: 58481090 | G73: 방송 | H73: [워커힐]워커힐 고메 시그니처 양념 본갈비 8팩 | I73: 001 | J73: 없음 | K73: 신용카드 | L73: 과세 | M73: 2026-02-07 | N73: 배송완료 | O73: 119000 | P73: 82110 | Q73: 1 | R73: 0 | S73: 0 | T73: 0 | U73: 0 | V73: 0 | W73: 31 | X73: 0 | Y73: 0 | Z73: 0 | AA73: 0 | AB73: 0 | AC73: 119000 | AD73: 82110 | AE73: 0 | AF73: 0 | AG73: 119000 | AH73: 82110 | AI73: 33536 | AJ73: 3354 | AK73: 36890 | AL73: =SUBSTITUTE(SUBSTITUTE(H73,"[워커힐]워커힐 고메 시그니처 양념 본갈비 8팩","워커힐 시그니처 양념 본갈비 300g, 8개"),"[워커힐]워커힐 시그니처 양념 본갈비 4팩","워커힐 시그니처 양념 본갈비 300g, 4개") -> 워커힐 시그니처 양념 본갈비 300g, 8개 | AM73: =IF(N73="배송완료", DATE(LEFT(M73,4), MID(M73,6,2), MID(M73,9,2)), "") -> 46060 | AN73: =IF(OR(N73="배송완료", Q73<0), Q73, 0) -> 1 | AO73: =IF(AL73="워커힐 시그니처 양념 본갈비 300g, 8개",119000,IF(AL73="워커힐 시그니처 양념 본갈비 300g, 4개",78000,"")) -> 119000 | AP73: =AO73/1.1 -> 108181.82 | AQ73: =AN73*AP73 -> 108181.82
A74: 72 | B74: 133329 | C74: 주식회사 로가온 | D74: 20260205992690 | E74: 김*순 | F74: 58481090 | G74: 방송 | H74: [워커힐]워커힐 고메 시그니처 양념 본갈비 8팩 | I74: 001 | J74: 없음 | K74: 무통장입금 | L74: 과세 | M74: 2026-02-07 | N74: 배송완료 | O74: 119000 | P74: 82110 | Q74: 1 | R74: 0 | S74: 0 | T74: 0 | U74: 0 | V74: 0 | W74: 31 | X74: 0 | Y74: 0 | Z74: 0 | AA74: 0 | AB74: 0 | AC74: 119000 | AD74: 82110 | AE74: 0 | AF74: 0 | AG74: 119000 | AH74: 82110 | AI74: 33536 | AJ74: 3354 | AK74: 36890 | AL74: =SUBSTITUTE(SUBSTITUTE(H74,"[워커힐]워커힐 고메 시그니처 양념 본갈비 8팩","워커힐 시그니처 양념 본갈비 300g, 8개"),"[워커힐]워커힐 시그니처 양념 본갈비 4팩","워커힐 시그니처 양념 본갈비 300g, 4개") -> 워커힐 시그니처 양념 본갈비 300g, 8개 | AM74: =IF(N74="배송완료", DATE(LEFT(M74,4), MID(M74,6,2), MID(M74,9,2)), "") -> 46060 | AN74: =IF(OR(N74="배송완료", Q74<0), Q74, 0) -> 1 | AO74: =IF(AL74="워커힐 시그니처 양념 본갈비 300g, 8개",119000,IF(AL74="워커힐 시그니처 양념 본갈비 300g, 4개",78000,"")) -> 119000 | AP74: =AO74/1.1 -> 108181.82 | AQ74: =AN74*AP74 -> 108181.82
A75: 73 | B75: 133329 | C75: 주식회사 로가온 | D75: 20260205992509 | E75: 문*현 | F75: 58481090 | G75: 방송 | H75: [워커힐]워커힐 고메 시그니처 양념 본갈비 8팩 | I75: 001 | J75: 없음 | K75: 신용카드 | L75: 과세 | M75: 2026-02-07 | N75: 배송완료 | O75: 119000 | P75: 82110 | Q75: 1 | R75: 0 | S75: 0 | T75: 0 | U75: 0 | V75: 0 | W75: 31 | X75: 0 | Y75: 0 | Z75: 0 | AA75: 0 | AB75: 0 | AC75: 119000 | AD75: 82110 | AE75: 0 | AF75: 0 | AG75: 119000 | AH75: 82110 | AI75: 33536 | AJ75: 3354 | AK75: 36890 | AL75: =SUBSTITUTE(SUBSTITUTE(H75,"[워커힐]워커힐 고메 시그니처 양념 본갈비 8팩","워커힐 시그니처 양념 본갈비 300g, 8개"),"[워커힐]워커힐 시그니처 양념 본갈비 4팩","워커힐 시그니처 양념 본갈비 300g, 4개") -> 워커힐 시그니처 양념 본갈비 300g, 8개 | AM75: =IF(N75="배송완료", DATE(LEFT(M75,4), MID(M75,6,2), MID(M75,9,2)), "") -> 46060 | AN75: =IF(OR(N75="배송완료", Q75<0), Q75, 0) -> 1 | AO75: =IF(AL75="워커힐 시그니처 양념 본갈비 300g, 8개",119000,IF(AL75="워커힐 시그니처 양념 본갈비 300g, 4개",78000,"")) -> 119000 | AP75: =AO75/1.1 -> 108181.82 | AQ75: =AN75*AP75 -> 108181.82
A76: 74 | B76: 133329 | C76: 주식회사 로가온 | D76: 20260205994440 | E76: 박*연 | F76: 58481090 | G76: 방송 | H76: [워커힐]워커힐 고메 시그니처 양념 본갈비 8팩 | I76: 001 | J76: 없음 | K76: 신용카드 | L76: 과세 | M76: 2026-02-07 | N76: 배송완료 | O76: 119000 | P76: 82110 | Q76: 1 | R76: 0 | S76: 0 | T76: 0 | U76: 0 | V76: 0 | W76: 31 | X76: 0 | Y76: 10000 | Z76: 0 | AA76: 0 | AB76: 0 | AC76: 119000 | AD76: 82110 | AE76: 0 | AF76: 10000 | AG76: 109000 | AH76: 82110 | AI76: 24445 | AJ76: 2445 | AK76: 26890 | AL76: =SUBSTITUTE(SUBSTITUTE(H76,"[워커힐]워커힐 고메 시그니처 양념 본갈비 8팩","워커힐 시그니처 양념 본갈비 300g, 8개"),"[워커힐]워커힐 시그니처 양념 본갈비 4팩","워커힐 시그니처 양념 본갈비 300g, 4개") -> 워커힐 시그니처 양념 본갈비 300g, 8개 | AM76: =IF(N76="배송완료", DATE(LEFT(M76,4), MID(M76,6,2), MID(M76,9,2)), "") -> 46060 | AN76: =IF(OR(N76="배송완료", Q76<0), Q76, 0) -> 1 | AO76: =IF(AL76="워커힐 시그니처 양념 본갈비 300g, 8개",119000,IF(AL76="워커힐 시그니처 양념 본갈비 300g, 4개",78000,"")) -> 119000 | AP76: =AO76/1.1 -> 108181.82 | AQ76: =AN76*AP76 -> 108181.82
A77: 75 | B77: 133329 | C77: 주식회사 로가온 | D77: 20260205993758 | E77: 박*상 | F77: 58481090 | G77: 방송 | H77: [워커힐]워커힐 고메 시그니처 양념 본갈비 8팩 | I77: 001 | J77: 없음 | K77: 신용카드 | L77: 과세 | M77: 2026-02-07 | N77: 배송완료 | O77: 119000 | P77: 82110 | Q77: 1 | R77: 0 | S77: 0 | T77: 0 | U77: 0 | V77: 0 | W77: 31 | X77: 0 | Y77: 0 | Z77: 0 | AA77: 0 | AB77: 0 | AC77: 119000 | AD77: 82110 | AE77: 0 | AF77: 0 | AG77: 119000 | AH77: 82110 | AI77: 33536 | AJ77: 3354 | AK77: 36890 | AL77: =SUBSTITUTE(SUBSTITUTE(H77,"[워커힐]워커힐 고메 시그니처 양념 본갈비 8팩","워커힐 시그니처 양념 본갈비 300g, 8개"),"[워커힐]워커힐 시그니처 양념 본갈비 4팩","워커힐 시그니처 양념 본갈비 300g, 4개") -> 워커힐 시그니처 양념 본갈비 300g, 8개 | AM77: =IF(N77="배송완료", DATE(LEFT(M77,4), MID(M77,6,2), MID(M77,9,2)), "") -> 46060 | AN77: =IF(OR(N77="배송완료", Q77<0), Q77, 0) -> 1 | AO77: =IF(AL77="워커힐 시그니처 양념 본갈비 300g, 8개",119000,IF(AL77="워커힐 시그니처 양념 본갈비 300g, 4개",78000,"")) -> 119000 | AP77: =AO77/1.1 -> 108181.82 | AQ77: =AN77*AP77 -> 108181.82
A78: 76 | B78: 133329 | C78: 주식회사 로가온 | D78: 20260205994136 | E78: 김*이 | F78: 58481090 | G78: 방송 | H78: [워커힐]워커힐 고메 시그니처 양념 본갈비 8팩 | I78: 001 | J78: 없음 | K78: 신용카드 | L78: 과세 | M78: 2026-02-07 | N78: 배송완료 | O78: 119000 | P78: 82110 | Q78: 1 | R78: 0 | S78: 0 | T78: 0 | U78: 0 | V78: 0 | W78: 31 | X78: 0 | Y78: 0 | Z78: 0 | AA78: 0 | AB78: 0 | AC78: 119000 | AD78: 82110 | AE78: 0 | AF78: 0 | AG78: 119000 | AH78: 82110 | AI78: 33536 | AJ78: 3354 | AK78: 36890 | AL78: =SUBSTITUTE(SUBSTITUTE(H78,"[워커힐]워커힐 고메 시그니처 양념 본갈비 8팩","워커힐 시그니처 양념 본갈비 300g, 8개"),"[워커힐]워커힐 시그니처 양념 본갈비 4팩","워커힐 시그니처 양념 본갈비 300g, 4개") -> 워커힐 시그니처 양념 본갈비 300g, 8개 | AM78: =IF(N78="배송완료", DATE(LEFT(M78,4), MID(M78,6,2), MID(M78,9,2)), "") -> 46060 | AN78: =IF(OR(N78="배송완료", Q78<0), Q78, 0) -> 1 | AO78: =IF(AL78="워커힐 시그니처 양념 본갈비 300g, 8개",119000,IF(AL78="워커힐 시그니처 양념 본갈비 300g, 4개",78000,"")) -> 119000 | AP78: =AO78/1.1 -> 108181.82 | AQ78: =AN78*AP78 -> 108181.82
A79: 77 | B79: 133329 | C79: 주식회사 로가온 | D79: 20260205992743 | E79: 김*주 | F79: 58481090 | G79: 방송 | H79: [워커힐]워커힐 고메 시그니처 양념 본갈비 8팩 | I79: 001 | J79: 없음 | K79: 신용카드 | L79: 과세 | M79: 2026-02-07 | N79: 배송완료 | O79: 119000 | P79: 82110 | Q79: 1 | R79: 0 | S79: 0 | T79: 0 | U79: 0 | V79: 0 | W79: 31 | X79: 0 | Y79: 0 | Z79: 0 | AA79: 0 | AB79: 0 | AC79: 119000 | AD79: 82110 | AE79: 0 | AF79: 0 | AG79: 119000 | AH79: 82110 | AI79: 33536 | AJ79: 3354 | AK79: 36890 | AL79: =SUBSTITUTE(SUBSTITUTE(H79,"[워커힐]워커힐 고메 시그니처 양념 본갈비 8팩","워커힐 시그니처 양념 본갈비 300g, 8개"),"[워커힐]워커힐 시그니처 양념 본갈비 4팩","워커힐 시그니처 양념 본갈비 300g, 4개") -> 워커힐 시그니처 양념 본갈비 300g, 8개 | AM79: =IF(N79="배송완료", DATE(LEFT(M79,4), MID(M79,6,2), MID(M79,9,2)), "") -> 46060 | AN79: =IF(OR(N79="배송완료", Q79<0), Q79, 0) -> 1 | AO79: =IF(AL79="워커힐 시그니처 양념 본갈비 300g, 8개",119000,IF(AL79="워커힐 시그니처 양념 본갈비 300g, 4개",78000,"")) -> 119000 | AP79: =AO79/1.1 -> 108181.82 | AQ79: =AN79*AP79 -> 108181.82
A80: 78 | B80: 133329 | C80: 주식회사 로가온 | D80: 20260205995534 | E80: 황*하 | F80: 58481090 | G80: 방송 | H80: [워커힐]워커힐 고메 시그니처 양념 본갈비 8팩 | I80: 001 | J80: 없음 | K80: 무통장입금 | L80: 과세 | M80: 2026-02-07 | N80: 배송완료 | O80: 119000 | P80: 82110 | Q80: 1 | R80: 0 | S80: 0 | T80: 0 | U80: 0 | V80: 0 | W80: 31 | X80: 0 | Y80: 0 | Z80: 0 | AA80: 0 | AB80: 0 | AC80: 119000 | AD80: 82110 | AE80: 0 | AF80: 0 | AG80: 119000 | AH80: 82110 | AI80: 33536 | AJ80: 3354 | AK80: 36890 | AL80: =SUBSTITUTE(SUBSTITUTE(H80,"[워커힐]워커힐 고메 시그니처 양념 본갈비 8팩","워커힐 시그니처 양념 본갈비 300g, 8개"),"[워커힐]워커힐 시그니처 양념 본갈비 4팩","워커힐 시그니처 양념 본갈비 300g, 4개") -> 워커힐 시그니처 양념 본갈비 300g, 8개 | AM80: =IF(N80="배송완료", DATE(LEFT(M80,4), MID(M80,6,2), MID(M80,9,2)), "") -> 46060 | AN80: =IF(OR(N80="배송완료", Q80<0), Q80, 0) -> 1 | AO80: =IF(AL80="워커힐 시그니처 양념 본갈비 300g, 8개",119000,IF(AL80="워커힐 시그니처 양념 본갈비 300g, 4개",78000,"")) -> 119000 | AP80: =AO80/1.1 -> 108181.82 | AQ80: =AN80*AP80 -> 108181.82
... A104: 102 | B104: 133329 | C104: 주식회사 로가온 | D104: 20260205992669 | E104: 정*숙 | F104: 58481090 | G104: 방송 | H104: [워커힐]워커힐 고메 시그니처 양념 본갈비 8팩 | I104: 001 | J104: 없음 | K104: 신용카드 | L104: 과세 | M104: 2026-02-07 | N104: 배송완료 | O104: 119000 | P104: 82110 | Q104: 1 | R104: 0 | S104: 0 | T104: 0 | U104: 0 | V104: 0 | W104: 31 | X104: 0 | Y104: 0 | Z104: 0 | AA104: 0 | AB104: 0 | AC104: 119000 | AD104: 82110 | AE104: 0 | AF104: 0 | AG104: 119000 | AH104: 82110 | AI104: 33536 | AJ104: 3354 | AK104: 36890 | AL104: =SUBSTITUTE(SUBSTITUTE(H104,"[워커힐]워커힐 고메 시그니처 양념 본갈비 8팩","워커힐 시그니처 양념 본갈비 300g, 8개"),"[워커힐]워커힐 시그니처 양념 본갈비 4팩","워커힐 시그니처 양념 본갈비 300g, 4개") -> 워커힐 시그니처 양념 본갈비 300g, 8개 | AM104: =IF(N104="배송완료", DATE(LEFT(M104,4), MID(M104,6,2), MID(M104,9,2)), "") -> 46060 | AN104: =IF(OR(N104="배송완료", Q104<0), Q104, 0) -> 1 | AO104: =IF(AL104="워커힐 시그니처 양념 본갈비 300g, 8개",119000,IF(AL104="워커힐 시그니처 양념 본갈비 300g, 4개",78000,"")) -> 119000 | AP104: =AO104/1.1 -> 108181.82 | AQ104: =AN104*AP104 -> 108181.82
A105: 103 | B105: 133329 | C105: 주식회사 로가온 | D105: 20260205002208 | E105: 정*순 | F105: 58481090 | G105: 방송 | H105: [워커힐]워커힐 고메 시그니처 양념 본갈비 8팩 | I105: 001 | J105: 없음 | L105: 과세 | M105: 2026-02-07 | N105: 배송완료 | O105: 119000 | P105: 82110 | Q105: 1 | R105: 0 | S105: 0 | T105: 0 | U105: 0 | V105: 0 | W105: 31 | X105: 0 | Y105: 0 | Z105: 0 | AA105: 0 | AB105: 0 | AC105: 119000 | AD105: 82110 | AE105: 0 | AF105: 0 | AG105: 119000 | AH105: 82110 | AI105: 33536 | AJ105: 3354 | AK105: 36890 | AL105: =SUBSTITUTE(SUBSTITUTE(H105,"[워커힐]워커힐 고메 시그니처 양념 본갈비 8팩","워커힐 시그니처 양념 본갈비 300g, 8개"),"[워커힐]워커힐 시그니처 양념 본갈비 4팩","워커힐 시그니처 양념 본갈비 300g, 4개") -> 워커힐 시그니처 양념 본갈비 300g, 8개 | AM105: =IF(N105="배송완료", DATE(LEFT(M105,4), MID(M105,6,2), MID(M105,9,2)), "") -> 46060 | AN105: =IF(OR(N105="배송완료", Q105<0), Q105, 0) -> 1 | AO105: =IF(AL105="워커힐 시그니처 양념 본갈비 300g, 8개",119000,IF(AL105="워커힐 시그니처 양념 본갈비 300g, 4개",78000,"")) -> 119000 | AP105: =AO105/1.1 -> 108181.82 | AQ105: =AN105*AP105 -> 108181.82
A106: 104 | B106: 133329 | C106: 주식회사 로가온 | D106: 20260205002373 | E106: 정*순 | F106: 58481090 | G106: 방송 | H106: [워커힐]워커힐 고메 시그니처 양념 본갈비 8팩 | I106: 001 | J106: 없음 | L106: 과세 | M106: 2026-02-07 | N106: 배송완료 | O106: 119000 | P106: 82110 | Q106: 1 | R106: 0 | S106: 0 | T106: 0 | U106: 0 | V106: 0 | W106: 31 | X106: 0 | Y106: 0 | Z106: 0 | AA106: 0 | AB106: 0 | AC106: 119000 | AD106: 82110 | AE106: 0 | AF106: 0 | AG106: 119000 | AH106: 82110 | AI106: 33536 | AJ106: 3354 | AK106: 36890 | AL106: =SUBSTITUTE(SUBSTITUTE(H106,"[워커힐]워커힐 고메 시그니처 양념 본갈비 8팩","워커힐 시그니처 양념 본갈비 300g, 8개"),"[워커힐]워커힐 시그니처 양념 본갈비 4팩","워커힐 시그니처 양념 본갈비 300g, 4개") -> 워커힐 시그니처 양념 본갈비 300g, 8개 | AM106: =IF(N106="배송완료", DATE(LEFT(M106,4), MID(M106,6,2), MID(M106,9,2)), "") -> 46060 | AN106: =IF(OR(N106="배송완료", Q106<0), Q106, 0) -> 1 | AO106: =IF(AL106="워커힐 시그니처 양념 본갈비 300g, 8개",119000,IF(AL106="워커힐 시그니처 양념 본갈비 300g, 4개",78000,"")) -> 119000 | AP106: =AO106/1.1 -> 108181.82 | AQ106: =AN106*AP106 -> 108181.82
